Return,Volatility,Sharpe Ratio,HDFC Bank,ITC,Reliance,Sun Pharma,TCS
0.11737496353257013,0.14051539454035478,0.40831799049671064,0.13319702814025883,0.33810081711389406,0.26031768763785473,0.2128998389048247,0.05548462820316767
0.10462150667484893,0.15030584754680373,0.29687139524597833,0.06528491964469331,0.02430844330237927,0.3625014516740258,0.2515713061862386,0.29633387919266296
0.10500640909167418,0.15412805752656064,0.2920065938281114,0.00928441856775223,0.4374675865753444,0.37546445396096845,0.09577331138241256,0.0820102295135221
0.1138066581259643,0.13954606552959173,0.38558348400409914,0.10567348701744264,0.17529742718559654,0.302352663027335,0.2488768479913802,0.1677995747782457
0.08622176409082041,0.14107745634752328,0.1858678542248948,0.3279089323822976,0.07475862795590853,0.15656841804409793,0.1963434706875973,0.24442055093009857
0.11354643499768845,0.14684850321529305,0.3646372542128304,0.36725660964283413,0.09339500936827015,0.2405269719138019,0.2770947873611645,0.021726621713929275
0.10770666673459454,0.14400725848249313,0.3312795982460441,0.22031347889007807,0.061837019615341784,0.023589604476236033,0.34409356465862545,0.3501663323597186
0.10565061772017262,0.1386418353714881,0.3292701484934376,0.3461985209559911,0.13045173465296678,0.04182836755518854,0.29302478826739564,0.188496588568458
0.1593744770111517,0.1451511242309817,0.6846276771030395,0.06706488061151515,0.27211947469110814,0.018897864803862807,0.4997078520563142,0.14220992783719966
0.10854618029398995,0.14036658548745048,0.3458528261936687,0.29764696063513457,0.14004035273287288,0.2336474855001212,0.24561687483944106,0.0830483262924303
0.10341150686012784,0.13664161301073965,0.31770341335707025,0.23212776908492264,0.1855741601907954,0.22492497005212214,0.21423016683942422,0.14314293383273552
0.048068832260702576,0.16322145750912626,-0.07309803454383632,0.5846090523382351,0.056117760751079805,0.12428306500020381,0.02868100821708529,0.20630911369339588
0.09853027396990705,0.14669964146500872,0.26264736290509216,0.18278209456719455,0.1276064892446817,0.38972788425638843,0.16776930895284434,0.13211422297889105
0.054984511167675304,0.1552276377536024,-0.03231054021633656,0.21305134783613078,0.05532395940451328,0.31492607609236467,0.029267053164625165,0.3874315635023662
0.10527542614613433,0.1419756325034364,0.31889575237524287,0.30904608415860246,0.07952440169323101,0.0022099064197855403,0.3263410401288654,0.2828785675995157
0.09983683263743753,0.1422628309422584,0.28002277456158947,0.3558463833727026,0.3764760835045363,0.0361430211975446,0.17497596547414,0.05655854645107635
0.06677115259648654,0.14652184689535455,0.046212580171218286,0.3937802611526303,0.2843720599406806,0.150968130510175,0.028997711078102298,0.1418818373184117
0.12241691717204017,0.13578515960026646,0.4596740715685522,0.10655548342995214,0.2390760342865853,0.2089136802933724,0.29072026849722094,0.15473453349286925
0.1023032913368126,0.13985386230863517,0.30248210981442886,0.0408747855899243,0.2437719935615583,0.26002025012372776,0.19183268331322972,0.2635002874115598
0.07518468035022473,0.15013985163664872,0.10113690792084272,0.31304796373723753,0.33139308860073646,0.27104503603657604,0.016114776895146062,0.06839913473030401
0.09899130834314004,0.14243673008554109,0.27374475895173683,0.013104597673915286,0.2653553444950673,0.13107271373349536,0.21205176497052794,0.3784155791269941
0.10316448739366907,0.15209443529329655,0.2838005697606973,0.1448527581143432,0.23845548049248316,0.43901756058763514,0.13294455842492925,0.04472964238060938
0.1139303495900454,0.14489403154634656,0.37220545949675615,0.10266884510580684,0.05712621352675763,0.3294236605329422,0.2863446765909299,0.22443660424356343
0.11015838041914343,0.134237111190595,0.373655094141043,0.2645917964283781,0.24400993109769578,0.056646172639626784,0.270997669301266,0.1637544305330334
0.07720352175393207,0.14561843774462788,0.11814109545730749,0.34220496749020374,0.3797766214590434,0.134774531732828,0.046641617975484315,0.09660226134244049
0.07161387224421285,0.1483079791160971,0.07830915311118486,0.16279749579307415,0.31179659786179087,0.3280782679176614,0.0026498918330304703,0.19467774659444295
0.0726005517444532,0.14774325020304996,0.08528681836317885,0.20462235895562697,0.10888123163535986,0.05876015254959307,0.1655050112974502,0.4622312455619699
0.0815667926495651,0.1420858533470999,0.15178705086761754,0.11220671325846668,0.180109104119765,0.24406785620048557,0.12624168435403774,0.33737464206724493
0.08021126849896744,0.14733787253404543,0.13717632914984038,0.4189659556759253,0.10960414221861062,0.21645880930254968,0.13097628231385086,0.12399481048906336
0.08625425819130965,0.15152420642030506,0.1732677491706133,0.024936156637285142,0.41207507811722593,0.33981892676115033,0.034800445597291466,0.18836939288704724
0.07513095363346511,0.14412325465500778,0.10498620552029955,0.32815138339126365,0.08655237089140201,0.052349706685758675,0.17683654409062732,0.3561099949409482
0.08257347235392254,0.14277885432701332,0.1581009489137756,0.09162983693696684,0.25443639472819113,0.28831051984443196,0.08995750958098972,0.2756657389094202
0.11984632668393316,0.14073071208950821,0.4252542021237654,0.162758719631521,0.27982057426628953,0.28036219010261637,0.23710168801448514,0.039956827985087866
0.050418962470667024,0.14979068741030804,-0.0639628383778526,0.42309453762977406,0.16248041157152993,0.09447471225541167,0.020653283994718257,0.29929705454856603
0.06647879189549508,0.15058065722489855,0.043025392602840946,0.32607914585122905,0.00798292441712082,0.24644576434414361,0.10900152527893292,0.3104906401085736
0.1499099168687265,0.14099495726340508,0.6376817909931196,0.0749547113874019,0.29701267062510117,0.16624551199837845,0.40267112399070953,0.05911598199840903
0.13084551219482535,0.14862539271881653,0.4766716568336175,0.13563904876806904,0.04512740830058824,0.367742412580378,0.34891004337702414,0.10258108697394053
0.10503457896684604,0.13727088801664789,0.32807086497017746,0.23537990277698573,0.29145807870118545,0.1980095031709558,0.18889714439060054,0.08625537096027237
0.1191367768402591,0.14257020799845255,0.4147905629828426,0.03252080546290055,0.31339754778804985,0.3145161112002531,0.22114239797023763,0.1184231375785588
0.11050690939243202,0.13715296756653866,0.36825239940892274,0.09595679759574956,0.1994801609265811,0.24651050227022805,0.24375612426309148,0.21429641494434998
0.11676870260462836,0.14272739240783833,0.3977421688081701,0.2683199823349606,0.035164051579648026,0.06754840508323989,0.37552672899655104,0.2534408320056004
0.07877012440718537,0.18357074618099292,0.10225008503630979,0.009783681149565435,0.10794385663342923,0.7058229117022913,0.005384434547877651,0.17106511596683638
0.07693232616874235,0.13994510459912915,0.12099262934023143,0.19396474652663412,0.24456900457756037,0.2304532778828498,0.07927403160908683,0.251738939403869
0.10137523652213906,0.14184301576765543,0.2916973831824992,0.0844905210779802,0.11588322781837812,0.26584484882162573,0.23135103586283923,0.30243036641917675
0.0958467292756648,0.13731236974789154,0.2610597234719652,0.33680308876593756,0.29106499464463575,0.04797647904007971,0.18832936475019857,0.13582607279914843
0.12073910855365678,0.13544608092035568,0.44843754903009925,0.07787028343201129,0.3105402615929512,0.12545873182297343,0.2847002730286626,0.20143045012340158
0.10073756966299507,0.14027922019804953,0.29040345109903526,0.3102171196406139,0.19618069163438007,0.22516723227363147,0.19223106121882128,0.07620389523255329
0.11929329620973571,0.14232243299000924,0.4166124409487715,0.3904886061477146,0.15175872025046946,0.013142888834253175,0.3488806687824853,0.09572911598507758
0.09623966786825035,0.1475618349195952,0.24558970744703018,0.294365500380176,0.29858163620200645,0.2863544641814746,0.11586044599267613,0.004837953243666896
0.10089381421451887,0.13852790784025393,0.29520271295569084,0.22424307603160437,0.10343144519161085,0.23350351788601897,0.23277042655018365,0.20605153434058227
0.10333698826407006,0.14903684499537823,0.29078036552245845,0.14597648980968356,0.19091671311741992,0.4219609820333982,0.15711779905501122,0.08402801598448709
0.1133165907628696,0.14066501683487026,0.3790323419607528,0.19494316989308158,0.32775963613964626,0.24368884205611133,0.19958563139661104,0.034022720514549756
0.08964719755972263,0.13601030849561,0.21797757749133811,0.195809304577344,0.315218663239977,0.044600701284577056,0.16502857912075455,0.27934275177734735
0.09176286989306824,0.14051012709451088,0.22605395461427263,0.26518991044894163,0.24952669093410537,0.25148431893501466,0.1286952820547084,0.10510379762722975
0.10909869243036374,0.13599277296239443,0.3610389828872805,0.20693794189792336,0.20713027486442082,0.22169356642467453,0.233497887963287,0.1307403288496944
0.10072916364065472,0.1349773569733046,0.3017481194917012,0.14547098196160868,0.23155535485032552,0.18853004827857253,0.20361414378947096,0.2308294711200222
0.05851997465016703,0.14717782729353268,-0.010056034778127252,0.3910657947766359,0.1485141025950084,0.16503007226759134,0.04129539483826277,0.2540946355225015
0.09344409474321248,0.14345627295643432,0.2331309328896966,0.018704742128194618,0.24230216802131058,0.2823980479602717,0.1491191197434864,0.3074759221467367
0.12346619743366438,0.16860796177735393,0.3764128144640715,0.0221385254719856,0.027109083683226315,0.5970824338104112,0.2614434211388169,0.0922265358955602
0.12412081483808403,0.13804412591003346,0.4644950621069747,0.23563788932091903,0.3474236424302179,0.09737916270109709,0.28105024655500466,0.03850905899276144
0.11112651518783642,0.13988172062205756,0.3654981863282459,0.020779138250847436,0.2136362934500948,0.2173676046614289,0.2562848865896647,0.29193207704796426
0.1110107105742607,0.1380922424241644,0.36939591738669936,0.33870494498209214,0.17920080793587653,0.11209378624209294,0.2759982809054345,0.09400217993450394
0.11923372392898868,0.14831618957296822,0.39937463401355133,0.18748188827682136,0.033508219049362686,0.010827140493818818,0.41114098553475303,0.3570417666452441
0.07477870513340157,0.14347630368240002,0.10300450146886832,0.4130652401254856,0.24271624538016678,0.10285131159416806,0.09284640728014779,0.14852079562003181
0.07552754969084975,0.14009623006164817,0.11083488602096563,0.1738708802444427,0.22622248715005802,0.2090013220432498,0.0886197925191628,0.30228551804308684
0.09619306701343812,0.13986393498630048,0.25877340729032966,0.2869739519046897,0.21559267914540783,0.23790304043421762,0.16318578572405615,0.09634454279162871
0.09547056598472066,0.15446249260948267,0.22963869989071428,0.2758863137265722,0.5873466766612889,0.01115525645050682,0.08995873794385999,0.03565301521777195
0.1260722410049628,0.1477649097946093,0.4471443260568568,0.01875300050123398,0.3938847166461432,0.32398930089590905,0.21832662755233928,0.04504635440437445
0.0999862470407719,0.13385526447400053,0.2987274889628167,0.2494694126711688,0.2402622261637413,0.0878909143235685,0.22015708116849073,0.20222036567303076
0.08531681737295296,0.13664976313953947,0.1852679199092411,0.2681432741257382,0.2765219839352522,0.019725523385839352,0.16310763501125314,0.27250158354191706
0.09249268355040727,0.1485447934663841,0.21873996921851327,0.22343509219517182,0.3803539962916014,0.29251573465307035,0.072356678962965,0.03133849789719142
0.1158881396376921,0.14313517757971858,0.39045705313472234,0.23188594523943085,0.00956945177866492,0.21143998782388768,0.33938299436509833,0.20772162079291825
0.09181400223532789,0.1370824500982209,0.23207932315575663,0.13039871231640418,0.216101118788288,0.15394182496139996,0.18329015707197077,0.31626818686193703
0.0974376441549565,0.15164616529145053,0.24687498086749937,0.15334943537072834,0.3817586719573913,0.3595805782298916,0.07776289781792464,0.027548416624064043
0.1912589493595249,0.16697474220548364,0.7861006259137928,0.10414843106772506,0.01883123823512951,0.09760152070572681,0.7058493211582596,0.07356948883315899
0.13554449762578777,0.13849240263017576,0.5454775582709659,0.1396904553577178,0.37000010565423075,0.01019158515965363,0.3566839043552574,0.12343394947314035
0.11906510231485676,0.1378708233075713,0.4284090056029508,0.03866159388142623,0.22796097511903046,0.20577978579791487,0.2870944536721253,0.24050319152950303
0.09705716727209429,0.13898217453343514,0.2666325188571531,0.28488144862227077,0.0999979147696669,0.0629127990015026,0.2661372656377435,0.2860705719688163
0.10727691862363946,0.13858431443773989,0.3411419164964661,0.34245599802040694,0.14265791499290198,0.12862106358628306,0.26843603740393185,0.11782898599647634
0.09681757259612023,0.1341840585691093,0.27438112238316253,0.24996315746060419,0.230534378782335,0.11521016130049115,0.20165310311070328,0.20263919934586647
0.13342405225590473,0.13895756518713995,0.5283919026432385,0.03880577386952849,0.339632952072576,0.190127751543613,0.31099804443513623,0.12043547807914641
0.13101484560801935,0.14518608425529309,0.4891298361842164,0.39067753019017626,0.16979163214902407,0.004727992282785142,0.39497846976023926,0.039824375617775354
0.10188268806599463,0.13897653202921645,0.30136518341952734,0.09322324081847266,0.277369473522003,0.27752863814852974,0.16741451678153496,0.1844641307294597
0.10242544690558658,0.13774230790356407,0.3080059246233149,0.17972228173960783,0.1175092766847943,0.1317179883081714,0.26952337689751066,0.3015270763699158
0.10928623544686648,0.14222674938917818,0.34653281227712995,0.35586464808974383,0.35498309958819496,0.041002889126888147,0.2222730744781371,0.025876288717035765
0.0998131922859954,0.14811922103067424,0.268791531638898,0.23416636357715223,0.18814587411274775,0.37827030952356616,0.14953261795172026,0.04988483483481349
0.0976735104746517,0.15462368004665852,0.24364644835308225,0.08372124115482028,0.44586240489443646,0.3619649956005267,0.05920705199319673,0.04924430635701976
0.11865650346242784,0.15104810785586392,0.38832994530722753,0.29413144990881396,0.030531855970711376,0.3448581114521076,0.2963440769894797,0.03413450567888731
0.09341616908138556,0.14138883202060118,0.23634235182391655,0.032267626323188234,0.375263732386453,0.1423521403348226,0.14097200083878897,0.3091445001167474
0.09512644738345245,0.14475520719455795,0.24266102798112696,0.3010590361516091,0.31337553521464173,0.23944222849942945,0.11958460626627876,0.026538593868040954
0.12651804173092365,0.13880494232407614,0.47921954807358397,0.279818495886512,0.20105829934516348,0.15274481840770315,0.326340767208338,0.04003761915228337
0.06647126559711537,0.1657401611110164,0.03904464406053509,0.4292054558993912,0.009891997456229231,0.4083261343303871,0.0490548956948488,0.10352151661914355
0.09802865564163386,0.14106112937072557,0.269589899154217,0.038428333665861764,0.21227658325843102,0.2439392249502539,0.19074794073797122,0.3146079173874821
0.07069939036091769,0.14925207014310843,0.07168671329421906,0.1380230323232479,0.10519590139649858,0.3198082007352035,0.08232541397760632,0.35464745156744376
0.13776315100488964,0.14323452773581713,0.542907860514726,0.004973113140627806,0.39683468525033555,0.017659267944305737,0.36461925685895863,0.21591367680577228
0.10983587593968151,0.14294950922144944,0.3486257225443044,0.31897195135860607,0.023705809459919423,0.17791565476867952,0.3113708788585513,0.16803570555424374
0.10081734112275087,0.1339479614865834,0.3047253625195278,0.21039139218686595,0.23257046713882837,0.1519411095421536,0.2097761420936344,0.1953208890385176
0.10188804807674486,0.14362869511051166,0.29164122144614,0.29370491679406074,0.014811858965229263,0.09157136624288496,0.30975758146869037,0.29015427652913467
0.07998907309549559,0.13754315286364838,0.14532946700234145,0.22726134816699714,0.30929459369815876,0.13834541289042274,0.09382647819040837,0.23127216705401302
0.11404892485633682,0.1393102452806324,0.3879752328872754,0.11875994512356373,0.19616394723661265,0.026126228980452575,0.32748930021912115,0.33146057844024995
0.1059340852244037,0.1344520139375376,0.34163925016209357,0.22948393837084474,0.17621348037923,0.10174092190039116,0.2674923050043505,0.22506935434518352
0.11846986902440122,0.1376212439505015,0.42486077981849374,0.04553054749879238,0.2550473130820308,0.230299322809236,0.26593115231845244,0.20319166429148836
0.1269707509070869,0.14519957984721601,0.4612324014818488,0.21331215005449342,0.14544198107183878,0.3243517922600307,0.3011695040779972,0.015724572535639934
0.15356110018592492,0.14979242073181726,0.6246050349465493,0.011214850872587638,0.1601238139388952,0.34475835405176464,0.41992510598766664,0.06397787514908598
0.10226180613358957,0.13965430762097258,0.3026172758543891,0.16388078650163773,0.10506222207175106,0.2675342820121853,0.23228408813975684,0.2312386212746689
0.0541831050466355,0.14744786182471248,-0.03945052089178261,0.22554821394344887,0.19962270817457478,0.13157110460168617,0.02712946053096623,0.416128512749324
0.0903393524009876,0.13774516300214998,0.22025711640062495,0.19665336047743268,0.24184720866663215,0.24110190660966582,0.13436754315185082,0.1860299810944186
0.09878883473242947,0.1414646625401372,0.2741945163968003,0.36039611887901424,0.32411169492137176,0.09435492107808933,0.1718673239445994,0.04926994117692531
0.0958208836320907,0.13569123435128344,0.2639881920401433,0.30988788625800656,0.19689321724535216,0.0742660860700004,0.21817691018757224,0.2007759002390686
0.09298878432271963,0.14477062105351646,0.22786932930628845,0.1470338833262729,0.04661795581069321,0.27569596140039887,0.21359806014604504,0.3170541393165899
0.0925239946061201,0.13549018712996366,0.2400468646111082,0.15472567784809277,0.253486374965786,0.16416791942500136,0.16685428272265537,0.26076574503846434
0.11789500066554798,0.1439100309028172,0.4022999668775321,0.2077958158411025,0.06901855335877703,0.01482323094104382,0.38889969129967894,0.31946270855939773
0.048412954934872916,0.15429766391289265,-0.07509540177917692,0.49633847561630445,0.1501283122643867,0.09613457647421643,0.010253209242802664,0.24714542640228968
0.12416981675100762,0.1366613237427009,0.46955360151364656,0.22077337879718376,0.1467951293534991,0.16372253083168364,0.3383763097806969,0.13033265123693652
0.09587686790667363,0.13474856885331662,0.2662504560306547,0.16170128909704568,0.24653753634566453,0.12475251038361557,0.1957087128793371,0.2712999512943372
0.09311558043956496,0.15022893714792016,0.2204340992372083,0.3423494156240167,0.05302730556382356,0.33408092893921,0.1774324023693693,0.09310994750358048
0.08822480305082456,0.13737444121164422,0.20545891071062025,0.1586542679963395,0.3386500587939346,0.17022408305667416,0.11360005265134696,0.2188715375017048
0.08591486293177085,0.1404161337795002,0.18455758775174483,0.3313097318380373,0.10466257523206103,0.17780505979172748,0.17665461807678995,0.20956801506138426
0.0858078882627987,0.14310228139195902,0.1803457499892022,0.06298765804196807,0.29077304178296937,0.08252131295440816,0.15683365311547387,0.4068843341051805
0.09749143316997143,0.1451853996959561,0.25823142856296244,0.3063753035574353,0.431518476195796,0.1113899277146061,0.12429825855863212,0.026418033973530493
0.0900412706297684,0.13899344971028024,0.21613443433763832,0.2025905641259797,0.33409153149232773,0.2122747830657291,0.10637398788888025,0.1446691334270832
0.09300054393058822,0.1393436672044262,0.23682844432516825,0.2070734845936675,0.09272615194895757,0.1637024852115555,0.22623518207146565,0.3102626961743537
0.07267050352934541,0.14959449849866874,0.08469899399046531,0.01623153576321086,0.3300674685179402,0.25925293481736855,0.03375737511129378,0.3606906857901866
0.09824420911699491,0.14325320899064958,0.2669693013263751,0.3273294736162766,0.021710517588867564,0.09841777728575313,0.28656895395174203,0.2659732775573607
0.1029442749081043,0.14082781952790105,0.30494170151939415,0.09882653464859255,0.11212418091207425,0.19841898896156338,0.2595028346962415,0.3311274607815283
0.07577341848329441,0.15211754897179555,0.10369229973734984,0.1974870719850569,0.2476043631433662,0.4001365933179077,0.019637274290932837,0.13513469726273636
0.10840195568820461,0.1395564338230614,0.346827117620186,0.2585050120075719,0.32440679703855874,0.185422667841179,0.19282832095197,0.03883720216072026
0.08911555718590965,0.13540113693622316,0.21503185161306068,0.2393824378776921,0.2849702626795426,0.12973083575138808,0.14405525145477613,0.20186121223660106
0.1367981703437778,0.14008500224014914,0.548225499630017,0.0200539943713275,0.3218031053878926,0.2112667708771622,0.3272166479515668,0.11965948141205089
0.10401008104297717,0.13634497527912695,0.32278476674977746,0.25806135443690165,0.17201412675466723,0.19679359416598832,0.2286899044220751,0.14444102022036753
0.12750268022287942,0.13895490822803028,0.4857883833229191,0.03639928409387304,0.22492209856308232,0.24574926110833584,0.3121649018044229,0.1807644544302859
0.11891716252057005,0.139703599131813,0.4217297398686243,0.06407419065125732,0.14251973926975944,0.18234949887853227,0.32439666280094687,0.286659908399504
0.10101237747793848,0.14678607411833897,0.27940237331284096,0.15567777368047517,0.43128309379061336,0.26483162683227185,0.10371041379755841,0.044497091899081145
0.09373626489141282,0.1355400358124499,0.24890258209828517,0.14823991903431502,0.23852518034669618,0.15582577456226154,0.18092919198300353,0.27647993407372373
0.11740540127611546,0.13889245590909305,0.4133082743794814,0.08314159903602254,0.4300453666943965,0.03847622759173573,0.25153031848556495,0.1968064881922803
0.10136071313407641,0.14165787775890104,0.29197608907053896,0.29525236063915206,0.03367311724743493,0.11957487957281908,0.29137282618707877,0.2601268163535153
0.08884987374979407,0.14084079749029,0.2048403180320182,0.28730874162162895,0.09068690429334467,0.06008955566765873,0.23511639785598237,0.32679840056138526
0.1265608884467614,0.13597933593922057,0.4894926717138292,0.23542852873793005,0.24170780089409238,0.1183898333112704,0.3253819380004542,0.07909189905625287
0.10138837731905234,0.14274924267846528,0.2899376314890676,0.20054815938412532,0.2635958229736518,0.3145099088231525,0.15019445236186707,0.07115165645720335
0.0708632836202222,0.14496863129481322,0.07493540859974224,0.2885739397844163,0.13640439242322758,0.27468833620089206,0.07295053192878874,0.22738279966267527
0.0793029686970411,0.1589040210198065,0.12147564657684215,0.47603338426088365,0.04632035881703103,0.3008600319718583,0.1201410873870384,0.05664513756318872
0.07045094490898492,0.14613272728751217,0.07151679916589095,0.32369287071914665,0.10540185156258064,0.2648092072020765,0.0832612885300412,0.22283478198615506
0.09260658977592127,0.1375208701781351,0.23710284652565777,0.2937338567358773,0.23014055881276244,0.18220575687366025,0.15912547600091925,0.13479435157678077
0.06954421990348482,0.14433952869580605,0.06612339661714678,0.25962034397497785,0.23199455089344503,0.26953497912654206,0.03471659615639566,0.20413352984863933
0.10067683943412242,0.14247003048122164,0.28551155142402995,0.3750865921846289,0.07244502001922502,0.026580819507774328,0.29625112795587955,0.22963644033249225
0.07849034570254115,0.15753104734976164,0.11737588249183396,0.39298279654643575,0.0652485885052054,0.37124695762973053,0.09412373427961136,0.07639792303901698
0.11355623586002146,0.1392633508204865,0.3845680542977644,0.06503171533315472,0.3224846072091349,0.26334706823689363,0.2070780541819842,0.14205855503883255
0.08973839579012302,0.14309660605844168,0.20782041314087946,0.30224069130410885,0.1352175187402257,0.2813604958287654,0.15130455599013024,0.12987673813676984
0.10842845021118871,0.14280970552382585,0.3391117573805871,0.2059466571151663,0.1341484275626039,0.3327736751075325,0.22376941247463622,0.10336182774006104
0.10612287186356324,0.13699030795625994,0.3366871171520394,0.26791162624082815,0.11433062302249315,0.16188111057742874,0.26996585342163076,0.18591078673761915
0.1133125909994115,0.14705269056190834,0.36254073825984984,0.054154164459316693,0.4353864536813523,0.29079191518078923,0.15514831236338006,0.06451915431516154
0.10360540399268002,0.13463726955455887,0.3238732049227266,0.21873677907329755,0.1708166431691564,0.14695700161232897,0.24624808771339463,0.2172414884318226
0.16519508929142573,0.14651435914925542,0.7179848439582813,0.10183863499438872,0.20929866526257843,0.16684235948776374,0.49950575255592683,0.02251458769934214
0.08212442435021658,0.13996541904073057,0.15807064703445267,0.16898372626796637,0.22608429887782852,0.2599786033978868,0.10143410228477649,0.24351926917154182
0.09483365495600123,0.14178040332264008,0.24568737385189005,0.04854067410686839,0.37138859038914535,0.05593680241215873,0.17431338808048813,0.34982054501133947
0.11510553255695108,0.14334534874222996,0.38442497814173465,0.06087756389377535,0.09309302265802542,0.2932879629631123,0.292388090128168,0.2603533603569189
0.09574376873775077,0.13899369364616146,0.25716108263691645,0.34426047593775777,0.2692398501064096,0.12491484713472364,0.17149612222969332,0.0900887045914156
0.07858895816382383,0.13811864543387337,0.13458688438067262,0.2751227321312998,0.17667922868957575,0.1213971807082338,0.13991768442796976,0.28688317404292096
0.14116948755920197,0.14360683612655983,0.5652202203498711,0.08178591740686084,0.3126501854467623,0.2698023550328533,0.32610295426823876,0.009658587845284717
0.0921557397908062,0.1346880693829647,0.23874230240375874,0.2186582212990575,0.233699963500543,0.141689747813809,0.17466374726483844,0.23128832012175213
0.10145225638901195,0.14130447914747635,0.29335415720084257,0.2866898797077341,0.06183400869535046,0.23360720503283314,0.24594112259327686,0.17192778397080558
0.1015211965714269,0.14395239005925273,0.28843700722395943,0.2330182608256804,0.2956429913117098,0.29285905805154766,0.14265004891676164,0.035829640894300525
0.10093184943482213,0.13477462469432955,0.30370590552677146,0.2633870738488013,0.22435587836816703,0.03333993221939752,0.24627102236945203,0.23264609319418214
0.07115736434066211,0.14320081212982017,0.07791411357742363,0.27320565856120427,0.31134916299037785,0.21010370188024177,0.028835952553550773,0.17650552401462535
0.08010919387278491,0.14756862677264182,0.13627011589507462,0.3866287151732576,0.002230635125314465,0.16060260622590053,0.1917453935012744,0.2587926499742531
0.10371790102233928,0.13797409436480035,0.3168558650347083,0.3281830063938716,0.12356816401987596,0.12378480148909636,0.26312322554247797,0.16134080255467825
0.08043515023023991,0.13876487581883737,0.14726457332703377,0.1504732537698444,0.3031103483683094,0.09436669211033583,0.1181698746929463,0.3338798310585641
0.10247469169612933,0.13437387506506576,0.31609337511151236,0.14400923804867363,0.3144861724218048,0.12457602980911207,0.19958225513002592,0.21734630459038345
0.16686799070023028,0.147825440504414,0.7229336867563012,0.006665878122758842,0.33778104665296027,0.09063118034837966,0.48924348715319954,0.07567840772270162
0.09526994367133734,0.14911660541795016,0.2365259293053332,0.15981330464051088,0.03289729594846001,0.3842366118654139,0.1935667501774463,0.2294860373681688
0.153445648203973,0.1428745947396253,0.6540396378675185,0.03148928639442988,0.35207156005147366,0.09854091321020877,0.4215947202204118,0.09630352012347596
0.1461379672609154,0.15238886558019604,0.5652510564532323,0.14338995515258748,0.027483968109430972,0.3549764916836582,0.42473917295239605,0.049410412101927426
0.09172306542729182,0.13830712786576094,0.22936681512236887,0.2988853795725067,0.17469578453828793,0.20209800569067363,0.169868278168437,0.15445255203009467
0.10431680156147954,0.1429358980390093,0.3100466864481087,0.20691326411247046,0.05739626722766667,0.06726345691823313,0.31862406233708995,0.3498029494045397
0.11684765046737748,0.14791243147513236,0.3843331483394277,0.21676631014016776,0.1572109808892465,0.37394567623183145,0.23733615592582444,0.01474087681292988
0.08422703637289683,0.1534034380988978,0.1579302046495065,0.08772041621940821,0.4022051696568802,0.3701576753522931,0.015221467848591602,0.12469527092282684
0.06540092698345411,0.1487869082451024,0.03629974604053843,0.12649830257426894,0.36781722988475496,0.010790227257877507,0.0569926235959848,0.43790161668711386
0.0884487173100611,0.14365024903733986,0.19804154535552707,0.12644025829948663,0.4622562530357785,0.16867428021384076,0.07042156982730766,0.17220763862358657
0.08614401369676913,0.13844021689786595,0.188846957066362,0.20793923343754206,0.24635333529126882,0.23901867108763103,0.11434835936720403,0.19234040081635403
0.08213766233543321,0.17177445997900004,0.128876332011986,0.13729891158705912,0.19635096541131147,0.6003676137715821,0.008708715674734914,0.05727379355531254
0.1255155943962988,0.1456339176976716,0.44986494514489245,0.14636578680569506,0.018680440863937244,0.1277426455765336,0.41050013985679523,0.29671098689703895
0.0812553593177523,0.14013128601025845,0.15168175446699517,0.33171892751777426,0.3037639685915878,0.12702013954871247,0.09640236387348282,0.14109460046844258
0.08819053268812346,0.1404856083441819,0.20066491522076935,0.24153153693751392,0.1096838520912634,0.25538359578083364,0.16751935087330788,0.2258816643170811
0.12517458292796443,0.14654394098040174,0.4447443032576874,0.1688603502424963,0.11401184740872117,0.3672240666483099,0.2956544333697475,0.05424930233072518
0.10578729262419609,0.13922205417124264,0.3288795938025586,0.24988143804453405,0.14024697760493618,0.2573865739046108,0.23013972550565098,0.12234528494026801
0.13876020497904074,0.14481556703676116,0.5438655980889652,0.013032131881917701,0.1558320679615705,0.31414623078982523,0.3674154801510005,0.14957408921568616
0.11829116128116404,0.14686749415728012,0.3968962745339697,0.05246725643259882,0.3143494040639166,0.37062526331498324,0.19792120137197033,0.06463687481653113
0.06936436438007937,0.16273920739655923,0.057542153055105516,0.14337515677270882,0.009683052479168869,0.4813962826607531,0.06199825831101675,0.30354724977635245
0.13353617699361373,0.13938031402260423,0.5275937101252899,0.1089329052076268,0.22027757641262521,0.25892998949887114,0.3298101201042417,0.08204940877663529
0.12793539399919235,0.15026922769218215,0.45209119020930943,0.004364804041194791,0.05433687354204293,0.35726320653964483,0.3468914495282801,0.23714366634883738
0.12298563883885928,0.13452829560303017,0.46819621520158894,0.21647211115669682,0.23972997665993476,0.06321719408919356,0.32962385811838296,0.1509568599757918
0.06778987495664068,0.14321882842814254,0.05439141656258635,0.20672876894265496,0.2799906834893187,0.0253412689607822,0.08972095882823009,0.398218319779014
0.11796502160262118,0.1376061349342323,0.42123864339569655,0.0514504577399137,0.37479409870340386,0.15245805657887307,0.24190531128728754,0.17939207569052176
0.1090956340716047,0.1337408290895277,0.36709533211237616,0.14731947028746467,0.29782847252651934,0.12306767353863785,0.23460453308378507,0.19717985056359305
0.0935486192567442,0.1487065913232028,0.2256027722660171,0.2573170215458365,0.36322542065977226,0.2840311286067781,0.08333617748585824,0.012090251701754755
0.10473033493309412,0.13640338821561981,0.32792686104238555,0.13100253370403145,0.29724515566443366,0.025687516114584048,0.24793805114278464,0.2981267433741663
0.06594927915061614,0.14488891706808965,0.04106096774690033,0.1658712030864569,0.38257134452571584,0.05290023536704286,0.03728772491040478,0.3613694921103797
0.07573075367532067,0.13890738619288046,0.1132463442475094,0.1845937810621789,0.2564622165769272,0.16199360093057016,0.09179632717939934,0.3051540742509244
0.1024103450586678,0.13529046036684675,0.31347624173700106,0.2941773846355118,0.2556416457164288,0.10014680320690691,0.217199230687235,0.13283493575391753
0.13993392321375064,0.14033393447911724,0.5695979629620191,0.03602816990282133,0.3608689795987263,0.053824124106023975,0.37382111572600535,0.17545761066642307
0.1072863785457534,0.1402580390839671,0.33713845462679587,0.058982716073366546,0.17264778297202873,0.2781175488765077,0.23328433708622265,0.2569676149918744
0.08228453410998246,0.14209389273237505,0.15682964046846115,0.22412563679244493,0.2355204057955242,0.2889060741146913,0.08493991242016054,0.16650797087717903
0.07493348558584426,0.14895972354364487,0.1002518347281222,0.0763333731723589,0.34081741721626474,0.32576924963228754,0.013605122278834267,0.24347483770025455
0.1260649335639463,0.14751068073882587,0.4478654239344008,0.35271698671869794,0.06883772757015294,0.216508289257212,0.34899633711672984,0.012940659337207339
0.10310229769089489,0.13991610776508395,0.30805815269863496,0.18188083163424168,0.07754590350525958,0.24107407924683324,0.25324311536454663,0.24625607024911875
0.08279078553297248,0.14001011467017735,0.16277956479544972,0.14245705725090935,0.25896325957982524,0.2537081719446547,0.09585987258252573,0.24901163864208486
0.10916604482565781,0.15295834627535126,0.3214342075662252,0.03488632175822969,0.5620911197212276,0.2168245111189429,0.11365587676569473,0.07254217063590523
0.0683185614320569,0.15138600443320877,0.05494934266348935,0.3251289653219065,0.15870311160677306,0.3384266394782236,0.03051785436924083,0.1472234292238561
0.09516198227908168,0.13481717601451554,0.2608123335508515,0.17067993337785925,0.2501626606442963,0.10084436344640932,0.1980144998479848,0.2802985426834502
0.15035769600465723,0.14986349600478954,0.6029333254161471,0.3490117164077548,0.13201890890277906,0.013828004037508917,0.4930879248050234,0.012053445846933688
0.09306735716134373,0.13819677950858997,0.23927733539759044,0.21131000449751436,0.12778037548185373,0.22685951769966825,0.19296966544708125,0.24108043687388248
0.09840986864438522,0.1349919218535677,0.2845345715282895,0.1334920066977293,0.2920161217622703,0.1529876150378434,0.1826558350683991,0.23884842143375784
0.090516148836873,0.13917725484182905,0.21926103422253682,0.25213198625520794,0.2839938413188364,0.22171383303902878,0.12056212400320612,0.1215982153837206
0.0890216330881043,0.14231709380148658,0.20392232804153257,0.42667007506564786,0.1381256877903062,0.06390608619681247,0.20513868390630988,0.1661594670409237
0.037549014839340256,0.16692712995914358,-0.13449572376973568,0.1878214432825978,0.1480774299964309,0.026681697476609777,0.011329788105713962,0.6260896411386476
0.06987257035881811,0.1453535269966318,0.06792109254457158,0.16081925680152845,0.1444857586671336,0.2555101343913937,0.08205150177144281,0.35713334836850147
0.0989735873995506,0.14228030721005408,0.2739211642410383,0.25226108781644874,0.028683232286801558,0.13396076635525653,0.2820229498750173,0.3030719636664759
0.14019756611267853,0.13766600438167392,0.5825517089196091,0.18917875000716133,0.24827561969306824,0.06760627077555512,0.40117123549193684,0.09376812403227844
0.09754536561484427,0.14011723273071042,0.2679568021943614,0.3202786643354439,0.2207074872597319,0.206469256973835,0.1741780600098443,0.07836653142114498
0.14346934884145962,0.14196865129688016,0.5879421131282798,0.10304221532601411,0.12870130127954213,0.10882697402006211,0.45505583604747935,0.2043736733269023
0.11214531697352886,0.13939448264333146,0.3740845117016076,0.015089165721479888,0.25280555908040975,0.23054935339829752,0.24201867516055908,0.2595372466392537
0.13368186183011047,0.14458554546623809,0.5096073856657808,0.07983099961218505,0.1819048915903606,0.34808849426056543,0.31952581763630145,0.07064979690058758
0.09005900402493011,0.13994499758601747,0.21479155770790798,0.3407816177812947,0.09375106112188776,0.09349084577569872,0.22429956192683276,0.24767691339428616
0.09080627217280705,0.15862672715481516,0.1942060630346424,0.2983754054386776,0.047057526677982464,0.4513341932741019,0.13661507431339004,0.06661780029584805
0.1008988342047966,0.13552886130070096,0.30177213777406003,0.21306336691163708,0.22910240867918305,0.20668152989896094,0.19406874046400455,0.1570839540462144
0.09648649181863336,0.1436975649010827,0.2539116918491251,0.32813746459050913,0.05181670677966943,0.24330944613241126,0.22200495369461173,0.15473142880279847
0.06841402457067602,0.14114547626818152,0.05961242820626482,0.32826270802734847,0.22501103931439922,0.0367759339363161,0.09991142458791455,0.3100388941340216
0.10644492079791151,0.1388581349278719,0.33447749260089615,0.030507517709181784,0.34109965628103006,0.19841745571575073,0.1925829238858888,0.23739244640814866
0.10109881496469796,0.14153504259522295,0.2903790765247921,0.30734216944723286,0.12962156388618037,0.25268311487460976,0.21083703434946452,0.09951611744251247
0.09855255840069078,0.1345991708333397,0.2864249323528631,0.21681805960230313,0.1967794923531219,0.16248506350716385,0.20989663783320836,0.21402074670420265
0.10011207400922824,0.1350388887771248,0.29704090704886715,0.2000121395333608,0.2363376293328011,0.19693683026583986,0.1920433667701052,0.17467003409789295
0.1259708811261231,0.14970695622560093,0.44066677186802367,0.27947919010715394,0.058889127786809964,0.32706204889355056,0.32371029180064026,0.010859341411845257
0.11860616065718828,0.14505704606134043,0.4040214677500425,0.3763851592269564,0.058735434411299914,0.15273819916346026,0.3388711517894154,0.07327005540886795
0.06848577695310995,0.1480448477022228,0.057318961685030964,0.3337288372098064,0.3395090063825759,0.2070457753378187,0.002605422321181072,0.11711095874861786
0.08203598963310249,0.13890568289404123,0.15863994311817886,0.19749650310642677,0.3141066361101023,0.20226214561954237,0.08317078932102596,0.2029639258429028
0.11315955337652978,0.13391514117963654,0.3969644724879949,0.19786164425882885,0.2857512405863211,0.03919988558449551,0.2788561279106008,0.1983311016597535
0.12112591044528412,0.1432261218751963,0.42677906547345973,0.3240189303264307,0.11503008654727609,0.21285895240346947,0.313600474948227,0.03449155577459682
0.07321550288905444,0.14011322051800612,0.09432017078899492,0.3468535667119428,0.25457571928248846,0.025105431841127488,0.11138189680262611,0.2620833853618153
0.15027897408592614,0.14399029964937737,0.626979555607283,0.040522323977039344,0.35027007157558004,0.2081048273713669,0.3735815156010322,0.027521261474981427
0.11052741700273516,0.14097052888775516,0.3584253914728983,0.23595596875708785,0.26355804043510644,0.2623096481266164,0.20295737706171108,0.03521896561947826
0.07404963834479342,0.15216794212036924,0.09232981762794525,0.46886625160285905,0.015203131868198947,0.013679928991983687,0.20010190557531407,0.30214878196164424
0.07036380996799048,0.13989172377792616,0.074084511135503,0.2430033900510032,0.21552634240469284,0.14064748959816004,0.08630784955835964,0.3145149283877843
0.11313582486377122,0.13602321607632228,0.3906379101781922,0.1684721551498753,0.17843613597436409,0.06468152789761587,0.31419322459496213,0.27421695638318266
0.12791669087602578,0.14749432777230728,0.4604698492600435,0.11550027295698671,0.04309937918954499,0.35601754310215383,0.34242132759100724,0.1429614771603073
0.11376838050785885,0.14173832497270056,0.3793496255738516,0.3281556215138239,0.052132081120671706,0.1492044715673184,0.32565436414461113,0.14485346165357485
0.12588988001414594,0.13673785637037958,0.4818700670257044,0.236172066803908,0.1470585354597488,0.10142418068467768,0.3639445439259973,0.15140067312566807
0.046047849860505356,0.1533186361678983,-0.09100100606305765,0.44263225983903265,0.11384120067116549,0.10549949752421653,0.015413221942799742,0.32261382002278566
0.13642161509520093,0.137702625573419,0.554975729598236,0.1288637706467656,0.3022428794058368,0.16546880276593492,0.3385512540998412,0.06487329308162142
0.10037263831294493,0.1351402088386296,0.29874630696444865,0.21597070219354006,0.19308967778683153,0.19167866834127958,0.21004324281050424,0.1892177088678447
0.11944225734274247,0.14346808228622507,0.4143239136921938,0.26905397878793286,0.0563890300525349,0.013974790827760271,0.39563995091641607,0.2649422494153558
0.059588446825278724,0.14424724875911835,-0.0028531093539852248,0.36105818550709534,0.2182667258492873,0.05317400997005226,0.05674480717472525,0.31075627149883983
0.059664812156796976,0.14889319080529387,-0.0022511965885756574,0.24330236059758334,0.1133801324654781,0.2779560194197097,0.036304838365023566,0.32905664915220517
0.12722107918207382,0.14293596923982918,0.47028805653029865,0.14589432007796263,0.4325732184914183,0.1683314394652545,0.2468983738673877,0.0063026480979768
0.1310842080964916,0.1398102935349228,0.5084332941389303,0.03944700575807169,0.21371098263717767,0.2613245448209645,0.32670849966313065,0.15880896712065554
0.07081269311578027,0.14575072626918334,0.07418620402488138,0.2434193198783631,0.30126023874213786,0.27314495688643553,0.013876602704607423,0.16829888178845606
0.08137982376388869,0.15931261725886847,0.13420044270033196,0.05312862633318554,0.12255310528799027,0.49957056230014396,0.07214885714563514,0.25259884893304513
0.06917001355710303,0.1467608816476062,0.06248268240253247,0.27888802333028523,0.3169250986726142,0.2524918987756885,0.0044082294666470045,0.14728674975476508
0.06394682920345503,0.16316393339432522,0.024189348230019433,0.48475477572187925,0.08227302907068099,0.32830646475156433,0.031089440929315922,0.07357628952655941
0.10172358771720076,0.14226572672748855,0.29327926463358756,0.15341621692105817,0.051296434681171954,0.2193622171057411,0.26648753954885374,0.309437591743175
0.11232655567025684,0.14535317917382864,0.35999594895464404,0.11026913764607683,0.09227148328560997,0.05760975022885067,0.35062967349276186,0.38921995534670073
0.11033749556075347,0.14304503961908943,0.35189962332700075,0.013913825690137865,0.41240531489718923,0.022893562529108055,0.23844324458283822,0.3123440523007266
0.07766778080167548,0.13977212286780788,0.12640418160054076,0.245962864282737,0.20165912015196596,0.2264091002900381,0.09586119572189988,0.23010771955335904
0.12770971310845952,0.13825277725321428,0.489753004993506,0.028692991148301223,0.3204770095722044,0.1961192451947569,0.29271375702900876,0.16199699705572876
0.0805452162106682,0.1542421597584655,0.13320104077147807,0.3149309207014435,0.25759201399556997,0.3579989850201065,0.03994514662271763,0.02953293366016227
0.070201866534758,0.15451200393582704,0.06602636866320828,0.09989980298984323,0.06450130924118384,0.35244786213023716,0.08862463592357268,0.3945263897151631
0.11093305213840751,0.14302142745255317,0.3561218276562396,0.13663759152542296,0.07386305789845145,0.3202845054249929,0.26715751921490083,0.20205732593623185
0.10921517896847734,0.13536894273682662,0.36356329578607643,0.15985608184106292,0.20701534721467577,0.06575851037681123,0.28678518018925536,0.2805848803781947
0.07534960239043435,0.16361697342892742,0.09381424230476905,0.39825271150764086,0.12219772924826089,0.41656472699713876,0.04421355752378366,0.018771274723175798
0.10732608186319179,0.14005570778992713,0.337908983575145,0.08425266276015467,0.1512603967786051,0.28389262090603806,0.2377570771524862,0.24283724240271612
0.1525113808960446,0.14398468583468896,0.6425084748405698,0.19605947252136988,0.15940045747936007,0.1709678113996877,0.4550906837429741,0.018481574856608295
0.1030193316897369,0.1353303820510399,0.3178837673975689,0.28002641806961087,0.18689563483240615,0.14166025720525358,0.23423751701277856,0.15718017287995076
0.07884153085650887,0.13847052562142265,0.1360688909928852,0.2849645529596613,0.29386452390668444,0.13759138772649923,0.09031830852034049,0.1932612268868144
0.0896830828528597,0.14096483384248282,0.21057083560307122,0.293301670165268,0.06772254954441366,0.2002679527779769,0.20303058891287812,0.23567723859946327
0.09642643215984707,0.15210673233076763,0.23947942080982343,0.06052841442890729,0.32931908833788703,0.4182052537215611,0.0826641714418905,0.1092830720697541
0.09322422096501398,0.1489803126725709,0.22301081511376752,0.35371485097868066,0.06589927852308969,0.311107908443557,0.17925351867811362,0.09002444337655909
0.07994070559521647,0.13966567999315657,0.1427745570436026,0.3128753688564798,0.1600058130458339,0.18498270200097197,0.1290787088143836,0.2130574072823307
0.08539821061728087,0.14949480439225155,0.16989360078788987,0.06704854182019081,0.1603524081883913,0.3974813072098134,0.1058406334442214,0.26927710933738297
0.1331533522701278,0.13635832342390117,0.5364788186982457,0.1225676566927402,0.2915303970194814,0.04932769995692481,0.3655360540918849,0.17103819223896863
0.12427703855523725,0.14147211051244502,0.45434424016444525,0.1766736029765094,0.05500914920378188,0.1270564789425541,0.3890284091073109,0.25223235976984376
0.09243114329523884,0.1366197697297415,0.23738250590960214,0.29264270949977766,0.15212766669502548,0.08781020541268575,0.2178870857683314,0.24953233262417962
0.12467748571895437,0.1479254043468074,0.43723041356249825,0.09429196820131883,0.0946178477652443,0.02070032045111093,0.4156848796837865,0.3747049838985394
0.09423468119704398,0.13690105327425148,0.250068793323761,0.13264896381786928,0.23592720377604598,0.22516721188644823,0.16359376068999257,0.24266285982964403
0.05605818709128221,0.15293566476911938,-0.025774320951679752,0.17506975503365188,0.09518861819710375,0.2294244111772691,0.04855287194149551,0.45176434365047985
0.0707451192279813,0.15025302204004312,0.07151349824509802,0.3770352149455317,0.015837935253545547,0.04915594476362817,0.18203493661163048,0.375935968425664
0.060569176048289715,0.150526826605432,0.0037812266499291057,0.1580830244653531,0.25362538128897594,0.02078708331392525,0.0741739333759922,0.49333057755575344
0.085330818186829,0.14718294566256301,0.17210430238910532,0.2814652655543152,0.0014406860530952268,0.27758446492765837,0.18639164662604568,0.25311793683888545
0.12452207846771668,0.13756404720535045,0.4690330051964853,0.20070629902827977,0.22756608950753976,0.2157598167401361,0.2943306055717418,0.06163718915230274
0.08210844855037132,0.15160119452895365,0.14583294425261883,0.015628581220327047,0.16055828223349622,0.3674288125517659,0.10524875680582083,0.35113556718858996
0.07498716519566223,0.14630002919608898,0.10244130010100425,0.31818052890793513,0.030804215222012467,0.22064773664827667,0.14557266305539318,0.2847948561663825
0.11993840597884861,0.1383960932807078,0.4330931932975592,0.053106382464820884,0.20763704455267268,0.25125218189935294,0.28317868272711055,0.204825708356043
0.1170425171594271,0.14490506201322623,0.39365441322001943,0.19233633307314046,0.23901951825062262,0.33614336567730113,0.22074528763178725,0.011755495367148502
0.07253419617679108,0.14146579645783425,0.08860230876038691,0.2935311931066141,0.217410058025807,0.21330690105500216,0.06800308664944923,0.2077487611631276
0.09678318543954313,0.13834218142798432,0.265885538740699,0.14021769120222938,0.231842185190233,0.03794764998683225,0.23419620675410766,0.3557962668665977
0.11999471022475225,0.1383581279160166,0.4336189794441932,0.015625695652310218,0.31670567689741397,0.13188033742252003,0.2822143332814055,0.2535739567463502
0.09670904892502385,0.14115190974937084,0.2600676745373435,0.19450641745300132,0.25331391715740315,0.3013615768410133,0.1386342712215344,0.11218381732704803
0.11009626787844685,0.13577675138188622,0.3689605721788548,0.19232786861678028,0.2327334145965399,0.21960774090964671,0.22984319790529592,0.12548777797173713
0.05335110679679225,0.15985687012626956,-0.041592789837282824,0.45112507874248914,0.06630845041340329,0.3003453295715965,0.003176531525932627,0.17904460974657846
0.09611566028925583,0.14006354505163374,0.25785196480598843,0.15965366102540757,0.17259770697599633,0.3029891956057963,0.16928031317300893,0.1954791232197908
0.06332038127302582,0.14486793537451934,0.022920056563530206,0.15682481820291505,0.246417977791047,0.1500416695095873,0.04832338898852241,0.3983921455079282
0.07968163423137833,0.13757625300579654,0.1430598217451749,0.22316036804931896,0.20688872454621698,0.15479126054884573,0.1268355450059771,0.2883241018496412
0.09287248920455765,0.13592737015652231,0.24183863166560576,0.2974085601758503,0.27454785810066595,0.01469165378135003,0.19551837106131317,0.2178335568808205
0.09926205649376829,0.13578395012285235,0.28915093763471617,0.1382216361421984,0.20107270186210352,0.1849328087336603,0.21068414486284395,0.2650887083991938
0.07299086830982913,0.1538128766883473,0.08445891260554853,0.3010341295968782,0.26590817636810776,0.353813394777686,0.006751200414597129,0.07249309884273092
0.08228998777881806,0.14920744969379682,0.1493892417876019,0.0027768088879879717,0.23772884600211186,0.3297237118445171,0.08939772337303417,0.34037290989234886
0.08528580975121257,0.14807251794141763,0.1707663927293819,0.03116818767828091,0.48325765089360767,0.18184696326107094,0.05245130742187552,0.2512758907451649
0.12553688000874158,0.13842239462698797,0.4734557597081475,0.11718928821919097,0.13001206811904445,0.14024290684424312,0.3664899574910497,0.24606577932647186
0.09192025196785293,0.1412904869226173,0.2259193287750164,0.13395540142316528,0.26262603580698024,0.3081589414753422,0.11730984345989162,0.17794977783462074
0.08149376467623327,0.152158435928666,0.14125910630620475,0.07208974174499999,0.10714109762406535,0.4028483385262457,0.10731202608864275,0.31060879601604624
0.06389770867082013,0.14917259532538266,0.026128852034237655,0.27242457211376336,0.041063470206009006,0.2179685544239063,0.09857467748348576,0.3699687257728355
0.0683427493082699,0.14328765451590472,0.05822378303598984,0.19216315296380787,0.3203049612394561,0.21866243218680603,0.017252330256958968,0.2516171233529711
0.11297971943725511,0.13959068059546492,0.37953622126673936,0.27303946115915356,0.1726541834704336,0.23509575260340868,0.2537548961580691,0.06545570660893503
0.11166055540641409,0.13759201894172593,0.3754618603880926,0.07130101173160558,0.20544504960699314,0.13821013404709942,0.2824070636877512,0.30263674092655063
0.07646659107799064,0.14738655420608823,0.11172383509940585,0.14318773426812573,0.09596747859820173,0.3162278419226645,0.11133693629677087,0.3332800089142372
0.1132833847614603,0.1339354381009356,0.39782887574015474,0.18729172604314306,0.29505613850445633,0.04222647748248822,0.27574496454039016,0.19968069342952233
0.12538115351179266,0.1440283042737765,0.45394656169465664,0.22816058611876192,0.06534890394835716,0.2866060687769173,0.33558378249127246,0.0843006586646911
0.11650109816687473,0.1501343505196476,0.3763369140460671,0.049978461347243174,0.012343160897523532,0.33521283828327453,0.31700116718834564,0.28546437228361304
0.0895673526263361,0.1426162188872553,0.20732110875629406,0.0858464998641731,0.14467916212940207,0.22002307199524782,0.18385958175676487,0.36559168425441213
0.09750483739387607,0.13834802500284996,0.2710905153369806,0.05728669709641631,0.29186901001883053,0.16976054533048002,0.17978735066120777,0.30129639689306525
0.06732861965756987,0.1424447497053535,0.05144885769906644,0.26223328881728364,0.375399693951856,0.048624348576423865,0.039427484690693376,0.27431518396374316
0.048187809690384636,0.15262825747496472,-0.07739189652710861,0.30253271955414707,0.143403264510903,0.04154132290866836,0.04480464969156433,0.4677180433347173
0.1290292261617161,0.13724635444616073,0.5029585407953042,0.16450723237197137,0.27725909447794944,0.19433542154407138,0.30437418075377515,0.059524070852232644
0.07577128533715037,0.15164932727218206,0.10399838641449348,0.24022173048863085,0.03129120635692776,0.3704063167376075,0.10816233839724748,0.24991840801958634
0.08567629828599754,0.14034407161654364,0.1829524966052848,0.3234098729936168,0.23918323958955875,0.19585036446794318,0.11918558159724679,0.12237094135163451
0.09349904882433836,0.13545895233914754,0.24730036845750183,0.18525334405328936,0.27508772156240535,0.1831371353737897,0.15434392339232253,0.20217787561819306
0.14144894513028586,0.1473532442819714,0.5527461952206986,0.20949800469571636,0.027084154704708114,0.25322149574870817,0.4312514317382977,0.07894491311256961
0.06313055800344256,0.14929630589502452,0.02096875729560089,0.34957955168179533,0.10179972596376652,0.27146822320927255,0.04897952228351902,0.22817297686164664
0.09611403199881825,0.138307241485356,0.26111454187770794,0.21658662464788583,0.09955434280134295,0.1904495769530261,0.2278394303191707,0.2655700252785744
0.12046669031687257,0.1421996981076152,0.4252237601173529,0.0867163170196493,0.14757457516782066,0.05632815403919578,0.3667906171364254,0.34259033663690885
0.11880041371757119,0.13881626998423485,0.4235844524870829,0.20643257739080828,0.32192019228763596,0.19916895607006993,0.23840485397709882,0.034073420274387
0.09997153264812178,0.14233225356593,0.2808325705993722,0.2360349647397213,0.039912654843282096,0.25816030747109703,0.24439719481842379,0.2214948781274758
0.1406434275994755,0.1414106822181878,0.5702781878602903,0.03443253981657747,0.28864406386635666,0.2505403402348936,0.3429281166211905,0.08345493946098177
0.0850568325893478,0.13864358354060033,0.1807283968681477,0.35484530384188795,0.20973636117170935,0.11570837467988727,0.1503451100820443,0.16936485022447126
0.08432070963069321,0.14069810406298566,0.1728574083685284,0.1703916559581155,0.1463008669047514,0.2608361619298561,0.14099105852234745,0.28148025668492965
0.0605804252640083,0.15183304013489116,0.0038227862887593093,0.29115047495301616,0.07130156889999352,0.3182232753079534,0.03979227024617152,0.2795324105928652
0.10654575594458959,0.13641627428933484,0.34120383500481355,0.10224634842642494,0.23584911858055738,0.23318495822977453,0.21649470927927458,0.2122248654839686
0.06617620074893625,0.15091554740030785,0.040924880539668335,0.18386793758154982,0.04883321427668781,0.24319070408017623,0.10471867153379799,0.4193894725277881
0.12985764558304458,0.13948099676599587,0.500839879286518,0.11862125647333593,0.33437792341500766,0.21968498484417795,0.2818946979796411,0.04542113728783733
0.09174023246263226,0.13474308738338642,0.23556111915649763,0.2366288810122009,0.25330317057027196,0.13370183355844142,0.16642058482841507,0.20994553003067074
0.08615423772926797,0.1406068136906001,0.18600974620489852,0.1099630505185682,0.31608403543889574,0.2507352256748025,0.0920604957093846,0.23115719265834897
0.15262374652111896,0.15773413028392566,0.5872143609908251,0.03913910844745095,0.014819140416951412,0.07760171391224492,0.5529439612601527,0.31549607596320006
0.0905405107808168,0.13888674920442184,0.2198950652654808,0.36366665342893356,0.16285094953674517,0.1174099478819867,0.19058054870020438,0.16549190045213016
0.11431421658557259,0.13767756098020154,0.39450304173664974,0.047334059678648475,0.28706763508663297,0.09677750229627542,0.2775535973841332,0.29126720555430996
0.13018456235564058,0.16103514242831762,0.4358338266871294,0.10053886939785808,0.04057245917854753,0.5163424632035193,0.30408064078380714,0.03846556743626802
0.11845282801479733,0.14682178060100814,0.39812095845400725,0.3349108029322248,0.01945119031893545,0.23397596495718856,0.3311446904994174,0.08051735129223363
0.05970920989563677,0.15665751570872063,-0.0018562154713592086,0.10458615666521172,0.08924597984788155,0.22297731363516915,0.07429202054289392,0.5088985293088437
0.1191907825789092,0.14335826772846413,0.412887122011148,0.020780553773637866,0.169943303055636,0.33249822912900745,0.27154061149904557,0.20523730254267317
0.1150029064761296,0.13957543794457797,0.3940729635967177,0.15206353036419168,0.3097818180968713,0.2616908999961155,0.21156237571158706,0.06490137583123451
0.0839515023220109,0.13969129616853976,0.17146023395124801,0.3833300322169946,0.1944677917830834,0.08414651367991956,0.15900353438050976,0.1790521279394927
0.06688207803002039,0.14805895139020808,0.04648201250515906,0.3000889041489166,0.2660295518910975,0.27897195249419543,0.004000251917771122,0.1509093395480194
0.14093544026901897,0.14827152387567943,0.545859637464039,0.2903600626027912,0.011577310497905061,0.1567264903914209,0.4586277819892551,0.08270835451862771
0.059831606205440604,0.15256763269353693,-0.0011037321061253302,0.2703985304843102,0.10870384573710816,0.006122506299566436,0.12183688642060711,0.4929382310584081
0.07186790720495462,0.14188348687854446,0.08364544363865135,0.2757584822778151,0.3301299405158867,0.1678398775699699,0.03775332065056356,0.1885183789857647
0.11672569832735244,0.1387963821809822,0.4086972400576372,0.2232695279700838,0.4148957110372624,0.048195299034873115,0.23990934385844512,0.0737301180993356
0.10025515966753247,0.13649696124900887,0.2949161600315463,0.14064881262981832,0.31942127158045897,0.20620988235033202,0.1628338802128468,0.1708861532265438
0.11057895625355751,0.1361176664196419,0.3715825989671751,0.11845117509638596,0.20238717188111002,0.22999069088476332,0.24629733846932703,0.20287362366841377
0.07867168296391654,0.14002834917069612,0.13334216302982727,0.1243381247980911,0.2712730131038212,0.17250970915456493,0.10039497554824438,0.3314841773952784
0.11366397450927197,0.1386573714291793,0.3870257596559257,0.014241363493426754,0.33420610235826514,0.17103025645734365,0.23615612970860808,0.2443661479823564
0.06528020597834643,0.1452902783651161,0.036342458957076336,0.32778817404822,0.23314563336072816,0.22481977463270408,0.024407683680508382,0.1898387342778393
0.14071487848091715,0.1430049252813313,0.5644202695965056,0.0707768323501642,0.347563251631007,0.24141763491925416,0.3206012374525339,0.019641043647040713
0.10736681892624135,0.16942774444849917,0.2795694358112606,0.0886421948209443,0.7488497181757235,0.07535749299416583,0.07449230528330705,0.01265828872585931
0.0825223437070964,0.14051756799523102,0.16028133726211924,0.3551146858595487,0.27381041977951776,0.13114958658991624,0.1100930327779549,0.12983227499306255
0.0836006623719034,0.14690278718926206,0.16065496661746462,0.4090634362842557,0.3492432731951301,0.0977943458941801,0.09194015147950114,0.051958793146933004
0.0746607336536167,0.15232531833423346,0.09624620393996483,0.36830017999821435,0.4263477654753769,0.14783620352818755,0.011682570262969554,0.04583328073525164
0.09722505727750941,0.14247256640063363,0.2612787725942435,0.3184660289833126,0.0972135656806592,0.2531062679256901,0.20554018046154154,0.12567395694879657
0.11782821940587364,0.14407092237941913,0.4013871671729822,0.0871325559348914,0.051421311933039865,0.2605297540855116,0.32814779340252714,0.27276858464403
0.11892931775770131,0.1491701297467426,0.39504770732418126,0.20146126670249673,0.015937229142327456,0.36792794840530063,0.303430747672269,0.11124280807760634
0.0937598979932276,0.135987608387887,0.24825716396843953,0.26314162149572556,0.16161723748202403,0.15639212543993683,0.20087260148104613,0.21797641410126747
0.1324729973346746,0.14339027785190986,0.5054247639405722,0.2884934066492423,0.056292433346272396,0.14865365614848855,0.4078518447713685,0.0987086590846281
0.09488049891014098,0.13862025640300932,0.25162627609584887,0.13293273111904533,0.15433167482418558,0.15694916960972244,0.21893324097284447,0.3368531834742021
0.12910298137128634,0.14523731157451664,0.47579358652498743,0.11503186693490014,0.058067940838942095,0.09437510151510203,0.4238791707707375,0.3086459199403181
0.1068385850746428,0.13734545366170728,0.34102756098509057,0.07667806578172301,0.21883087570996973,0.23101300049334947,0.2270288240443589,0.2464492339705988
0.1154613556814623,0.13542333345592794,0.40954061804653186,0.08302012665305768,0.24850706879397882,0.1515774371914485,0.27712711617872854,0.2397682511827865
0.08403558609228502,0.1371484036048069,0.17525239419879476,0.24729715014277034,0.20898639466519206,0.05651075193949092,0.1735901179170862,0.3136155853354606
0.0483411453797326,0.15755511694442664,-0.07399857806192195,0.46797211572182007,0.021553618193628377,0.08228047782539555,0.06576293748365222,0.3624308507755037
0.10208593048483577,0.1390789238851745,0.30260466006756354,0.2628982007880601,0.06863873928955803,0.16261940387716953,0.2702656863505749,0.2355779696946373
0.08379413359037084,0.13739432630948423,0.17318134037626817,0.2165902794137765,0.23580744724398203,0.20305864626102751,0.1188522321182711,0.22569139496294283
0.11698408684636603,0.13775728088798844,0.4136557173533373,0.22081831725247922,0.2799387592165375,0.20395962237815707,0.2439732369587846,0.051310064194041674
0.09695742037676078,0.14837220392010583,0.2490858759276858,0.18948598653166354,0.0038309664275244814,0.10127056886934509,0.2982387295075508,0.407173748663916
0.0858723334352968,0.14901894835381568,0.17361774271730945,0.04814788797908595,0.19491302439536606,0.38840961398307916,0.09905296553111444,0.2694765081113542
0.07793468447230273,0.137657107659619,0.13028520486315417,0.2739165437259382,0.2301667060687968,0.07025658448200475,0.1327916033203822,0.292868562402878
0.051790137543770466,0.16034678699764376,-0.05120066706637641,0.2637300106019918,0.0024885240961030047,0.3621192708987236,0.016802992594723953,0.35485920180845765
0.11202497236643234,0.1440621184996067,0.3611287471562094,0.10102235172284121,0.4780055725150214,0.1835743636864313,0.16311393403924743,0.07428377803645868
0.09708270605533584,0.14316973730720675,0.25901218199322074,0.1020207807376961,0.2926549786381228,0.3326093091924699,0.12295388594417503,0.14976104548753622
0.0917369334523346,0.13767978404295245,0.2305126614843724,0.24025316474275862,0.2948620828977798,0.19732241055951832,0.13027153301512706,0.1372908087848161
0.07353139728764013,0.1490296092072643,0.09079670382025373,0.28184174541802487,0.0013039352639276944,0.25103735604298344,0.14403415300661687,0.32178281026844696
0.14390045660154568,0.1432361549986447,0.5857491539223428,0.04974504115061166,0.31465689482170933,0.25729488736953554,0.3436099566474364,0.034693220010707064
0.09748379668868913,0.13529688905003362,0.2770484742988244,0.19448941515682608,0.18828596850278528,0.1880094861759976,0.2023711108394496,0.22684401932494141
0.10327092573589547,0.1491093394304896,0.29019594547977395,0.3252253357480293,0.10901084900572942,0.3333299853053064,0.20130134898334837,0.03113248095758656
0.11076687696812194,0.14421900822893455,0.35201238443918675,0.02189652978914269,0.12499646711847605,0.2935311234620002,0.26465432519768656,0.2949215544326945
0.0891304295654858,0.1353040428338958,0.21529607656474373,0.2770392571433163,0.23576203113280103,0.07897270860087718,0.17577366271474745,0.23245234040825796
0.10562850365801453,0.14669748176545935,0.31103808401405014,0.03354236749953582,0.08351931496706974,0.22647624547152762,0.27850748154261673,0.37795459051925007
0.09042694492844242,0.1356410370670559,0.22431961290151786,0.2729394696599917,0.18795295157832148,0.12321678021236615,0.18608448373911982,0.22980631481020086
0.09769509086962702,0.14519268099482813,0.2596211504006166,0.05092469618374319,0.17639812308584935,0.3613998043767923,0.16517834746898627,0.24609902888462892
0.10441270670464901,0.14771658735908821,0.3006616081421173,0.39310705205705665,0.12337988481998859,0.24226731793170467,0.2237250788374754,0.01752066635377463
0.12669086924272477,0.14108263493043657,0.4727078515056651,0.01243304142815188,0.42743984465669527,0.14034118009990093,0.2662598226661247,0.15352611114912726
0.0985696543160457,0.13893399250285968,0.27761135789178315,0.2812786508089211,0.07753401903105472,0.12847449247511633,0.26096077770520093,0.2517520599797069
0.12321949835725683,0.140742769413527,0.4491846978760723,0.09019248827585899,0.38899433516537485,0.22205642433307426,0.2340668052789615,0.06468994694673043
0.09884246155737927,0.13962216895832522,0.27819695000564754,0.032614222234854474,0.2945499808188126,0.20088573525651,0.1767652396886206,0.29518482200120233
0.05946771228391147,0.14990800292132028,-0.0035507625057742986,0.31614796446219917,0.06562723346829903,0.2520159217764376,0.05589966890190346,0.31030921139116074
0.07355072625174168,0.14830396984211616,0.0913712981936204,0.32494066567342333,0.47315709269110223,0.03410775229422628,0.028220189603263265,0.139574299737985
0.0942785142774115,0.15342366378234967,0.223423906275891,0.13514818993719635,0.1275430367845073,0.46800155209203514,0.1288688756542258,0.14043834553203544
0.06598418018654358,0.1482858415462451,0.04035570843543632,0.2991186569135953,0.1771475973700559,0.305937780088274,0.02574701342613824,0.19204895220193655
0.07878967239484103,0.1675581573195558,0.1121382133548211,0.020075368020433363,0.037418964650233325,0.5413602043271629,0.08316282858977447,0.3179826344123959
0.06292097934439883,0.15300216599360905,0.019091097994788146,0.17539066118811864,0.14819126078317754,0.38390672257445446,0.009310778236520064,0.28320057721772923
0.0669380159238142,0.15074475738675566,0.0460249234805148,0.32864246152001225,0.19109000855747751,0.3195779724232323,0.017826715073763454,0.14286284242551467
0.08603538776720177,0.14469096984357668,0.17993788966476795,0.09023917783256676,0.2534949377406266,0.3403759015961135,0.0889808521155634,0.22690913071512983
0.12809030194673993,0.13721717923098908,0.49622286603135796,0.070550278955935,0.20133611192936274,0.16522441937647747,0.3461689379970078,0.21672025174121706
0.08978248727686623,0.13903052967300084,0.21421544855589997,0.320315220582428,0.10456638110971352,0.13861452945581468,0.2064982154327001,0.2300056534193438
0.0612366141234965,0.14367437474543412,0.008607061110845728,0.29229402987520814,0.19285089780839365,0.17985087076059286,0.039437600258835144,0.29556660129697016
0.10941275492546182,0.1517288864683355,0.3256647832565082,0.3403751457754568,0.03186520859349407,0.33332139850458253,0.255953568075939,0.038484679050527625
0.1140051461969696,0.1372322088852821,0.39353112972272175,0.1577928463207822,0.16688086338317512,0.05707615082674177,0.3256037387984616,0.29264640067083925
0.10214397615877922,0.13493784334862835,0.3123214000826672,0.24421430125027777,0.16875249315529298,0.15030743878964914,0.23762589310158752,0.1990998737031926
0.12851328241368437,0.15157621414119954,0.45200549968784287,0.03290736702096524,0.2708249817230968,0.4261329096006139,0.24267900225516506,0.027455739400158923
0.06794533573130565,0.14818825173545286,0.05361650224128256,0.45157668195528977,0.11564760243151376,0.1485315739324045,0.09459444333847547,0.18964969834231646
0.10262933369645114,0.13589608876700346,0.31369065940919005,0.23367847133337113,0.16038196524049794,0.0632656064619322,0.27106651154444245,0.2716074454197563
0.10662967059657169,0.13876145547702143,0.3360419536986873,0.26241083819766814,0.07197825283086445,0.13601312774095178,0.2968968146325251,0.23270096659799047
0.14183567820237947,0.15087051697797627,0.5424232636143591,0.01355507285703406,0.03253356208566252,0.23147664848803504,0.45365167460007944,0.26878304196918906
0.12102434354538064,0.14274888358018092,0.4274943664347732,0.20215001806469193,0.04283040302819009,0.26670304159051184,0.3338368684680148,0.15447966884859154
0.1023431346468378,0.1371076329937534,0.3088313445595472,0.2815980466829784,0.350168375439059,0.0739806087302662,0.1900030301753997,0.1042499389722966
0.1095187877572506,0.1362560583180236,0.3634244845221711,0.2478510557463391,0.1805591570015786,0.19837427700733304,0.24943276105687143,0.12378274918787785
0.09320660198177597,0.13650118080590246,0.2432697049631682,0.2956448531088123,0.17220954155262988,0.051031621921409434,0.2248292268407096,0.2562847565764388
0.07993845367030256,0.1427691298886127,0.1396552159830236,0.09482434207525324,0.25660130302989187,0.271258943804541,0.08289287415184544,0.29442253693846837
0.1328994128196074,0.1454569570777535,0.5011751536960812,0.06780512840543823,0.09734595683727369,0.08877303127343728,0.43078977195968987,0.31528611152416103
0.06516763118757048,0.1508298848480719,0.03426132157281521,0.06997784815751396,0.20257736769812304,0.2830770498884142,0.03839889937522581,0.40596883488072316
0.07821865648685009,0.14188532992815,0.1284040886825715,0.21850066311392652,0.13736626354622836,0.2629627638872304,0.11358965829409742,0.2675806511585172
0.11935745114298249,0.13454475478752675,0.44117253947743895,0.240435114246584,0.22846637376806705,0.05973976566309287,0.3174727537804327,0.1538859925418234
0.10090330505595202,0.14988201930529704,0.2729033492178634,0.08188024213093495,0.0063630963259802,0.2825122895584775,0.2661819774471628,0.3630623945374445
0.0602651067552689,0.15191587718606242,0.0017450891913305974,0.32411322924208424,0.028909285891315094,0.2663134457023833,0.06823043070949866,0.3124336084547187
0.08228897643336572,0.1410827359392872,0.1579851445676347,0.28682530052481436,0.18937888047821286,0.24871771323356143,0.11008128693078022,0.16499681883263112
0.08295067242409104,0.13775813670544482,0.16660121117320492,0.2774711012402845,0.15509627230238246,0.12083035581576043,0.16689814243653708,0.2797041282050355
0.14008268253349335,0.14759782844525013,0.5425735823965675,0.15608500116557164,0.080909687818792,0.3315395023028021,0.38460535570209053,0.04686045301074358
0.092626580823386,0.1443577119647654,0.2260120389782116,0.12435380315355252,0.07360009242022418,0.18037727084322755,0.23346769827468788,0.38820113530830785
0.11466597688302961,0.13390226151115603,0.4082528275930211,0.22169097391427867,0.21140254844146536,0.11997026006182887,0.28648087142186857,0.16045534616055868
0.10437047028930282,0.13772668819335962,0.3221631977893019,0.35723412777653124,0.23137174052013176,0.04606868280448415,0.24670869508610346,0.1186167538127495
0.1310028633498279,0.14601775760834257,0.4862618390584793,0.34081764857133434,0.03458253217287931,0.08684295258132724,0.42494361549909576,0.11281325117536335
0.10024246660954866,0.13939266891128904,0.2886985874067695,0.28221168890254617,0.09415902542415827,0.21675015017918667,0.2340355805648424,0.17284355492926665
0.08111488141329563,0.1446429836241888,0.14597929940491475,0.20242661898352482,0.1409871499430664,0.022005155217650115,0.20152207915245918,0.4330589967032994
0.09930125330327916,0.1353234254848602,0.29042461172161305,0.23288740274859926,0.216233088808677,0.19013739739660954,0.19569275395805252,0.1650493570880617
0.12182546060575011,0.14208729834509382,0.4351230639602411,0.10371464096623727,0.3614835100621657,0.26726190313365233,0.22331476651789212,0.04422517932005245
0.10505237709839173,0.14069235434168595,0.32021908588562936,0.16563586705891076,0.17056458076558204,0.32032427530498453,0.20253535199693307,0.1409399248735898
0.04633905983105796,0.15599497971452192,-0.08757294750088877,0.4261784985202483,0.048307453265322396,0.18435810213602954,0.018335387942240256,0.32282055813615934
0.06929862183587163,0.14606147365238267,0.06366238545560465,0.2816666174041063,0.0859156757379587,0.2633399100563596,0.0896527858388893,0.2794250109626861
0.11153115853333062,0.13496123146949135,0.3818219348789767,0.23082657509499585,0.2464234249538731,0.005512734182831274,0.2947658444401214,0.22247142132817846
0.14251423479553513,0.13942369896760556,0.5918235953179446,0.12692667410090314,0.3454370071883808,0.11725158644116689,0.36349579654361536,0.046888935725933945
0.09446602569052664,0.14827317963085943,0.2324494947524103,0.4411224746284726,0.33894984081693813,0.06051495374857577,0.15163696241884914,0.0077757683871642735
0.09179736974721084,0.14184571962190898,0.22416869421204258,0.23849229516102982,0.15327293839232903,0.3044227854084402,0.15122391501052457,0.15258806602767652
0.1041496647109892,0.14431632894683852,0.30592286426058213,0.2312146638780251,0.014977706547728854,0.2808994527758843,0.265147616513516,0.20776056028484574
0.07783261117109,0.14599383452810244,0.1221463305538248,0.2982011544510932,0.44854342537927644,0.09316194197066516,0.03969628974731643,0.12039718845164882
0.10581665673163503,0.14278397441086857,0.3208809456430673,0.2434974747107559,0.010624657911939235,0.17860039267514866,0.30505052544532024,0.262226949256836
0.11743874162482097,0.15185752424971255,0.3782409986506131,0.24476747842927854,0.029873149243229716,0.39024811792444797,0.28116151338555057,0.05394974101749304
0.11221029503383069,0.13814521621394776,0.37793777059186584,0.02776062437156077,0.2690447363803658,0.19793260761524548,0.24528217895343898,0.25997985267938895
0.08758133820356648,0.136766597382201,0.20166721064565984,0.25175026690645796,0.22783063346353494,0.1895163609152737,0.13955097301515196,0.1913517656995816
0.08750394572551963,0.13987845319222378,0.19662746547335033,0.2331808471423572,0.18136801312668646,0.26892984626866034,0.133596647222084,0.18292464624021187
0.08019956934804373,0.14089320243032435,0.14336794820199356,0.2359643870244271,0.22115917594187393,0.26262405186941556,0.08874571918194879,0.19150666598233454
0.10290026413872594,0.14287931259974668,0.300255252899376,0.04041039058107703,0.14908402332550016,0.18907991366269886,0.252882580388776,0.368543092041948
0.11877577634236608,0.138896516283154,0.4231623507572067,0.23503813408663773,0.29097247355381844,0.1981047509978369,0.24812846701156943,0.0277561743501375
0.08066820444374856,0.1499192201003106,0.137862272962196,0.19961504284785234,0.28393754410322736,0.3707543346868331,0.035819488440830105,0.10987358992125688
0.1172281624682276,0.139605480539892,0.40992776391665203,0.12260177576238687,0.4302943517120469,0.14675444990008624,0.21349723641986337,0.08685218620561679
0.1222970761903605,0.1437998081938515,0.43322085733508064,0.3769004295996996,0.17320411964828566,0.12773106954846045,0.31876686028379453,0.0033975209197597556
0.08302742054227855,0.1503157420604565,0.15319367237675607,0.010789236270484734,0.30839967013091585,0.051695429068340994,0.15207599418709816,0.47703967034316025
0.07143628431246671,0.1401532003396392,0.0815984528698073,0.2578551586890031,0.18378809573458302,0.16471016265880947,0.09429224693044533,0.29935433598715916
0.07186359478043337,0.1535835668137362,0.07724520940981507,0.254458349090896,0.05582025705512331,0.3954956630391195,0.07296229779342231,0.221263433021439
0.09656981898633583,0.13517555206914297,0.2705357472306101,0.1421219785115654,0.24486265573804536,0.13823840381604538,0.1966969983160305,0.2780799636183134
0.11042811983033203,0.13836649288040148,0.36445326307374215,0.08048813630658733,0.1681707847074212,0.24153095693896395,0.25821272481354623,0.2515973972334813
0.07484480387188358,0.13921738296267264,0.10663039022837985,0.26990447367765286,0.2123383305740399,0.18077825895993188,0.09200095674223174,0.24497798004614346
0.11333827152073338,0.14368947323772768,0.37120514341706606,0.3873918045843943,0.33309458486991134,0.0006348382298273065,0.2581372303331862,0.020741541982681064
0.14051325566322964,0.15032401496996173,0.5355980924226783,0.14959726105625926,0.034567090649421296,0.35063514866717344,0.3987154179696047,0.06648508165754131
0.07509845792468393,0.13985121847085477,0.10796086076168496,0.21944921315697355,0.2608405435882996,0.21099580791856906,0.06919268031968952,0.2395217550164681
0.06579462807374183,0.15157286122744767,0.03822998409356743,0.34162116516019614,0.032292904676764204,0.03646431084233001,0.161343082956156,0.4282785363645537
0.11896967310890226,0.14027058829269584,0.4203994139231319,0.289055676037866,0.29342122220246974,0.156475183566124,0.2566677266577996,0.004380191535740592
0.10701975518146045,0.13380302172751743,0.3514102639416741,0.1691912145522945,0.24291949111674782,0.16293459092660809,0.23238963206199356,0.19256507134235598
0.136123160400877,0.14563838572036336,0.5226861038341855,0.06828338044519722,0.5111427667487125,0.03763329378178503,0.30243516098659784,0.08050539803770745
0.11242766337024147,0.14052092241378294,0.3730950698989941,0.006532772649755817,0.23551256082543828,0.1646449096013312,0.27120836308901614,0.32210139383445857
0.08986999195636874,0.15212255318886767,0.19635478980742374,0.02433022714751417,0.0684216182985038,0.3107495354237343,0.19088972882934313,0.40560889030090463
0.08855505193603157,0.1368651746235653,0.20863636067078084,0.1980670801214316,0.25676610681264456,0.21027408902059178,0.13054772866699574,0.20434499537833625
0.09037558189604251,0.14371754555937372,0.21135611367293716,0.10528897445525456,0.11711560979199467,0.30165983049889183,0.17068361040227653,0.30525197485158245
0.09365060539650885,0.14130998343368215,0.23813324847144532,0.24575803326835302,0.2562586333450783,0.2739109246019494,0.12878793616550716,0.09528447261911217
0.10174122566401338,0.13693706949730441,0.30482049759970253,0.19746018009348887,0.12588789310607498,0.2038620212088202,0.23930850474022286,0.23348140085139302
0.05940356942729137,0.15148856896782162,-0.003937132529354846,0.186843563739318,0.08323725650519825,0.21476709613050848,0.07113227256259363,0.4440198110623817
0.11158400710014672,0.1436299901749863,0.35914509941343903,0.19124999228248357,0.08540719999908841,0.014071121822158833,0.3571019809433517,0.3521697049529175
0.07984104213118504,0.14649514067669261,0.13543822709432538,0.18814967083351428,0.03961363249593379,0.2262789164090849,0.17191647959430637,0.37404130066716074
0.1263914989448522,0.13721125160922573,0.48386337247278777,0.23030777138105124,0.13861281824451452,0.08283933234149293,0.37563578088091865,0.17260429715202272
0.052720688834046986,0.15348282566483504,-0.04742752900476994,0.3725619677879005,0.07608114245343173,0.26284908636389137,0.0149055914164248,0.2736022119783518
0.05085536468610518,0.15535888574636283,-0.05886136006938313,0.5337378608807267,0.21271988203841502,0.02159053164490211,0.01713898266273126,0.21481274277322485
0.11519641789418511,0.1541179163165553,0.35814407054928454,0.09483754835134456,0.013839440362089823,0.4481641846703061,0.27174013616960224,0.17141869044665725
0.06985473114547502,0.1495559890739733,0.06589325647534372,0.28353440275279784,0.03658483053358418,0.3011231399076563,0.09890237633093765,0.2798552504750242
0.0773521009190167,0.14158933700350854,0.12255231422255142,0.16459438878419166,0.22567874650838185,0.26862087848174865,0.07873037166802094,0.2623756145576569
0.12253873112554155,0.13631834199668777,0.45876974594556835,0.2150724381641818,0.21288020413339226,0.1879622272301088,0.2989660255762444,0.08511910489607276
0.11468162452658034,0.1368648286955506,0.3995301426067398,0.17682500453556718,0.17299073334085696,0.24330954844183061,0.2662219625178599,0.1406527511638854
0.06502588795616039,0.14174789369561563,0.035456526549543,0.26144630389155527,0.22426296320066116,0.16830329732117824,0.0498514381946036,0.29613599739200164
0.09433450312114898,0.13867789247788817,0.24758454651756068,0.09927844351213357,0.35502398964225274,0.20488043308169443,0.12757601602668428,0.21324111773723478
0.11222574245293772,0.13968450509672978,0.373883577256991,0.0662793649319869,0.21143416054126624,0.2981853213555725,0.23279170766664925,0.19130944550452497
0.09085104033964857,0.13627975213408816,0.22638022051356288,0.26951039042861435,0.2387225032477005,0.16905433973192424,0.15440294176392544,0.16830982482783555
0.10841175411965454,0.13795694602207925,0.3509192941391041,0.12167696627501305,0.23882896255582076,0.02385011167350506,0.2874293046324794,0.32821465486318185
0.11289702173285127,0.13873518058312356,0.3812805195518369,0.06784802267512997,0.28719001918985504,0.2709320244257439,0.21513083374858646,0.15889909996068466
0.0586142380431383,0.1525012104958949,-0.00908689152273321,0.3210025493337731,0.048208301384785573,0.2916835113308144,0.04605657459110545,0.2930490633595215
0.08519023206073316,0.14714023151153252,0.1711988067570684,0.10182042453064795,0.3238442282295653,0.34856443554120076,0.054939269578897006,0.1708316421196892
0.09570940903049534,0.14142863954947604,0.2524906493073003,0.29799096467792574,0.14684291702908273,0.2623166872557529,0.17883683125953684,0.11401259977770177
0.09490255908473888,0.14517005097183158,0.24042534152937153,0.13300790655709377,0.0945830415598394,0.35455218011994905,0.17990168649642568,0.23795518526669213
0.12216762513643775,0.13804086447277228,0.45035667788577155,0.14813440910574002,0.17369584016732148,0.2604410379130049,0.2950918631067681,0.12263684970716553
0.12100026180782744,0.13703629766700104,0.4451394473313809,0.24909532760880296,0.23013407474818875,0.1726406227573936,0.2877842066031723,0.0603457682824425
0.1139803947328737,0.13782142567254246,0.3916691071033375,0.03477055482652999,0.27175166788516353,0.1397482554722657,0.2695262876848583,0.2842032341311825
0.10759440305660893,0.13888301434692163,0.34269419684196156,0.02467444490283663,0.3490208532664449,0.1771125525275886,0.2016510338737565,0.24754111542937351
0.0918171949010799,0.1443905117430469,0.22035516404083974,0.32702345204211625,0.006748195771993731,0.1683310933950456,0.24277359562583464,0.25512366316500973
0.07319768416078996,0.14477831135487615,0.09115788157274612,0.30247985473989997,0.05871770990573379,0.1307680766363943,0.1566774566503044,0.3513569020676677
0.05533724049643386,0.16036225938015516,-0.02907641437323845,0.11361273789294023,0.08587594629468714,0.39022220053007584,0.0036123638590615536,0.40667675142323517
0.05987331230836122,0.1437689862853543,-0.0008811892947991106,0.2652022570931521,0.32462324769803236,0.11544218396545312,0.005609226474741007,0.2891230847686214
0.09878495968653361,0.1345938222764411,0.2881630005786857,0.2574662030604383,0.228554592137217,0.044092020987351516,0.2325522782509371,0.23733490556405618
0.1121588657861534,0.1419022656509389,0.3675689429403292,0.22152296094706067,0.25770968653146265,0.284555038888297,0.2064070425444913,0.02980527108868849
0.11349739879796236,0.1478013040480752,0.3619548497390883,0.33724012552033145,0.05370175952248023,0.28185402927308695,0.2815521198156553,0.045651965868445984
0.14559921808868592,0.1515615412912507,0.5647819186807608,0.152452639542759,0.04851191801238539,0.353240647088979,0.4141887502356487,0.03160604512022793
0.06055480453318089,0.1461662239675295,0.003795709556704036,0.4056132119185832,0.22192503198803315,0.12721794804208267,0.03264137455825375,0.21260243349304722
0.06487049213789693,0.14586527617702094,0.03339034666472741,0.3918496299494917,0.3487302122412679,0.02477112517491621,0.03595468636156354,0.1986943462727607
0.10820806584820544,0.14271835918068831,0.33778461387137804,0.11619250918788285,0.09143984698479948,0.11057117814292382,0.31615875862793913,0.36563770705645476
0.1115679382918504,0.13728027936204115,0.37563981171580607,0.17347848801354634,0.3880269589559305,0.1376751843637568,0.20402621147963587,0.09679315718713039
0.08640097146664058,0.13723127140471814,0.19238305669252068,0.19837689893730986,0.3032232666920709,0.18692204085643604,0.1108270157325437,0.2006507777816395
0.10355196987596642,0.1385527088126551,0.3143350299621748,0.04820648944602357,0.34851039799613326,0.19729724458493744,0.17622399963653765,0.229761868336368
0.06948479622491432,0.14956042009914475,0.06341782283458941,0.2675663755494994,0.03073829762252469,0.2923337599581719,0.10360828230041222,0.30575328456939166
0.103669224394791,0.13968001959195925,0.31263758784083706,0.289417023964271,0.2828807732331934,0.19440294418704307,0.18302693480717921,0.05027232380831335
0.08824762828515766,0.147556832422645,0.19143558330290233,0.39527149585145277,0.13836451208471104,0.25321534473053026,0.14492294297824376,0.06822570435506221
0.09925874856828862,0.16125608411161654,0.24345592158318138,0.35969454385651406,0.031042327937389,0.4277345941903156,0.18145157786220195,7.695615357926779e-05
0.14002513503646888,0.14886298940056503,0.5375757625096109,0.3186954809512195,0.02921275735515616,0.1721952111459788,0.44080877882865194,0.03908777171899356
0.11249828649282079,0.1468871594108986,0.35740555337422886,0.39090699547369545,0.0017790611332707278,0.11495383328611142,0.3450629050881622,0.14729720501876012
0.14850521663924987,0.14151439464327797,0.6254149400302998,0.053951868459869455,0.1907433260795923,0.1431728443737955,0.4462147031579673,0.16591725792877554
0.11550698508022883,0.13450510521412473,0.412675674963153,0.23191050883095857,0.26217012268439127,0.12752272483758353,0.26748218009516567,0.11091446355190102
0.08919195123488327,0.14747874983468154,0.19794005080465096,0.3677092117561468,0.034055923376971935,0.2620360632767942,0.18834564540051427,0.1478531561895727
0.06746952740214177,0.14198643541252157,0.05260733097806216,0.2848858297077724,0.3169197833657543,0.001964612545327204,0.07517255611526044,0.3210572182658857
0.10898838789595594,0.1343279574681607,0.3646924200985301,0.16467037208912605,0.23871981421550392,0.18805990278443452,0.23494526195227275,0.17360464895866284
0.13445528097881718,0.15340007439794687,0.4853666549448147,0.1587430668209668,0.05611752038277039,0.4164005975588244,0.34307487058793473,0.02566394464950357
0.10086515144069536,0.13682762315554564,0.29866156042365694,0.13297377959171203,0.3533651524633466,0.18480806986487408,0.15981545423641075,0.1690375438436565
0.05919253243744323,0.1497039853795555,-0.005393761298401905,0.11819140763795186,0.20862433568053093,0.20925018809702098,0.029623864598384782,0.4343102039861114
0.08127469096521525,0.14225216484976042,0.1495561841725538,0.1407880164405982,0.27791559118140025,0.28743705754738863,0.0716588352296613,0.22220049960095187
0.10759745355758268,0.13379041289686,0.35576131747403983,0.16549547337204146,0.30842169802002556,0.07559915607841568,0.2375171252721356,0.2129665472573817
0.12717794827504292,0.14378062222063503,0.46722532729032595,0.13813548687168992,0.06389887544120906,0.3048226386086529,0.34549952245492543,0.14764347662352265
0.06751779643216302,0.144537274915999,0.05201285576009478,0.22684600417943973,0.13900331180580813,0.2508994281876221,0.07008204733962368,0.3131692084875063
0.06722167348917168,0.14251227783419393,0.05067404436250574,0.21437891967688982,0.2743316983742554,0.043330807607179174,0.08317699861868798,0.3847815757229875
0.10820233799764886,0.13948164992418693,0.3455819315576529,0.14589020713968856,0.45549969709578936,0.008010763002435682,0.20668020501321438,0.18391912774887212
0.12369055298783074,0.14609144713014907,0.43596359841031956,0.013288225128661155,0.08550635573783316,0.2843895876620282,0.3388566133119539,0.27795921815952357
0.08322333002959528,0.14007973355086323,0.16578650916096188,0.20710729121717994,0.2321479791675141,0.00387106772767898,0.18103347200538594,0.37584018988224105
0.10557994237443082,0.13404846578180743,0.340025841464101,0.16987646755529107,0.2217559319944436,0.10207135966160351,0.2533232060364821,0.25297303475217964
0.06180308842712115,0.14570072394790576,0.012375288044319076,0.21630846899903797,0.4049907088025628,0.052096260579800206,0.007032325416374961,0.319572236202224
0.04913816485825102,0.16030995434206868,-0.06775521324503682,0.5367415939919086,0.07993529967987033,0.17660704350052447,0.011671955472778588,0.1950441073549179
0.10203805290437652,0.14500234521327635,0.28991291721899365,0.384209791930999,0.2573984326735021,0.17298472626429523,0.18473437019343442,0.0006726789377691592
0.13496499193728403,0.14606161271890103,0.5132422581253837,0.10741267122120414,0.23161353596523898,0.3490348344247013,0.3034853435786058,0.008453614810249713
0.09165166741098324,0.13938217011847281,0.22708548291420477,0.27080280985282495,0.23603564399564514,0.23518507923185633,0.13802801702365494,0.11994844989601856
0.080735910893715,0.144343605165491,0.14365659545458304,0.22818052464036986,0.04948665901280096,0.17192525850038043,0.18576172001452704,0.3646458378319216
0.1053744511893311,0.13792583246281562,0.3289771783800103,0.23507403339588753,0.14901494538070345,0.018192293528588303,0.3012284387663212,0.29649028892849955
0.12543951548918905,0.13846884790042605,0.47259377456687646,0.2337309681872546,0.2950931176370117,0.1620785502261925,0.2865916651696864,0.022505698779854783
0.06399820645052873,0.14484343300764962,0.027603643240888747,0.23590606432897576,0.1453967925895505,0.12633482173499747,0.09083406681131519,0.4015282545351611
0.10620626873583797,0.13480856353611945,0.3427546998782304,0.2645265448084387,0.1957903472706562,0.049756112026166366,0.274616365450668,0.21531063044407073
0.08069329052008813,0.13902163917496663,0.14884942116129452,0.15016784199249616,0.26079761839984417,0.10054821752654146,0.13354288697837732,0.35494343510274085
0.13065328331275256,0.14633570917808206,0.4828164206097612,0.12001548698480097,0.194165218710641,0.3677420487605788,0.29237936363702427,0.025697881906955048
0.12858634539309416,0.15667893030318109,0.4377509168614846,0.107676506771067,0.005732095395456683,0.46119518269401444,0.32724313919229353,0.09815307594716838
0.08477776154211435,0.13755091546807371,0.18013519908462838,0.32921967401527064,0.18203172621519054,0.08313309828286809,0.17204580240300893,0.23356969908366185
0.10482251524644044,0.14679035924404218,0.30535053853177124,0.035228241609516465,0.12693378322582777,0.3728786317464671,0.21239967492277953,0.2525596684954092
0.11482692221156343,0.14280835804676378,0.3839195615820322,0.3336558702705487,0.03384226436316033,0.12777574477544587,0.34346600508602837,0.1612601155048165
0.11054539836403955,0.14080617453523875,0.3589714622307976,0.0141915361969958,0.23955417034012766,0.2786094421456472,0.22521277638984746,0.24243207492738197
0.11361197928469664,0.1374391746771583,0.3900778610656681,0.07232310815885036,0.2871160946463065,0.05885795489756598,0.28436720854651004,0.29733563375076705
0.08475267014833367,0.13959514080829644,0.17731756281062877,0.2405327066434277,0.33158577399629774,0.19248075741619183,0.08771432795239362,0.1476864339916892
0.13471661047499991,0.14634942948736374,0.5105357139875368,0.24125833105760594,0.029704676697547203,0.25295717493719866,0.3988088050587765,0.0772710122488718
0.11029829078969021,0.13609772887550467,0.3695747989718517,0.1921074443860014,0.22005449371287314,0.22873229664681527,0.23271553588431151,0.12639022936999872
0.0837388746117912,0.13696378159561223,0.1733222778696387,0.31612528613594776,0.24496364346018332,0.05229511459234353,0.15426068016300307,0.2323552756485222
0.08115612926302754,0.1430659189633994,0.14787679285406832,0.10837132227883953,0.28068337457721493,0.29206874385504583,0.0712863421095476,0.24759021717935212
0.053850722379345,0.1514954978084815,-0.04059049747094684,0.46802326113336506,0.3026006124971478,0.00734103502980183,0.005482200936691652,0.21655289040299375
0.07448158542982042,0.14977808850348984,0.09668694249281329,0.3970003646492632,0.09801916032907368,0.2719112812163953,0.09518977139891341,0.13787942240635434
0.10433238157648705,0.14465804114418715,0.306463306331509,0.39810919352021945,0.34216042402615765,0.0447847221491347,0.2012520580382979,0.013693602266190319
0.09009795273242237,0.13602236894134143,0.2212720816926948,0.24679405441122496,0.3399628307680041,0.06081584982089157,0.14825649025116858,0.20417077474871076
0.10883684762905778,0.1366095538684665,0.3574921829850933,0.2975415150366224,0.3213970971966031,0.014532381819761542,0.24624666752966773,0.12028233841734527
0.11721230471570215,0.137125040841143,0.41722725743419564,0.10922244848075484,0.20991450830397998,0.2556012008110082,0.2646466631764946,0.16061517922776242
0.1138955646526445,0.13445016992613879,0.40085902964832576,0.15404280894443662,0.33970620392511375,0.1082684604922243,0.2433111161050094,0.15467141053321587
0.14025046118625364,0.14410182535894125,0.5569010731568381,0.31139647839729684,0.11400522741462617,0.09085980084782198,0.4354597724150495,0.0482787209252057
0.05766385595956135,0.1528274612472173,-0.015286153557570712,0.517878834035197,0.22605631809638962,0.03984719619540341,0.036867461373608815,0.1793501902994012
0.0952205071088293,0.14388434232958913,0.24478345967729648,0.2779941350792327,0.09059773872275177,0.3048351546388463,0.18654028191178942,0.1400326896473798
0.08771840942256422,0.1422961730016565,0.19479378002837464,0.23286360324689354,0.2074169344152278,0.30459364488336,0.11340168590384081,0.14172413155067787
0.08333276061116936,0.13856023213260152,0.16839435278110687,0.22733585353112845,0.24064967044026248,0.2269452851863159,0.10665045895945555,0.19841873188283768
0.12145584165075149,0.1351882438194116,0.4545945706110806,0.2435476023625061,0.25438914110057476,0.10465171165457636,0.3022413771998673,0.09517016768247545
0.09057439441389765,0.1529952386199499,0.19983886223967032,0.21616689921824456,0.5574454335522461,0.13500513084219462,0.04639235088326239,0.044990185504052344
0.09657921369778415,0.13603953024444404,0.26888665104956194,0.2685024080072879,0.14467644321791534,0.11684729579876092,0.23142690686037867,0.2385469461156573
0.12249252948723004,0.14077355910820258,0.4439223522024935,0.12760981979271763,0.2664505254372804,0.296223659759857,0.25148137020625383,0.0582346248038912
0.10148003543008655,0.14422512413207908,0.28760616903404285,0.4054546241137103,0.24955200454795698,0.13075917735098852,0.1968421782926668,0.01739201569467755
0.10761724177953703,0.1408348983566474,0.3381068352742522,0.06977719932583581,0.41776057345075707,6.349112017578451e-06,0.22732090400682406,0.2851349741045656
0.11015721605729728,0.1457888802358743,0.34404006654106317,0.029342122394328318,0.5226042219661932,0.12144353588576266,0.16337385962195392,0.16323626013176187
0.14757882582092205,0.15291623047857578,0.5727242003470143,0.10705232182531638,0.0006847424784615379,0.33885593559446053,0.449199526843065,0.10420747325869657
0.09640881695289696,0.14080578597489032,0.2585747219179593,0.22257905162917324,0.24904800578749015,0.2848088621602636,0.14187286670535687,0.10169121371771607
0.08744454688961183,0.1451081104913658,0.1891317225252191,0.1351313785919318,0.29603118240558846,0.3392996813369939,0.07544455255442829,0.15409320511105737
0.10377977097798785,0.13857959078814686,0.3159178832106385,0.2348230471412355,0.21002526673782537,0.25641107023823606,0.19637097368305864,0.1023696421996444
0.09458020500103852,0.13520342777176764,0.255764262570415,0.2285815864567254,0.2558178264410564,0.030363031164523147,0.21072469721598322,0.2745128587217118
0.14954638389538386,0.14355294131660953,0.6237864795670547,0.06622993130916054,0.3089934382923469,0.23107177764621198,0.37691305261067176,0.016791800141608717
0.10968837852895995,0.1359286740248352,0.365547437914987,0.10062164626172304,0.2281318463682092,0.11246666783876358,0.27093650169680583,0.2878433378344985
0.08655726761593964,0.14383529738077588,0.18463665108317925,0.04223166793040029,0.21168343188834898,0.2096385392493873,0.15212599328152143,0.3843203676503421
0.08175113829818766,0.13790656122175987,0.15772373776481063,0.22848226240678723,0.1925060547868169,0.19723228924120614,0.12748416126214152,0.25429523230304807
0.07703381800203882,0.14086726345840153,0.1209210542168937,0.20633121063523888,0.21654554447096655,0.2559673162187163,0.0814136123143198,0.23974231636075843
0.12194438607209673,0.14140220059007802,0.4380722917578362,0.07201113596208474,0.12737343513562163,0.12378413960393404,0.3609122768496859,0.31591901244867365
0.11507539438306,0.1343357717100117,0.4099830870213058,0.2042054661828891,0.21174464716775393,0.16369547993602843,0.2758263037086664,0.1445281030046622
0.1183320390492804,0.14351246403193793,0.40645974161727805,0.15540483876876768,0.06658423403769718,0.321089293506205,0.29994961571678785,0.15697201797054225
0.1102446963831621,0.14487163400872768,0.34682218314825625,0.009881453458613677,0.3290746168488063,0.004478403453983529,0.27600771505180594,0.3805578111867904
0.115021229141597,0.13989497390678263,0.3933038307599225,0.15966839738510064,0.08572342263495455,0.2571523168680169,0.2981061668069358,0.19934969630499216
0.08934073915158425,0.14381893172337626,0.20401166105181978,0.31148526054994613,0.016642666136092815,0.16259633178397082,0.23141639266015954,0.2778593488698307
0.11679258301673154,0.14283641405349332,0.3976057743613074,0.08700736680632791,0.38830693021738055,0.268273817269575,0.192479840938253,0.06393204476846352
0.06455753298409266,0.14709031326508984,0.03098458955539076,0.3469765302402502,0.06306527162777258,0.1242224007135617,0.11630588877369959,0.3494299086447159
0.10103642489228035,0.13365167250007454,0.3070401149844007,0.23065639175932157,0.2731661045660115,0.08588042908142089,0.21425682115285405,0.19604025344039208
0.11884237407597535,0.14234336344563828,0.4133833334523361,0.336234936537767,0.36581053449742396,0.0049079997561645786,0.27211909054506,0.020927438663584513
0.0825946893884899,0.13852704618238246,0.16310670017999307,0.2591989394364244,0.13583478417857936,0.14487549217947523,0.16668493289984643,0.2934058513056745
0.06656335932618386,0.14370199323179386,0.04567340493041768,0.14377700064071702,0.31535782874657653,0.17411088206041825,0.029419605253019718,0.33733468329926847
0.1117705702038897,0.14723134705410712,0.35162736224144003,0.15937344523653635,0.24136321727216728,0.38228651200656194,0.18541781146851674,0.031559014016217565
0.10636806970920624,0.13536770860440034,0.3425341995313865,0.11456387114225783,0.2893650587274121,0.1966179154316155,0.20573126673981185,0.19372188795890263
0.08454258024219603,0.15171821131818664,0.16176423402939294,0.11387302415979114,0.23939107576248628,0.4297244416223187,0.058010524800540066,0.15900093365486379
0.0737787373620307,0.1535089228336952,0.0897585437229468,0.12146373695322094,0.18990591592269948,0.4309483029534213,0.029672618805114147,0.22800942536554406
0.09604509561288505,0.14047966166297585,0.25658586578433457,0.07458515918368583,0.4036361219112658,0.047114960656480416,0.16782927759315053,0.3068344806554175
0.09526718798211835,0.1381551925597251,0.2552722581662806,0.3298945493183348,0.1979348473367985,0.16225351749576944,0.18617462499431023,0.12374246085478693
0.08637500097568031,0.13889607418435324,0.18989018322197818,0.10800606676361788,0.2540810945998288,0.1412499863333549,0.1512061531209409,0.3454566991822576
0.051839756850045465,0.1475805613078678,-0.055293482269195664,0.3619129760013723,0.22556088292038418,0.028764888151068334,0.028243300213171306,0.35551795271400377
0.10588363363975996,0.1436990587404629,0.31930364778958714,0.13151224535534048,0.040727585440128396,0.26499878668513943,0.27588291941798704,0.2868784631014047
0.0784129480527704,0.1582566942856096,0.11634862042259088,0.1229747042764523,0.0069492065470793596,0.44379797951314687,0.11538243874245784,0.3108956709208637
0.07771274786313129,0.13765096491772089,0.12867870467685322,0.28284323849495785,0.2441681008790662,0.12524766430210207,0.10851188950113405,0.23922910682273982
0.06407996228887594,0.1423431175696771,0.028662870102439605,0.2869481571135872,0.31366455186823095,0.035087898174204636,0.05129662744990602,0.3130027653940712
0.09468293704402704,0.1343695603377119,0.2581160268505619,0.23676050983254784,0.2838398763604842,0.06513660707724998,0.18888048400453147,0.22538252272518658
0.11212237149304999,0.1381996554685307,0.37715268765571364,0.35062987669683116,0.2104215204945887,0.00793679553465976,0.30052598078964887,0.13048582648427148
0.12849038292700934,0.13690997875014976,0.5002585169631723,0.1588079200006601,0.33774573041854483,0.14074263451029623,0.2962040836040565,0.06649963146644244
0.06595449176333634,0.14726722648170343,0.04043324441963422,0.30660272373314595,0.4454581261159171,0.04645730470267094,0.0037934078739961068,0.19768843757426993
0.11264981407042905,0.14644933529522902,0.35950872678453366,0.037832708136114813,0.305676210716604,0.37354571912427503,0.17727506777305552,0.1056702942499505
0.10503469145308801,0.13537313191846706,0.3326708248148654,0.18331953692389327,0.30529720458891185,0.0038208840391536197,0.2487513968295255,0.2588109776185157
0.07301707443400703,0.15487902908129783,0.08404672027724433,0.33839940027040044,0.12843286216483935,0.37892342305006715,0.04849834431642048,0.1057459701982726
0.08369606346404392,0.1451271507268839,0.1632779486495794,0.4192961408642,0.3529963985068753,0.006568267228005952,0.11868576922073219,0.10245342418018644
0.09437726231915157,0.14327792397972264,0.23993411800143616,0.1527764095387265,0.13966177645756242,0.03527444515271573,0.2589130203336233,0.4133743485173721
0.11103846877114605,0.13553129657528756,0.3765806869765627,0.19256830625369792,0.21356021495064578,0.025755633384557424,0.30199006745560153,0.2661257779554973
0.10191384891815766,0.1416933465540217,0.2958067540749183,0.2435740468514188,0.24898758720855532,0.28218457952797227,0.16465996174063108,0.0605938246714224
0.11036638874307854,0.142071149536251,0.35451524751847674,0.22950171094407018,0.2764220249287807,0.2745749111260845,0.1940282486317729,0.02547310436929169
0.11195446734850534,0.13779424533715107,0.3770438106568574,0.13829365163864996,0.34311974443679294,0.21779239028552455,0.20060709966483684,0.10018711397419557
0.11664155793356942,0.13567935210541365,0.4174663060711167,0.11615700588360815,0.2822663205775639,0.2101087774943392,0.2482312053455203,0.14323669069896858
0.09162772518226632,0.14209756578580857,0.22257752979344153,0.2567994991759445,0.10120597816172759,0.28744591378184975,0.17422973866784597,0.18031887021263213
0.12184854831708421,0.13628765774141277,0.45380887265986614,0.2346889652528592,0.3384062458995727,0.023134247332373216,0.2980925337787992,0.10567800773639562
0.12886026008671883,0.14900601546106815,0.46213073931039006,0.3348601357074458,0.016529801009872058,0.2270869849348854,0.3791479837374631,0.04237509461033351
0.1190515889031208,0.13500457354859136,0.43740435861505633,0.1820416138898914,0.3436656135125532,0.03906764072555156,0.28336638976034,0.15185874211166386
0.08099575700722689,0.1509672578045765,0.13907490480091644,0.501719289944952,0.19928412612467378,0.12213607313605312,0.12287914962113428,0.05398136117318682
0.11416006214232072,0.1389605764886758,0.3897512770230508,0.05746123110672634,0.205588693894255,0.2729002275516905,0.25198758143626254,0.21206226601106556
0.08988159276812538,0.14101985807613046,0.21189634691018916,0.07490009695878881,0.19614056213284445,0.210125631166515,0.1695325872661345,0.34930112247571726
0.10719787570497397,0.13682579439329653,0.3449486693225902,0.1869899939897554,0.1246076575278763,0.12352639609266981,0.289292321272039,0.27558363111765943
0.0977175850796186,0.14424574733839138,0.2614814355055857,0.10778799973169062,0.32000247698349293,0.3336693165602785,0.11442300839602011,0.12411719832851803
0.08049931755657234,0.14633089294040896,0.14008878880360814,0.17940639318952056,0.3339234293996659,0.3109309521873758,0.03639261331416306,0.1393466119092747
0.11287396397905608,0.13503148575845406,0.3915676679558845,0.1986168358847305,0.18058507847912245,0.06958162958563754,0.308247832293712,0.24296862375679767
0.08751334349236824,0.13767633494625345,0.19984076060064346,0.2397595753867103,0.24572729567301393,0.21413496642134758,0.12567596937982473,0.1747021931391034
0.13887392826814515,0.13817222607911617,0.5708377906785888,0.08279865064136087,0.34781149455644156,0.09255068195444167,0.3582947912373481,0.11854438161040784
0.12241278148789127,0.15192634757746876,0.41080946447466177,0.0677151076714285,0.09521168232205708,0.0011475640905970496,0.4140280077589776,0.4218976381569398
0.052943152090547264,0.15665799341686892,-0.045046203870838374,0.5450601131328647,0.17080351585986608,0.0884427793693877,0.0202481284464849,0.17544546319139656
0.06515772759581911,0.15384093799669407,0.0335263660179318,0.4909997921348233,0.13312432197064483,0.19525853653283032,0.058061727128019,0.12255562223368256
0.06854147659501225,0.1419721832845069,0.06016302910476102,0.2851167489092381,0.3337293319627027,0.13472793486508675,0.03170190024143486,0.21472408402153745
0.10801443522988083,0.1460788217939018,0.3286885438987381,0.09053790749698722,0.08487475100532525,0.3710619932503205,0.23824830601025912,0.21527704223710786
0.10515370055521114,0.1363097492549779,0.33125804135071557,0.14933375912330024,0.15406374557530159,0.1942766097999729,0.2501363842349037,0.25218950126652157
0.12466489082545447,0.13752403963790114,0.4702079068918876,0.06640105234376326,0.19341404405212673,0.15932103472608056,0.3366683618913061,0.24419550698672332
0.07000368940063226,0.15225481032327517,0.06570360160964318,0.311780190915832,0.06756335930231534,0.35459991513305666,0.06862267988864248,0.19743385476015352
0.08945138368753622,0.14167389646070777,0.2078815111554749,0.06133973878620566,0.2971928927501854,0.08856956569630571,0.16827373960812475,0.38462406315917846
0.05940583716971045,0.14924326769149007,-0.003981170068708078,0.10519434977945229,0.2614485565435384,0.21586624157880818,0.00933134524733004,0.4081595068508711
0.1114964700799723,0.13996373753141908,0.36792722878247214,0.02851914180838277,0.1958891832768854,0.2315859788904687,0.25956909234662723,0.2844366036776359
0.09387646719793206,0.15011463671414318,0.22567064704317646,0.10738846687804449,0.004231039767401982,0.30674290142637667,0.22712046286674728,0.35451712906142957
0.07841419416732268,0.13750432592633222,0.13391719891916753,0.2508059294718465,0.257504504462455,0.14812069731344263,0.10187139688778696,0.2416974718644689
0.11932622496009224,0.14271936997758958,0.4156844650407853,0.15898587289615038,0.06462463586201601,0.30119779292290444,0.31091598215169874,0.1642757161672306
0.14455001053971628,0.146659222514059,0.5765066055195484,0.03190970800809974,0.16348034169962264,0.33871525034738653,0.3801248295444982,0.08576987040039286
0.09845029663762568,0.1406596567440499,0.2733569633799934,0.02355276885567118,0.3085399130072132,0.13694295770646853,0.1905223621745929,0.3404419982560543
0.09330971695536946,0.1446240983633806,0.23031927135459757,0.03381887278438005,0.3293844188186096,0.03764999778744178,0.19076072755317167,0.40838598305639684
0.10017836855954726,0.14135109863947362,0.2842451805912393,0.17126606054773358,0.3939894657495897,0.22088584714355697,0.12689204180235858,0.08696658475676113
0.09670067727310044,0.1352402423694918,0.2713739389258857,0.21562795438938848,0.22916942063421156,0.04227024758011257,0.22734910175742337,0.28558327563886393
0.07059431553007997,0.15114401613169048,0.07009417773343561,0.3122970242240214,0.2837746653795475,0.3062596416398591,0.003613970563469081,0.09405469819310298
0.10537642937630408,0.13718275881532024,0.3307735590694109,0.24252698997567096,0.17739651175445126,0.0019475470141043603,0.2948712361787823,0.28325771507699116
0.09197795890242674,0.14501025093380523,0.2205220575545666,0.19963777506755115,0.024194250268604372,0.27902992705285024,0.2124857951631336,0.28465225244786074
0.07037341032204603,0.14074510144830665,0.0737035265547484,0.2606396212350651,0.27841036678981096,0.1795995562205284,0.04865217904681985,0.2326982767077756
0.06801736250271499,0.1408289303465437,0.05692979761322004,0.23700363493645837,0.2835199611126527,0.0648897937522282,0.07447507406773136,0.3401115361309295
0.09511316980799712,0.1358978997390165,0.25837904688321006,0.20445336274038475,0.2475944875097067,0.2068353211185465,0.16279203283080004,0.178324795800562
0.07150241616803031,0.1438244547473474,0.07997538518909252,0.32560154150849774,0.2119609185925579,0.2315837625765716,0.0573022830226591,0.17355149429971392
0.08815152815853619,0.14188191319997537,0.19841519982084002,0.4105612441146486,0.15527501360314402,0.11591019365862344,0.17985154137344045,0.13840200725014346
0.11705657931595322,0.14702591259752068,0.38807158757207655,0.09583267634857022,0.18944718134047905,0.40481842146413194,0.22610528485164252,0.08379643599517637
0.12337221263392491,0.13781847943690514,0.45982376886502674,0.02918613534720717,0.2639686476623843,0.145149723780841,0.31162204785860786,0.2500734453509597
0.06727358574055532,0.1455356531677076,0.049978033438813976,0.26866675542047264,0.09175967919068617,0.23361484780471473,0.08909945169184083,0.3168592658922856
0.06587478867375793,0.14249630467937952,0.04122765630292211,0.3007488946074396,0.15336346552950073,0.1273706323779877,0.09023142681553928,0.32828558066953273
0.10640956953813673,0.13726051539022696,0.3381130356839759,0.08558413508608459,0.23294411601428922,0.10355255202153332,0.2590306143099542,0.31888858256813873
0.06266163760967385,0.14250864128023674,0.01867702607900007,0.30948530406116737,0.30265381177957107,0.07467280312132339,0.035158039450460615,0.27803004158747757
0.11234402069926382,0.1418875060761361,0.36891212021991765,0.32739198678779313,0.3842751750021994,0.02768573507375344,0.23071505978303777,0.029932043353216177
0.05315158395814699,0.15127949111177427,-0.04526995689582928,0.36851603158040963,0.10202119119164606,0.23361124393041763,0.016338417899142952,0.2795131153983837
0.08414180957161663,0.1413682222361365,0.17077253423538852,0.09685059014696129,0.2692156076078196,0.26627705625885617,0.09752916826301218,0.27012757772335066
0.07692063573036419,0.14205934967967992,0.11910962403050128,0.28525579176487664,0.23636278178516376,0.24193403479682346,0.0713051618883672,0.1651422297647689
0.08716770956860219,0.15824690349989204,0.17167924912110982,0.03008015835688295,0.04245197785714035,0.44675399052729203,0.14608916552783732,0.3346247077308474
0.09117311266262022,0.15063865253275663,0.2069396674657693,0.2739878183526964,0.29143189386599094,0.338849439065814,0.08202548863012875,0.013705360085369878
0.0776435178257733,0.14912614277699257,0.11831270826978957,0.24076373844242627,0.07616574514925806,0.013130963738952837,0.21103964099441594,0.45889991167494687
0.09507283921379135,0.1523554867995493,0.23020397854089694,0.31813260205056093,0.1757475610062381,0.3676697705602779,0.13036924177856826,0.008080824604354919
0.0607324558177635,0.14580355438368392,0.005023579986507296,0.2525571822168789,0.20609681167889982,0.25187957070234895,0.01286587585043499,0.2766005595514374
0.11092966746383613,0.13509528719066013,0.3769907042868123,0.19010254458627548,0.1728787092011184,0.19166375840755198,0.2652526395897744,0.18010234821527982
0.09020871226799294,0.1372289545373072,0.22013366180517227,0.16703333614628776,0.2848374842049983,0.21757308152949273,0.12716715994842828,0.2033889381707929
0.10973981122368089,0.1410133270122404,0.3527312792170581,0.1266911036780585,0.07449695503239372,0.19427004953277965,0.3021151296638149,0.30242676209295327
0.11451741917781505,0.13871490072808057,0.3930177572248292,0.11180800979301006,0.17255822325346726,0.0692080237864908,0.32558588582750825,0.3208398573395237
0.11358603998169699,0.1413585095306351,0.37907898264931733,0.23068803237858357,0.2857061514585318,0.2539842665973019,0.21067378165383033,0.01894776791175239
0.08187101736886307,0.13931039802941828,0.1569948667022296,0.14566923969935086,0.21614625070319937,0.21702562367295034,0.11951791962212974,0.3016409663023697
0.1124900706169067,0.13879938051540627,0.37817222542344475,0.06188380633858738,0.18501850000230474,0.2554689793185031,0.2577807255954813,0.23984798874512356
0.12726768920301634,0.14530082065383776,0.462954640588533,0.14911934466469473,0.0846146693416027,0.34447898656160253,0.3246326375339186,0.0971543618981815
0.12115127530404472,0.13964502887948804,0.4379051355764159,0.24871165845349374,0.1605450238534928,0.2355277610536326,0.2953501538699531,0.05986540276942775
0.11025146195369978,0.13977706798927053,0.35951148980716313,0.006499172275674708,0.2644845569186795,0.20697602108078617,0.23750898123739456,0.284531268487465
0.09569994160354056,0.1367644617980789,0.2610322969445709,0.2516610047516037,0.30122425987512413,0.1680021466760892,0.15313107532452397,0.12598151337265906
0.13125457508282404,0.13780688429978263,0.517061070242457,0.061284984503171006,0.2283296719454959,0.11045997181313327,0.367375453791817,0.23254991794638274
0.05335714816737877,0.1476632369032219,-0.04498649746500502,0.407497038203795,0.24396245876740022,0.03573561247298181,0.02181952370340743,0.2909853668524154
0.12069022279517452,0.140620451845936,0.43158887628711956,0.027153498642672205,0.19485536935247436,0.2828758039177813,0.28349930918974237,0.21161601889732973
0.08228721118630317,0.1447331815232372,0.15398826275870203,0.07297944388539276,0.2981606909728351,0.30614044147007313,0.06794273934880364,0.25477668432289535
0.06818782714807912,0.14934337495427197,0.05482551302048845,0.09506952504448184,0.2663226071752485,0.33089167512373274,0.009962873654999784,0.297753319001537
0.127157112049757,0.13871897329844127,0.48412347967191605,0.20958312742652502,0.32764948472425043,0.15652645302022536,0.285238521159834,0.021002413669165203
0.10601927178020361,0.14697394444108222,0.31311176926772527,0.11003000977825197,0.021993113802810698,0.3200826728923025,0.26810994300033075,0.27978426052630406
0.0576692246515294,0.16335475351346948,-0.0142681819680161,0.5548467280055996,0.05034236796096081,0.22809754067940424,0.04202018842431173,0.12469317492972383
0.08841301355252325,0.14137658535612163,0.20097396949397295,0.18564546273620558,0.3796888375963552,0.21737047476869642,0.08173027209429888,0.13556495280444392
0.12877907423042576,0.13854034776538712,0.4964551868088316,0.0448034637968825,0.29602474460353906,0.2309883155390785,0.29440773966474626,0.13377573639575363
0.10397907952292937,0.13911989483970577,0.3161235822784524,0.14387418215841444,0.41259621127037,0.16862367231298997,0.15473568626164727,0.12017024799657826
0.1569897715307592,0.145506858016346,0.6665649499480191,0.08773826111456356,0.17351789258256195,0.2404023944178238,0.45601130294024794,0.04233014894480274
0.08633801245181968,0.14111178724279147,0.18664643802224348,0.08868092969404476,0.34081996859383407,0.06189426722254166,0.14434721343190018,0.36425762105767934
0.08929347159178469,0.14813450122027327,0.19774914925609288,0.09755829835873364,0.052100362651674496,0.3051192987206022,0.1904371383414364,0.35478490192755335
0.10257435342331651,0.14762442813034576,0.2883963986348199,0.3702054526132,0.06316597315209566,0.26745043476929375,0.23282030459842612,0.06635783486698442
0.0634110533978914,0.14675109329208239,0.023243802287062302,0.32376324444987037,0.1419790457089287,0.25311411067273365,0.04268721039249415,0.23845638877597308
0.10375326407818433,0.13690864369941938,0.31957999798934456,0.14856226563041136,0.3986602929407145,0.02762120010429096,0.20292547613717613,0.2222307651874072
0.09786637727878988,0.1358484476967137,0.2787398599012914,0.20106896426644227,0.1592695726136713,0.1850407851341608,0.21550232495640032,0.2391183530293253
0.11294481477523943,0.13844939485090485,0.38241275689399234,0.08789625951403761,0.1506654193427667,0.2352600265181674,0.277081372365492,0.24909692225953622
0.11783802004642857,0.13907429773816363,0.41587856985135174,0.1621960035585217,0.08521673995619339,0.21368643141772256,0.3238274046313013,0.21507342043626104
0.12140155594468802,0.13407369778022923,0.4579686915575055,0.16382263560701887,0.2842023086052075,0.12253407388505812,0.29151367614715495,0.13792730575556053
0.08670036647977519,0.15057882635899386,0.177318200210427,0.17579918018325155,0.24315357841627097,0.40836085071689554,0.06748573747349214,0.10520065321008988
0.09218717074705186,0.14260556389545148,0.22570767835292366,0.3442769924094423,0.06350103341597893,0.2054301502872367,0.2096229196502833,0.17716890423705875
0.08108756805188028,0.14151284581003182,0.14901522141805013,0.26197710847093714,0.09338469916095755,0.22456134914174986,0.15122387249075064,0.268852970735605
0.1107486253367981,0.13767498651840707,0.3686118053842195,0.10125553532090101,0.4093120528208228,0.1328365551901224,0.1997836327093101,0.15681222395884367
0.11447019220038948,0.13784634914416166,0.395151504110013,0.057292451783816006,0.2587375810054153,0.08952683114084681,0.2905154208731301,0.3039277151967917
0.12117339311799129,0.140055719327191,0.4367789720538377,0.2534505300395223,0.06344515723250721,0.1661754240064602,0.3539290317033414,0.1629998570181689
0.13739560775714132,0.14516234876064468,0.5331658547682872,0.035373248286219496,0.2263378591091115,0.34354890095208207,0.3235509277257426,0.0711890639268443
0.12884407555100788,0.14082817003635265,0.488851595055427,0.3009840085962681,0.09865004148499808,0.09762252212503471,0.39104557596269457,0.11169785183100465
0.11527957646538878,0.14888446062612537,0.37129178043775407,0.10305265779200282,0.00025578094297733906,0.3408382238629391,0.3102747402157345,0.2455785971863463
0.09539907146585028,0.1496377691819392,0.2365650841988283,0.4155137921667644,0.08420786324087755,0.25382975470823943,0.19451307327902495,0.051935516605093726
0.0994251760578239,0.1423813375367791,0.2768984807973154,0.24981896025957248,0.47316148465090746,0.02058609318799351,0.14977966735234374,0.10665379454918289
0.0964673500773341,0.13725883498511499,0.26568308030072385,0.08380944290516543,0.3196996159168829,0.16472457652750205,0.164101797879351,0.26766456677109873
0.09738988037627017,0.14149901031619264,0.2642412854529443,0.057901040956661105,0.1826187373416556,0.16115111862077117,0.22371193785097945,0.37461716522993266
0.08458886759655773,0.15603277592415538,0.15758783659985595,0.3503802296626025,0.1811741851477067,0.376838839777252,0.07773464359073587,0.013872101821703007
0.09935379565306884,0.14156314353275112,0.2779946437397684,0.0792074653565726,0.13188237310428552,0.19780938909297413,0.2383135629888645,0.3527872094573033
0.056331922896589365,0.14526266509884966,-0.02525134108557451,0.3094818119983103,0.30427473728445553,0.030497549159170786,0.021191341782815384,0.3345545597752481
0.06879709358035292,0.14486659519235306,0.06072548035433698,0.22916703911893976,0.43889062722306194,0.08403528506856796,0.013060157881323689,0.23484689070810658
0.06690998082769632,0.15875701384771013,0.043525515252666694,0.1371437092875324,0.028652267753012352,0.4184550308908283,0.06444488358848374,0.3513041084801432
0.13210653068585543,0.14056652201004155,0.5129708671365178,0.13859585114243297,0.08555721097252753,0.1872692842117267,0.39522205386829146,0.19335559980502134
0.06965222095253619,0.1491806529142265,0.06470155991397807,0.29288568874708176,0.04895395079564273,0.30146888560360563,0.09243098748776378,0.26426048736590607
0.08589217178304238,0.15296424146935314,0.16926944189260051,0.2875535349953154,0.4722296894806506,0.1968532877647249,0.033627879488441224,0.009735608270867823
0.08033996151455874,0.14476224174855334,0.14050598601456107,0.30552563247852,0.19389070289351637,0.2864539843228259,0.08662065447857739,0.12750902582656043
0.13938530697831084,0.14192286910218196,0.5593552855893493,0.01053258503470848,0.336401895334536,0.233670122896488,0.3265049051713617,0.09289049156290567
0.10218826808479352,0.134874672730091,0.312796073798229,0.1796951011978255,0.19939554574748222,0.0933205582074576,0.24923981086537683,0.2783489839818579
0.06972947938383703,0.13973561737833534,0.0696277696866246,0.2812310847392132,0.23489563792042956,0.08818584115673873,0.08950525732116515,0.3061821788624534
0.10171086744255085,0.14207788714699224,0.293577475567308,0.0033770824164430753,0.23512671783343617,0.23190747627878636,0.20447029322522378,0.3251184302461107
0.1172787013722297,0.13406008921865387,0.4272613997653496,0.21739252253644994,0.23697407583302024,0.055023941838453716,0.3086481275751962,0.18196133221687988
0.08818600881005197,0.1464696253846895,0.1924358633131198,0.12852813896628196,0.31237656657951224,0.3501477570126315,0.06951907554348825,0.139428461898086
0.053037704840235046,0.15691796284165457,-0.04436901316894218,0.5044702628786745,0.03357689449827065,0.05017403238358047,0.08843475163263165,0.32334405860684284
0.11922768777531183,0.14052324752129824,0.4214796399886435,0.0650426580697178,0.4184575712395547,0.19309537934795634,0.21678453440486722,0.10661985693790384
0.10891738584178579,0.13589125567455013,0.3599744928322646,0.14645150695837542,0.2058310621222047,0.2335887649347713,0.23442555117958302,0.1797031148050656
0.0784329578507221,0.15547071384415295,0.11856225133950102,0.35586512896896916,0.3216495879682529,0.2978980627204159,0.02188074557422497,0.0027064747681373
0.08875896872008286,0.1394393377148655,0.20624716949596425,0.08253067127870943,0.2577630004857785,0.15974036115497608,0.15632517933458503,0.34364078774595097
0.10762221789573527,0.1364146549564725,0.3490989872820532,0.2906439950044178,0.2950617384976984,0.10186529989819326,0.2242737319938443,0.08815523460584615
0.08955394931852119,0.14592879126500324,0.20252308720115358,0.09635242629035626,0.0933308893378091,0.17293388694041664,0.21734167225061918,0.4200411251807987
0.09626447439908474,0.1404898257005002,0.25812883045633694,0.05532490009115621,0.3391386124173204,0.24524499008902223,0.13287515238893793,0.22741634501356306
0.09608764363424574,0.1438468690502164,0.25087541962173454,0.1862003599865944,0.37004037056020933,0.26932498890101053,0.10206093703704522,0.0723733435151405
0.10613722620937917,0.1334370603490592,0.3457602115086198,0.17166166322670998,0.28335640337271656,0.10800222224237994,0.23016098659178857,0.20681872456640493
0.08977683113677894,0.1353072915701703,0.22006819286111193,0.24042868295252215,0.21189022964316437,0.14623738661031377,0.16957559336924438,0.23186810742475542
0.11340523540757252,0.14128345718466775,0.37800062704983217,0.16895426889866832,0.1381996610378198,0.004571947057446791,0.349543845833963,0.33873027717210213
0.06736337193943691,0.14981786747134476,0.04914882359305563,0.04653651937251655,0.2570011827207134,0.2067128706154568,0.05288721084861983,0.4368622164426934
0.15299454936646853,0.1542894174478586,0.6027279829343812,0.13026970856445802,0.040795271625603965,0.36093190085567667,0.44831760792128855,0.01968551103297277
0.06908334299975362,0.14044320489185183,0.06467627256689451,0.323730330878756,0.26159770893466006,0.05075014471438917,0.08478778840090657,0.27913402707128826
0.13080756201051075,0.1390806661401584,0.5091114672916112,0.08989655199685424,0.2846268995427276,0.2483550961933668,0.29835339633949226,0.07876805592755914
0.06692065036771788,0.15926579544650238,0.043453463113757786,0.5237245101477984,0.2328990854477547,0.187686578615916,0.027192573694541915,0.02849725209398888
0.11130656510297604,0.13619728935265502,0.37670768153195905,0.3084804742572111,0.20413273941027663,0.10097740178162531,0.273691865049162,0.112717519501725
0.1123557929211241,0.13909206765824697,0.3764110621301836,0.1888648752427846,0.11744838242488816,0.2692720532850334,0.2683382221452949,0.156076466901999
0.10088279577714436,0.14658206083319783,0.2789072246955696,0.17060428967189453,0.17631381788978615,0.3918211712882708,0.15959457754084214,0.10166614360920649
0.14697011316549838,0.14173389671184616,0.6136154807223994,0.04041127985256646,0.22269495299714331,0.23006206927562894,0.40126180858030325,0.1055698892943581
0.09630249013614224,0.13998952936612755,0.25932289579456325,0.13336501635666037,0.2829803516292909,0.28830732856855734,0.1346321188540008,0.16071518459149037
0.12210214982111339,0.1361285862181125,0.45620212143840244,0.10204429495196525,0.3137696409346151,0.039919164691911736,0.31417156025678883,0.23009533916471903
0.10486079011843316,0.1481049970564223,0.3028985585229304,0.33041647731347384,0.02030033319510476,0.2956227438387664,0.25344949280224066,0.10021095285041437
0.11922920884899818,0.1392903306301143,0.42522125248077297,0.22079380072697527,0.32666203963769386,0.18910113998810757,0.24041862222382812,0.02302439742339519
0.11865919386427055,0.1420212955026592,0.4130309729724457,0.15204027996031855,0.04235713340376098,0.2230716128556915,0.3416288370919399,0.24090213668828905
0.09149441811776395,0.14500182113526625,0.21720015563379785,0.03461180183914831,0.15983267168943097,0.24816009504278544,0.1817082428572207,0.37568718857141453
0.08867813387733334,0.14446845068606018,0.19850793540835351,0.37695820097121185,0.283101668407352,0.17280354194727354,0.11814725151605146,0.04898933715811117
0.12946570830893284,0.14281075950285047,0.4864178900158172,0.16338460584868278,0.19021265004692248,0.3111292842400769,0.3029977046394879,0.032275755224829915
0.15823191007265638,0.148103284573425,0.6632662493312635,0.24656424599615928,0.11339434033222962,0.0978203547382055,0.5160741892659919,0.026146869667413718
0.1123263971154043,0.14788113921251791,0.35384091165410064,0.185879043787054,0.07458686051542729,0.38992303612503454,0.2470095128179574,0.10260154675452691
0.07559317254358347,0.1432613287487756,0.10884425462036448,0.15231256742282706,0.22175261640250987,0.29045678361860333,0.06682896757875419,0.2686490649773056
0.09926025074888574,0.13663259679406847,0.28734175936111694,0.26548988360217557,0.2604081262290629,0.18055800149476595,0.17896850682832496,0.11457548184567058
0.08373380396427833,0.13843254122717732,0.1714467115454417,0.24106938499394764,0.17022738270162924,0.21705215158560642,0.13727854079063118,0.23437253992818566
0.0837117609910286,0.14423484877252932,0.16439689293413465,0.25855228786126927,0.04592205838778038,0.26120475843126284,0.16943569478757473,0.26488520053211284
0.07547637983916697,0.1462354014496712,0.10583196466618493,0.15290133072203832,0.13437413708437737,0.3243993743505887,0.08904234479022788,0.29928281305276766
0.11183077453810668,0.1338659348613724,0.3871841973223516,0.21952662272979043,0.23316702362245628,0.13990521044089105,0.2599022151710202,0.14749892803584205
0.1281204106177592,0.15411830044215988,0.44200079044684626,0.01736240988817887,0.12026029331480555,0.002820402811158714,0.43256557697582726,0.4269913170100297
0.10234942953926247,0.13474941950082764,0.31428283473237795,0.1341394050494824,0.24725274767030292,0.1173873274633455,0.22780926233337626,0.27341125748349293
0.06720143506657104,0.1445045217264046,0.049835361416619005,0.27956551729416607,0.11817778076738153,0.23129829565768384,0.07852541272476245,0.29243299355600605
0.14135263844679652,0.14525455573676083,0.5600694452174618,0.012287401157209868,0.2877732254671404,0.31446413412302077,0.3280723092165937,0.05740293003603515
0.07396808588698828,0.15132131458457151,0.09230745797665997,0.4130200374175619,0.07973356414516403,0.2740559100385725,0.0979933552998913,0.13519713309881048
0.074001673415247,0.13893338922659088,0.10077975851011035,0.3190144194289774,0.2435513512005535,0.09353733754720898,0.09979014511350703,0.24410674670975308
0.10217265113388554,0.14288730112831188,0.29514625023265556,0.33917435426671916,0.40218331586232936,0.03767936998633307,0.1760646519611563,0.04489830792346215
0.10032317503390456,0.15015121299595846,0.26855044477722545,0.00989064991455892,0.3944454103563276,0.3591154724632612,0.09717443821853822,0.13937402904731405
0.09684120997166924,0.15734170642176912,0.2341477718114544,0.010774878809956711,0.37947310778426807,0.4429847385416833,0.06156467265945036,0.10520260220464166
0.07755126710906426,0.1532938184208802,0.11449429135410984,0.376829623554403,0.4020211600557541,0.1820892382404047,0.021966648962862007,0.0170933291865761
0.13174352113796853,0.1435789742234536,0.49967985581449603,0.3609628782146498,0.247095709445619,0.018019801619787165,0.36681333109572783,0.007108279624216162
0.10210569085688012,0.13944052659437497,0.3019616454788881,0.3713844506487253,0.14453700610309825,0.01898873356747598,0.27751161838603455,0.1875781912946659
0.10709784663584453,0.13812234803646356,0.3409864319958632,0.3510241696897287,0.19616636122905634,0.09921499689707174,0.25573021431079523,0.09786425787334802
0.060644917120426745,0.14975216252742593,0.0043065629874202,0.3922065687850576,0.16253194211958086,0.2385000412372672,0.021935582726674716,0.18482586513141952
0.07007381038332106,0.13962133701133336,0.0721509376643725,0.28645736330597105,0.27726350511338127,0.07719908411166988,0.07780496320961566,0.2812750842593621
0.067466165385375,0.1476652349235708,0.05056142963670072,0.3466512810224644,0.035529924387396244,0.16768451075393606,0.12572996208245146,0.32440432175375183
0.07104271434481682,0.16003182566272933,0.06900323919374382,0.052500076930662214,0.1327044543393845,0.47296840424823505,0.03224105080382445,0.3095860136778936
0.11838693812737108,0.1374262948305588,0.4248600182327544,0.23738711916398897,0.17955500885139355,0.21186359385409928,0.28454889741932465,0.08664538071119361
0.087436462210634,0.14764220450651658,0.18583075416909683,0.234353608760674,0.3299953376418965,0.3114470993563156,0.06305464675923383,0.06114930748188001
0.14316190153490507,0.1412454682831987,0.5887757146881666,0.1511623017953577,0.2035276048669843,0.23023485199598637,0.38312608577922397,0.03194915556244777
0.08331557495282316,0.14954256116678744,0.1559126363150815,0.017702015716746233,0.20008842977919095,0.3559342402284689,0.09875766997763032,0.32751764429796354
0.10120700812189154,0.1464880892797005,0.28129937610976663,0.10114431858296219,0.3449302157657925,0.3486687384692493,0.11572615629250116,0.08953057088949483
0.11203546276933567,0.13971676691519358,0.37243534844261444,0.1456780608038468,0.08519289204792053,0.23814886570266358,0.2925804502664946,0.23839973117907445
0.11077632044391851,0.13744769923048217,0.3694228475863618,0.33292493446755506,0.16033058516322726,0.06313069569266894,0.29803134288626104,0.14558244179028781
0.1422624205756587,0.14440690181109456,0.569657125414061,0.30906683659362405,0.12461001409227108,0.037399787572749275,0.45700498824316976,0.07191837349818588
0.09556565137452727,0.1364817095938151,0.26058914033517494,0.24730624399629134,0.24451871311111237,0.1986159489657787,0.16498983424408417,0.14456925968273357
0.09930248612405006,0.13930446601625482,0.2821337122060683,0.3263624448459356,0.1090659523873326,0.17623058719805185,0.23339714124088667,0.1549438743277933
0.13273855796422207,0.13989544503182194,0.5199494375794457,0.18006208742416638,0.13911960509060714,0.23766076733251057,0.35827152780819205,0.0848860123445237
0.08722675640467512,0.13780320291276574,0.19757709421246625,0.24704103576705605,0.18217777053703965,0.2176531209246024,0.14704309361172868,0.2060849791595732
0.11893632221420061,0.14422254759519904,0.40864846167897345,0.005876957844607935,0.2968808206675651,0.01456102451269354,0.3228305632662501,0.3598506337088833
0.0744351616244219,0.14945365023912865,0.09658620984716917,0.12312639545764471,0.08806062915508268,0.32045854889762804,0.10594242927365985,0.3624119972159848
0.1046977436835858,0.1502371994787893,0.29751448934520563,0.037689565295046204,0.04615983026683237,0.35883767314229215,0.24694724842991994,0.3103656828659093
0.10303113052887228,0.13580306133190742,0.31686421577568635,0.11258553531568466,0.23483005361426693,0.20628114166172964,0.20937350697085616,0.23692976243746242
0.12526828010653035,0.13636293109303746,0.4786365296152165,0.25288312212979797,0.18858243094930344,0.12127414609893154,0.33780854751123496,0.09945175331073208
0.11690668815834054,0.14171581021828517,0.401554971676675,0.27509206342009246,0.09270976879274591,0.24846146726101515,0.2968354500202906,0.08690125050585581
0.16680515306232774,0.15710553547651748,0.6798306166512629,0.035440946178444635,0.07743706652034134,0.35829034425456474,0.5022276706812381,0.026603972365411115
0.12116489360177264,0.13806039416797813,0.4430299795273168,0.26081554975625315,0.12125731474155636,0.17000262321615656,0.32998787532634916,0.11793663695968479
0.10617182710107172,0.15814985255606626,0.2919498586614438,0.5493541069152534,0.016152792080491765,0.09633147228222208,0.3052806305336541,0.0328809981883786
0.07910580045156972,0.14341909693563057,0.13321657198932715,0.3040577430681505,0.2053449298193848,0.2639757784934077,0.08410659553202662,0.14251495308703033
0.11453808113980823,0.13457718625598722,0.4052550261830273,0.21095159273712477,0.30675600966429395,0.016021552526234634,0.28294827585899524,0.18332256921335138
0.060733657992728896,0.14330238364064293,0.005119649611472479,0.30910185578823934,0.2742182267826028,0.03803705705251213,0.049264298140750146,0.32937856223589557
0.0761163649267586,0.1413344080553878,0.11403001681262737,0.13514991703421733,0.36358875676349073,0.1611652616904992,0.05679422334118823,0.28330184117060453
0.11367922052482723,0.13755912133296397,0.39022654408278645,0.09141265180751915,0.16374322142062886,0.21745355867302513,0.2805337307056747,0.2468568373931521
0.097484790491203,0.15092669065664427,0.24836422456568852,0.2602534752777015,0.2615125352922654,0.36397744881214655,0.11382862364699373,0.00042791697089282835
0.10883891705332763,0.14125048340404425,0.34576106131704243,0.1143216926316078,0.0915951230377886,0.27821578053260365,0.26639370520499955,0.24947369859300025
0.1225556097456995,0.1387184585941473,0.4509537546745693,0.007092629544291418,0.31821779985782483,0.14126816171191334,0.2903938343251684,0.24302757456080193
0.11050039987983494,0.14704148182008317,0.34344321925173577,0.14762436695138015,0.05796598662090294,0.04066901747478166,0.3581595894239768,0.39558103952895857
0.09899993206894846,0.14139037299834403,0.27583159476780805,0.24391356557841726,0.03882648177924928,0.15091058141047672,0.2736248539395213,0.2927245172923354
0.11140292895133827,0.15853887378913056,0.3242291793980339,0.08201289170834698,2.131086702694079e-05,0.49403738001192005,0.24738474360457735,0.17654367380812866
0.1300574326819535,0.14251271222444575,0.49158725273306725,0.004405288500358702,0.1845458684687209,0.2907209404660985,0.32709079747799336,0.1932371050868286
0.08450685752932946,0.1443392037043883,0.169786564567173,0.24090852418740988,0.039829637712416,0.257022499955701,0.17793407239722825,0.2843052657472449
0.11219511195723447,0.13797004373018953,0.37830756986136654,0.3423230768159044,0.21161399463927985,0.0836290243366043,0.277325814127697,0.08510809008051455
0.09830555974125395,0.13817908273294,0.2772167753876863,0.05869512519486745,0.32760213880062405,0.14735536000310617,0.17647720764667152,0.28987016835473084
0.08440143607148448,0.14449693635003538,0.1688716500699602,0.32928326398229235,0.19273213110141305,0.2687247779251941,0.10813536619136437,0.10112446079973629
0.10264128731942544,0.14332953315796373,0.2975052411035931,0.1825615296065402,0.3048741497644795,0.3092644834959514,0.14291050810201508,0.0603893290310139
0.09927965871717605,0.1409650815437821,0.2786481466686929,0.2313716861089272,0.04694994760396031,0.2116501887257814,0.2536989194881154,0.2563292580732157
0.10207477925585441,0.13384757386675733,0.31434846400532473,0.21678206172028217,0.25113108013159563,0.1438436002081644,0.21010057656573894,0.1781426813742189
0.09951954963664296,0.14794242616688522,0.2671279000931299,0.11987069148223929,0.016499338232573487,0.18274851938648182,0.2845412229890206,0.3963402279096849
0.13523938243303357,0.14723376576261568,0.5110198876142426,0.37889143534096487,0.08748162248927162,0.055967077946220814,0.4294961971941182,0.048163667029424546
0.08526333884878934,0.15041182651579,0.1679611200395684,0.2736598652748687,0.33489714049528113,0.30962427586287294,0.049203736441032174,0.032614981925944884
0.08657113114614888,0.14252449438676748,0.18643203233574038,0.05006496692244925,0.2779339724631675,0.25835915128832376,0.11093899111374014,0.3027029182123193
0.11009770166709645,0.14612242316797416,0.34284746023891854,0.3563343831536276,0.01806682129454757,0.2164466043583055,0.2995180273358973,0.10963416385762223
0.11410788067362965,0.1384065521717477,0.390934387314898,0.0958071927225966,0.19102171070262827,0.2795217424124086,0.252124498099608,0.18152485606275853
0.10049651935659717,0.1423560902643016,0.2844733883981388,0.3052603738550725,0.15250962952513214,0.2679479012711114,0.19488158641600173,0.07940050893268234
0.13434040306343828,0.14051609115170346,0.5290525978493037,0.2752888781193719,0.21829866124083602,0.1406856895804243,0.35751440752517033,0.008212363534197301
0.12226167726766747,0.14741415382117168,0.422358882466586,0.1453406582320092,0.026180755904823275,0.352808920744634,0.3231584418330489,0.15251122328548467
0.09377311405199365,0.140621590295584,0.24017018994738423,0.2507733219099985,0.14695270845365857,0.28068475398389237,0.168570962664497,0.1530182529879536
0.08087564462633309,0.14295516805601058,0.14602931051890275,0.3268376377086402,0.08772237948104133,0.0421156137408973,0.2043913296353321,0.33893303943408903
0.12347346403159049,0.14325150072493445,0.44309109301039423,0.2611125351212345,0.04287161319768119,0.23448296340982588,0.3496331033359723,0.1118997849352861
0.09194327753930602,0.13771330014778058,0.23195492014952507,0.22986264261458558,0.34849496770011745,0.15778404459580356,0.12389996754860542,0.13995837754088794
0.09799049268579726,0.13929381328637475,0.2727363964664565,0.046803391902693024,0.359023643693741,0.1686139131775695,0.15741517698999066,0.26814387423600594
0.10566680709366891,0.13737570836435778,0.33242272332855316,0.15211372170564003,0.2230718330455895,0.021145061513923452,0.2800206509082774,0.3236487328265697
0.09364259378262973,0.13533869269526097,0.24858075035778565,0.22892324083725973,0.33682796691854094,0.05343437999718136,0.16846099322747704,0.21235341901954086
0.07109512925002492,0.14134232368161054,0.07849827964494167,0.31618711629203605,0.21820361978971312,0.18375657599480508,0.06893174453515208,0.21292094338829368
0.07289506521086433,0.1457302857045317,0.08848582947959832,0.09474712815857105,0.4277553805490407,0.12164042947866051,0.034113283410273844,0.32174377840345403
0.08243344695703413,0.1373529890994732,0.16332696582807874,0.18643943395246598,0.27310291920099944,0.1807237093628932,0.10821242835995587,0.25152150912368554
0.12463489341175642,0.1427698317542471,0.45272094683850234,0.21700205480143508,0.03184278506368235,0.22727286933995064,0.3647040308975345,0.1591782598973973
0.09658191439885692,0.14163308696019156,0.2582865005910583,0.18295193502953078,0.08857822913429049,0.09350266197541525,0.2671936766164926,0.36777349724427083
0.10296527099760429,0.1398335390110466,0.30726012730186364,0.025268275281988304,0.2945005077360763,0.2366907922889637,0.18387273031754992,0.2596676943754218
0.11723692146369494,0.14042729220981431,0.40759114957636927,0.028645890187032973,0.170345761214122,0.2250942579206148,0.29602768705872373,0.27988640361950656
0.11084843470216509,0.13750137598493534,0.36980309715399534,0.08689999134650016,0.29509762876018736,0.038999826056097094,0.2744768824540243,0.30452567138319114
0.10481798384553091,0.13845510146946494,0.3237004875216904,0.09518184734524168,0.38795492545669263,0.02164478599577517,0.21782741178778425,0.2773910294145063
0.08960599318532408,0.1363318133101109,0.21716129541958046,0.16686233034375486,0.2689640133587893,0.19318735649874733,0.13830676099627154,0.23267953880243702
0.055361440359206565,0.15821771252440844,-0.029317574921188652,0.33286167040777487,0.007727218827098177,0.34406352383070776,0.03016212281417531,0.2851854641202438
0.12224866604770974,0.14064047960753212,0.4426084596797405,0.14933040375245338,0.07041025588372889,0.2343049503261799,0.3430266676990934,0.20292772233854436
0.11334769218835339,0.14960408843234033,0.35659247516140125,0.025308889562854278,0.2780460415918066,0.4185586725186195,0.1777454926260116,0.10034090370070804
0.11340051919775455,0.14497837092068808,0.36833438573377175,0.16236788942768926,0.017742777374745656,0.30101142459720126,0.30315879168906806,0.21571911691129567
0.1143428938815936,0.13461490441653245,0.40369150887960364,0.11156614944774311,0.2526990097187961,0.17525853637255495,0.2609610123736159,0.19951529208729
0.11370143347023409,0.1345398822703975,0.3991488067627802,0.237974879622047,0.18159352671748372,0.1256431453129759,0.2906239929288674,0.164164455418626
0.11125054924222129,0.14282893845788822,0.3588246877388369,0.27408463385551646,0.09987327836122481,0.2833981787607207,0.25891850464610044,0.08372540437643772
0.12294976000536054,0.14442589871627654,0.4358619926542733,0.027360983718933314,0.2775074847009486,0.3506694011982604,0.240333512192953,0.1041286181889046
0.07483950385183714,0.1541681129786852,0.09625533818325199,0.4338524522454719,0.052142415619833626,0.2875983733711343,0.1063386823315361,0.12006807643202412
0.10305039274447822,0.13736676016876234,0.31339745285969134,0.13054152553056703,0.24954443457168382,0.03300754125703966,0.2566985460564979,0.3302079525842115
0.07491484243679246,0.14739271904249537,0.10119117507081407,0.2051117695767572,0.16245489889247375,0.3561367288415554,0.06167715194725233,0.21461945074196123
0.1004131122155959,0.15184275618415724,0.2661510712212195,0.028841517224313506,0.03307851172067965,0.2667760118937572,0.26312793858516587,0.40817602057608376
0.08784138929783668,0.15565972542319848,0.17886058337918273,0.32654113213975716,0.5617960841219941,0.028502637101621764,0.05736700214225598,0.025793144494371048
0.06250352462891873,0.15068368751058972,0.01661443697243464,0.07838507214461618,0.22899513144523342,0.27312220563253853,0.01928571156136112,0.4002118792162506
0.07410328909312694,0.1543002842849882,0.09140157556079787,0.5566942859326364,0.19606894148261717,0.05102306294428202,0.11229998945222704,0.08391372018823744
0.08321966830860467,0.1455690995750564,0.1595095963112175,0.05515218793960586,0.2319835737856574,0.10998222499318923,0.16021725702256498,0.44266475625898255
0.08875719953775925,0.13658549029612668,0.21054359050446483,0.2522610352079796,0.349825896271454,0.052551096524456956,0.140869344261768,0.20449262773434146
0.12715037535248036,0.15235354253819292,0.4407536197305468,0.0425490939078917,0.00232121457702052,0.3716400952013258,0.3557781192011665,0.22771147711259557
0.10367311912766686,0.13747336513653816,0.3176842225713384,0.3396659432150636,0.28819268026634265,0.016652292140925763,0.23264717889888853,0.12284190547877943
0.12750306246051152,0.13973439671473634,0.48308121727764025,0.0364733370554911,0.35453466441245673,0.2221064706607308,0.27002027139072204,0.11686525648059931
0.06159047158317589,0.1489324513873378,0.010679147280262346,0.23077669251717034,0.13907397914824768,0.05691868299257056,0.10509126493655566,0.46813938040545583
0.13158331577201626,0.13949657251977216,0.5131546566269224,0.2514332988426898,0.2029621177922477,0.1763030824893755,0.34230998573202664,0.026991515143660254
0.1388654561646171,0.14319536248537235,0.5507542618405211,0.10604117460314583,0.1322441678003234,0.29568464613292594,0.3750787993744456,0.09095121208915923
0.08919400953968808,0.1374941080449182,0.2123291678080535,0.319254212929355,0.3033027463787497,0.08203387740498365,0.14581669810007875,0.1495924651868327
0.07270657041006837,0.14695419131780796,0.08646619940624028,0.3235569730763759,0.059831935622813526,0.2643300662722615,0.11053782290748461,0.24174320212106454
0.10399276295660562,0.137515324514009,0.31991171247335404,0.11994929407368862,0.16517149454879443,0.23778232814492659,0.22965848716259918,0.24743839606999118
0.10764468361327356,0.13975120195697263,0.34092503639391003,0.032120326634704655,0.37285956192860364,0.07542170399365794,0.22403266413432066,0.2955657433087131
0.07413233728757339,0.14811414503323003,0.09541517648029323,0.14754789709603655,0.19036526830607606,0.36508802050174166,0.049538302165352266,0.24746051193079346
0.11629670349252026,0.14497298915793105,0.3883254654506131,0.15735416191781343,0.05285251100508397,0.06307532679601578,0.37720128672348735,0.34951671355759945
0.08116486607702049,0.13762110663024157,0.1537908435359843,0.2896464679650276,0.31662699072770006,0.06652152774841479,0.11350274092746959,0.2137022726313881
0.10295578704960225,0.13473455043200686,0.31881790462706655,0.19914672097248243,0.1722208893022793,0.14728516525104493,0.24441679422056592,0.23693043025362742
0.1271185040830032,0.13948380678830558,0.4811920869414533,0.08208063824277163,0.23981931364599413,0.2813695408708985,0.2899178982790305,0.10681260896130522
0.10696388268395671,0.14302329386615037,0.3283652712397204,0.30095240474148405,0.010216921011462057,0.1438658438399068,0.31633560883175454,0.2286292215753925
0.11229876216837228,0.13584670281555128,0.384983669713221,0.0854931730082402,0.22749729619760953,0.18573901186965996,0.2606553783616247,0.2406151405628656
0.08189614306450423,0.13732082163282175,0.15945246179091255,0.31911075569063085,0.2553363777998563,0.06965955895869168,0.13668758233131928,0.2192057252195019
0.05804576235431861,0.14467293546901633,-0.013507969817201327,0.3147753468455316,0.26981939042578557,0.15136574676662176,0.0033953326985487653,0.2606441832635123
0.09738584343072151,0.13989729999779552,0.2672377767927661,0.11111765089926316,0.2857861398290302,0.009315863581114175,0.22751673578434084,0.36626360990625184
0.11945293547952351,0.13746335194925757,0.4325002601527542,0.09113747333354236,0.24646020018294684,0.047772515069438054,0.3269497632688524,0.2876800481452203
0.09705391869837715,0.15520961561959357,0.2387346850287508,0.19928104066944216,0.25505485674368783,0.4385995386399117,0.09602612522898246,0.011038438717975725
0.08891794508363526,0.13850165817012924,0.20879132759633648,0.23060460515999592,0.15445199088230974,0.23836406136698202,0.15975853257082817,0.21682081001988412
0.11274286758978291,0.14207757052792702,0.37122585495939125,0.1510019150024404,0.2635264255711753,0.3208739981003844,0.2010635764440384,0.06353408488196143
0.08735950165298681,0.1400681429673105,0.19532993779586305,0.17057326424396116,0.12605563446663917,0.15665023290416924,0.19444474388180322,0.35227612450342727
0.07903229475434462,0.15260232531040535,0.1247182486612272,0.3267935836115158,0.23703973632697192,0.34203813794089905,0.045337656078011955,0.04879088604260139
0.0986778308110029,0.13591569039119808,0.28457222782504943,0.10823910673130603,0.32634826116985793,0.13479989298311235,0.17844699460223157,0.25216574451349216
0.09088444501001866,0.1447040372145742,0.2134318129923473,0.2758972527655715,0.004710783099224593,0.2206790346448073,0.22730496062812838,0.27140796886226837
0.11288793459555957,0.14635584821984576,0.3613653655719649,0.3805035914589427,0.008214955459890547,0.06273392428502386,0.3615012571022527,0.18704627169389015
0.1038535681082939,0.1357282689387586,0.32309826428332983,0.14720613934907525,0.1728715784729821,0.17705354342665375,0.2429333718796167,0.2599353668716722
0.06923061754925827,0.15778095089495164,0.05850273747813759,0.33226287232143764,0.13251677464922013,0.4058960379861073,0.022709314741335113,0.10661500030189988
0.053368829287577045,0.14938082957162066,-0.04439104222033816,0.3784097964462927,0.10803089122508089,0.0930441848273574,0.058244702410698755,0.3622704250905703
0.10605614251257629,0.134179704615276,0.3432422410276563,0.17054821832131944,0.2301768468423013,0.08153519138044328,0.25853476238576295,0.2592049810701731
0.12777724648449038,0.13823795644244838,0.4902940424521365,0.1223411215875484,0.16072837937393974,0.08206623741253778,0.38219553986963095,0.25266872175634314
0.09675325777933211,0.13969631848682149,0.2630939610824411,0.26875293272661266,0.08724657694485245,0.22485351440032617,0.22024300928541052,0.1989039666427982
0.09205229219880136,0.13851189160233235,0.23140462402191064,0.3340236106842227,0.1361344951242814,0.045216352614976946,0.23235041691569078,0.2522751246608282
0.08472733195437639,0.14166765370676215,0.1745446565068374,0.2838416687318861,0.10208235205121463,0.248992232981522,0.15409238587819127,0.21099136035718605
0.09886149602717421,0.1365343915767605,0.2846278917596087,0.2808784784570888,0.3244091086137374,0.10109274636916275,0.17644744717640568,0.11717221938360554
0.09122931960815017,0.14222136708836966,0.21958247376954088,0.0659296197917724,0.26002115453774716,0.3017983052816718,0.1228871213513652,0.24936379903744338
0.11693356550614448,0.13529583474329648,0.4208079695444236,0.2752447010385837,0.2596348142852815,0.05609663403024565,0.29343997248778975,0.11558387815809947
0.074715403294763,0.1531758174953908,0.09606871068408568,0.2723951437415722,0.05012957559086282,0.3903757937949646,0.08753307872809164,0.1995664081445087
0.08334102013064666,0.141822820444429,0.16457873322151612,0.10022148161237827,0.25576166454175997,0.2768411808681393,0.09564388123250449,0.27153179174521797
0.09133351767987193,0.13561348835497394,0.23105015629311992,0.2518361042186268,0.2246380853015433,0.04309588514717141,0.20280207915734233,0.27762784617531616
0.10205855929379334,0.13693351257016578,0.3071458440258897,0.25553436045762323,0.12415307529716589,0.18741044629184295,0.24175113581867513,0.19115098213469273
0.14566343734404189,0.14845740607834398,0.5770236703370363,0.053715136544998245,0.1397428235387737,0.35931434212776003,0.38574450364146323,0.061483194147004885
0.09338822156044213,0.13886005307139446,0.2404451159418446,0.27154456383124465,0.09375392309548491,0.1888389300356202,0.214360427443974,0.23150215559367615
0.06331438987212262,0.1492048331431726,0.02221368974651266,0.3201694630690212,0.10593424818468004,0.29063456213428146,0.04458063805588209,0.23868108855613535
0.1252816999448968,0.1370119595070402,0.4764671652005851,0.2733973230509617,0.24972140341089535,0.09297067914807315,0.32169113681928196,0.06221945757078775
0.13608335942809108,0.1390554915546387,0.5471438673689191,0.021635039461048448,0.2894088509280556,0.19179595128723784,0.34250658289534625,0.15465357542831182
0.08186794907618956,0.14265381133435642,0.15329382980826772,0.06831677956763546,0.33957402062125525,0.22284319496528227,0.07680862644782396,0.2924573783980031
0.10586622823832746,0.13484262157843233,0.3401463699046298,0.1580146436979271,0.18682792510279977,0.14249020415090294,0.25620164469542617,0.25646558235294414
0.0957224823679925,0.14358760490385633,0.2487852791465644,0.23476626853474064,0.03488170000501518,0.2776116354620644,0.22206610638852675,0.23067428960965303
0.08224348428479367,0.14494821355790616,0.15345814714651518,0.14589327813572933,0.3534078269450518,0.2915477781458629,0.04525335751546476,0.16389775925789118
0.09397838949394263,0.14631318487032052,0.23223053700907523,0.27651581658377816,0.014723514949103303,0.2999241782271023,0.21187201367674793,0.19696447656326824
0.08147644037000162,0.1494647530328991,0.14368899646376418,0.10672161651814345,0.09813547765963751,0.3715931856964177,0.11765303797732896,0.3058966821484723
0.08761710628075443,0.1505798213547854,0.18340509393808474,0.19054655229813774,0.06749659571797399,0.005193716151103172,0.263802108161384,0.47296102767140097
0.10730210039722148,0.13470793150438298,0.35114562200580157,0.18169469823825946,0.1758157407112203,0.16936736012341125,0.2562199454431648,0.21690225548394415
0.05966533654727325,0.1445109383187245,-0.0023158347500909417,0.29191299624002714,0.16770728033302307,0.16844942385071665,0.045904983941038396,0.32602531563519477
0.11548017043035647,0.14562268729259514,0.38098576164084846,0.12517450564311997,0.03673722716213696,0.33207202427450067,0.2981310925432761,0.20788515037696645
0.11477313125618607,0.13407169214507134,0.4085361374936567,0.1470044420337636,0.2733538762981755,0.06814579982287164,0.2856065834501242,0.22588929839506514
0.11730776789065127,0.13444757959701698,0.4262461850367351,0.17467010652931705,0.19095388798687116,0.10699720558657133,0.3135593516193342,0.21381944827790636
0.08753095731669289,0.14263735171690525,0.19301366006383827,0.09816289861299815,0.18235679813118832,0.3046370458852758,0.13316503690988982,0.28167822046064805
0.1158468411818106,0.1409687783365534,0.3961646106379673,0.27771939662861517,0.04405678965230011,0.16440355363291573,0.3370263393569984,0.1767939207291706
0.1345089314419892,0.14588431926282155,0.5107398232962637,8.505805416509835e-05,0.3427980141708111,0.3161526778214177,0.2780938527322526,0.06287039722135344
0.138300197048761,0.1493869194825348,0.5241435951687543,0.05299228980645769,0.0297642408869891,0.31876723679971447,0.40892487725230814,0.1895513552545305
0.09744206232030081,0.13852559044504686,0.27028985907953296,0.060277970782380126,0.25923976220493145,0.176487837221958,0.1896387309215985,0.3143556988691319
0.13930684646722227,0.14841658504523433,0.5343529932524129,0.34356033260552254,0.052870532292217554,0.01701277776050644,0.4753079729129176,0.11124838442883588
0.09201551791883825,0.1569065593355391,0.20404193460372935,0.03644890368518903,0.12856548573843113,0.026378542504504304,0.2652970147512879,0.5433100533205877
0.09170847023317512,0.1397450356193237,0.22690230170001496,0.12052339735694205,0.15688018745673513,0.23860904761256313,0.1797352081863011,0.30425215938745853
0.07464962236365068,0.14860610155742748,0.09858022120302688,0.2790452810183291,0.003193324349219147,0.25069423407575725,0.14845293405174295,0.3186142265049516
0.08591839632828348,0.14069367467177132,0.18421863234967256,0.1604517440980888,0.3276876341331756,0.25054622011401917,0.08254643952441498,0.17876796213030147
0.1051312022457394,0.13705889786775186,0.3292832712640554,0.33082383902699425,0.2859403053888248,0.03246661879324689,0.2355370439959799,0.11523219279495417
0.15151664783965554,0.1435888862842379,0.6373518884915367,0.003875981973263994,0.22397970590380764,0.13031649662281597,0.454569391035064,0.18725842446504837
0.07480903560478164,0.1566542670805338,0.09453324113519691,0.5137749933873511,0.00037123531705201515,0.19111208890412207,0.14972943650015227,0.14501224589132278
0.09932661288483956,0.14690554310233803,0.2676999931680159,0.04487094477872247,0.12313915594040413,0.36558542068699235,0.19173331446756536,0.27467116412631565
0.10540507500167057,0.14087077997710334,0.3223171974276749,0.12641518099632545,0.2938111184708688,0.30367098512417834,0.16535611921606452,0.1107465961925628
0.10975503227451198,0.14700361115794755,0.3384612927709161,0.062232841105860894,0.5555484905899409,0.03509428076605844,0.1734410142896833,0.17368337324845642
0.0687394230667431,0.15325052916750756,0.05702703353924898,0.1582030072542575,0.0811191271143335,0.38669786576154863,0.06048518212487919,0.3134948177449811
0.07259368847772919,0.16087332985894248,0.07828325856605092,0.058550778654785654,0.03334718612967324,0.42995166650705396,0.0898873190262073,0.3882630496822798
0.07003710677533644,0.15274797219609187,0.06571024564863744,0.20287663666115252,0.029001787592872454,0.35590732341135634,0.09199377707579959,0.3202204752588192
0.10220773109995458,0.14066726727257986,0.30005367928393745,0.07285070805440749,0.3685228450347217,0.00570895298765562,0.22086112997991367,0.3320563639433015
0.11357156453576539,0.13843214418465863,0.38698789830420266,0.24921011845211757,0.24238709730728486,0.21850640809030933,0.236785764710247,0.053110611440041235
0.09574990919058671,0.13755312617992224,0.259898921845114,0.15051474635435766,0.15304865500733203,0.1997020160614453,0.20831749618917908,0.288417086387686
0.09752714853538591,0.13803863744549424,0.27185974325633167,0.08725410639239893,0.37724668010131296,0.09144915116474593,0.1693503214034477,0.2746997409380945
0.07318060987402225,0.14186870742890545,0.09290709778706796,0.2761331503132983,0.25638067521746855,0.22381260332865469,0.05400799916103815,0.18966557197954026
0.07886289594302352,0.14850643100058936,0.12701736763809687,0.07335342094665773,0.31654645283213617,0.3468732481051684,0.03339533561719424,0.22983154249884358
0.07208295929135888,0.1501970765241099,0.08044736669304817,0.38475233912368656,0.38394033491861745,0.14184977118019054,0.01735245851367086,0.07210509626383471
0.13509804066887598,0.13993080052652096,0.536679847369577,0.1666604219730827,0.4027287059525973,0.059998031464370105,0.3244316673522875,0.0461811732576624
0.0769924182916488,0.14342229050784994,0.11847822421103191,0.3156825046961044,0.12277067209244401,0.2494023858824157,0.11021572072430863,0.20192871660472714
0.11314492783762162,0.14645769441805362,0.36286880009132877,0.06231825151110785,0.04739068926843438,0.304445937757259,0.29781970578326367,0.28802541567993517
0.09373385266403313,0.13819637070788093,0.24410085801268722,0.29073284947346506,0.37572362035183116,0.03209183228338295,0.1556267450924507,0.14582495279887003
0.09203333182958329,0.13816255977287395,0.2318524778510403,0.24917878147139505,0.13953870371643726,0.0582160170337407,0.2338205504019009,0.3192459473765261
0.08722794091542636,0.1391807485797849,0.19563007954234446,0.30607556110775885,0.10594538618459834,0.15754448817881284,0.19022079756223487,0.24021376696659502
0.08046219836756338,0.13896515648972585,0.14724697099935422,0.20560757043567823,0.1922213574892048,0.22265150392841637,0.11595165510359134,0.26356791304310917
0.09897354911702157,0.1538789775963832,0.2532740321374322,0.11569012316629293,0.2658827169809711,0.4540240150680269,0.10212560635771306,0.06227753842699614
0.05548769776172348,0.15011451958135244,-0.03005906591088373,0.33652879063311236,0.13059612814127755,0.2604347193124707,0.009653377733557032,0.26278698417958235
0.08551067478348215,0.14994389868030825,0.17013479713417912,0.19642577083661297,0.03463743974810142,0.3789384522540762,0.14963580809294605,0.24036252906826333
0.05373466465686579,0.1653989854457419,-0.037880131648023375,0.05279462709738133,0.09641785362464339,0.19522758067486704,0.05880828482680608,0.5967516537763021
0.083230611471512,0.1519742366930097,0.1528588790903961,0.0032741701735009357,0.2619860068052091,0.06673230851841151,0.166592773877935,0.5014147406249434
0.12172863386077212,0.13722696270984794,0.4498287555288305,0.06167864481922149,0.3684182762909153,0.07850059279742948,0.28287157290075665,0.20853091319167702
0.08072326258809016,0.14672301786193817,0.14124070571933106,0.378837407205611,0.2372848119190546,0.2289608808719234,0.08371801352232916,0.07119888648108164
0.10850659703168478,0.13902628507885234,0.34890234608637505,0.3375580096217623,0.12074819406984218,0.13704400673808054,0.2798555351041851,0.12479425446613007
0.11949967436850133,0.14025177609635642,0.4242347300302535,0.2958626350835922,0.2293182080735137,0.18565692892074365,0.2737467109969691,0.015415516925181371
0.10654403580039067,0.13940964577295728,0.3338652468581144,0.09840885043327485,0.17802540956312704,0.08689202214522579,0.2847821038918846,0.35189161396648777
0.09594922651652242,0.14434222598216623,0.2490555086836753,0.1592310059004871,0.1285558266261112,0.36130128836731573,0.16715265429274376,0.18375922481334234
0.10625696338698123,0.13505502032878738,0.34250458275723517,0.10330079696668906,0.2671892968885696,0.16713657386014355,0.2238966895090172,0.23847664277558045
0.08508822770765352,0.14303000699443189,0.17540534489822265,0.12291397582730845,0.15593752803103206,0.30507336976760474,0.130610749307959,0.28546437706609573
0.09579921279173274,0.1361648794650841,0.2629107662149586,0.23786657873721587,0.15753679994929415,0.18747054713657113,0.2035146712375057,0.2136114029394133
0.11670665883408007,0.14209266744965,0.39908223170047724,0.20030086760890164,0.02599171900506271,0.203760247253824,0.341609459914437,0.22833770621777466
0.06692117472565208,0.14434456256794923,0.047948981260683,0.27983151044083904,0.13337763323108565,0.2371564095570852,0.06965113772078964,0.2799833090502005
0.11479219269317895,0.13789323125556346,0.3973523007204771,0.24008993640498918,0.08978223932136704,0.12843220233684338,0.32936548464263266,0.2123301372941678
0.12743822059466564,0.13754005145833217,0.49031696498307686,0.06580972289115031,0.2946601146714556,0.21784875063114645,0.29157227292611937,0.1301091388801282
0.11834691846429313,0.13615512103059196,0.42853267671939765,0.16626103794628713,0.31423881122635805,0.18374065603723572,0.2475117694922042,0.08824772529791489
0.05875675932603443,0.16503645559166435,-0.007533127571774899,0.5472142457491184,0.1512189895607232,0.2523137039520615,0.001155629474125889,0.048097431263971084
0.10294148059248863,0.140175096694812,0.30634172263836884,0.2986162248372612,0.07405294531719506,0.20267944200929475,0.256393054274735,0.16825833356151396
0.11066050999502784,0.13733815575774785,0.36887425577774924,0.051347530332180896,0.2441287857610438,0.2012571621581311,0.24517962967233659,0.25808689207630764
0.1103361064892531,0.14174977393657895,0.355105374007681,0.37407588733928426,0.21996505268905137,0.13102147220832336,0.24869015397725686,0.026247433786084132
0.10377155689062864,0.14137878189733813,0.3096048523208614,0.3254176219346014,0.043290395481104034,0.11888361430879901,0.295808686350855,0.2165996819246407
0.08140994528406582,0.14296901379479326,0.1497523464405792,0.13428826592431506,0.16151198367310982,0.2915277754974514,0.11599207149411514,0.2966799034110086
0.09147896991643864,0.14838064564779097,0.21215010744163917,0.03791307613177572,0.3341579217403008,0.3645923344737839,0.07821309376747235,0.1851235738866672
0.12917245051733722,0.1391250952896901,0.4971960692878912,0.07390817856235356,0.31555223712379776,0.23907330698950693,0.2837199715152378,0.08774630580910393
0.09724443379629509,0.1497880509490773,0.2486475627415494,0.10624530498490031,0.020821639498042357,0.1616001520451645,0.280856691510428,0.43047621196146474
0.09404970961821653,0.139551356066003,0.24399411498453794,0.18001448788268765,0.11752049864114668,0.25726251024325897,0.19413589429719924,0.25106660893570754
0.13828571187277164,0.1425869108917943,0.5490385574884973,0.31279175390888386,0.153496907264179,0.03131942485105103,0.43047485099730387,0.07191706297858215
0.12426651852690032,0.13848386573288354,0.4640722454329926,0.13975304287013124,0.24577457878162765,0.2605198651513522,0.27721342157348783,0.07673909162340121
0.09977971497285601,0.1391087442566316,0.28596128291884587,0.10498726528675065,0.1706377439594434,0.26812905215177213,0.2011706045140758,0.25507533408795796
0.09953931189882023,0.1345465646095259,0.2938708395384838,0.2687613978485243,0.20864361558638883,0.06770880694647131,0.23507810690437853,0.21980807271423716
0.08549692785500716,0.1377562149652983,0.18508731429235342,0.24345465632607907,0.19791992024080726,0.21362738236221537,0.13514648465508278,0.20985155641581557
0.07981165308429414,0.144794069578705,0.1368264124486481,0.11554871844749989,0.4709394508972405,0.10865931321461614,0.049696038568165964,0.2551564788724775
0.10469785645052948,0.13526593129618678,0.33044430347103626,0.28899092863671416,0.19215367186548915,0.12149252582754677,0.245032030766329,0.15233084290392077
0.07838534049677227,0.13795626895448562,0.133269336987056,0.2725371474101804,0.26955063089953435,0.146767847363081,0.09579125674195287,0.2153531175852514
0.17445036845310233,0.15100111754363743,0.7579438504488393,0.020621260947587112,0.26667258559555046,0.18890919163770237,0.5170549919832313,0.00674196983592873
0.06264413194014674,0.14343998992131168,0.018433715323022987,0.19490287101245515,0.2611316459541145,0.171000098610373,0.03011007211093626,0.34285531231212124
0.10137433432309521,0.13362531569293742,0.30962945987099355,0.22705275816345596,0.26920824823590683,0.10371008095238603,0.2119254114219651,0.18810350122628614
0.10415232786495235,0.1646331996778219,0.2681860520925064,0.051534772179674886,0.07304744146460837,0.5762530248895354,0.1650167255049993,0.1341480359611821
0.12290652988994599,0.13866848867343914,0.45364689910257344,0.24852609761551575,0.3783905556857677,0.030491141536173796,0.2839147755244741,0.05867742963806869
0.10247207958146332,0.18996964497887792,0.22357297970518208,0.03355847869574412,0.04854513939903969,0.7677584112413618,0.10858099228820493,0.04155697837564936
0.11627479189287922,0.14150626555026183,0.39768410023435247,0.21830192678169943,0.4207477702682992,0.13081586881655674,0.21023224635821075,0.01990218777523403
0.0959106263523268,0.1382462301767878,0.2597584491555732,0.19998521965153018,0.2572246838113497,0.2542383323886656,0.14803742098548797,0.14051434316296665
0.11177138908240848,0.1466919553957561,0.35292589114880846,0.04624174992334494,0.15907728873574878,0.04314998536548871,0.33246609260846893,0.4190648833669485
0.10457468978595476,0.13732367814735477,0.3245958045059354,0.2834809605896305,0.25279625140518425,0.17556707574253683,0.20481116653840356,0.08334454572424492
0.11746118599630342,0.13638582872082758,0.42131346442101786,0.2418475620365108,0.1747033931060235,0.18481322959385607,0.2905437665339331,0.1080920487296765
0.09238055840340752,0.13927314330836488,0.23249678749415223,0.11790857577498196,0.3427975405740456,0.020844342295947466,0.18004187644524847,0.3384076649097766
0.07707217259579102,0.1383586502615724,0.12339071365263696,0.2345891515329341,0.21000809401805282,0.09598759157297773,0.13193575739385818,0.32747940548217724
0.04753297851246001,0.15057186127669725,-0.0827978174795227,0.25970846527859653,0.23905323801278694,0.046246166043613035,0.007443692680424,0.44754843798457955
0.10054652122772567,0.13822399438955726,0.2933392382906635,0.14089805274705186,0.22545003826821627,0.029793397109266328,0.2553130088426721,0.3485455030327934
0.11513186256539691,0.14118380604874495,0.39049706980106597,0.23436602043937982,0.05134432913512488,0.23683166334600222,0.3119968517727294,0.1654611353067637
0.10582054715700907,0.14273141845558443,0.3210263560245332,0.2764557291723219,0.2038240792596634,0.28255495515475626,0.1959129576640594,0.04125227874919917
0.1097124427712753,0.14371606561220804,0.3459073455671643,0.10839328496459832,0.07062900473598899,0.3180927548846854,0.26614293578105,0.23674201963367725
0.11287175143578991,0.146799391791794,0.3601632867170054,0.15502463137409908,0.09479955424359957,0.389640113922223,0.24423384272025786,0.11630185773982046
0.10883517050721941,0.14703785280048814,0.33212652100872686,0.38547512780240295,0.02521430853647857,0.20390210671623327,0.2929137685136421,0.09249468843124302
0.05723450572200498,0.15006204575001433,-0.01842900557681323,0.4287255879098651,0.09104248505874034,0.056756683268658945,0.08862053690226546,0.33485470686047003
0.061750817123048,0.14489495834098626,0.012083354335405834,0.2851556031979121,0.3789174593676634,0.014079433968933266,0.02307438303386783,0.29877312043162346
0.08593732901338223,0.13641937323512157,0.19012936651364554,0.25203903679685674,0.27320556156583636,0.026759688329548052,0.16615152946126321,0.2818441838464956
0.11780485690418738,0.1353183256171371,0.42717685605819233,0.12770444625092972,0.27305846591125743,0.04400703224053171,0.30789284550298823,0.2473372100942929
0.11729357716029715,0.13659053785772818,0.4194549495073646,0.29461780836636,0.21176692148894657,0.11373776504692762,0.29363091693855475,0.08624658815921128
0.13243504368132075,0.13947080389290822,0.5193563216064887,0.11327269129946513,0.2389795974081951,0.2609771464675133,0.31693179575861374,0.06983876906621275
0.09358609690570126,0.13907729728337143,0.24149230364513943,0.3514903138437049,0.3253037885302737,0.02809927795490996,0.1705582939112506,0.12454832575986072
0.10096635712169744,0.13648200967158267,0.30015939258423135,0.08400874858043758,0.2711945291797598,0.1773419516780429,0.19800647600053342,0.2694482945612263
0.1335631723721814,0.1371314950516409,0.5364425753870694,0.14160479848271484,0.30101770656891635,0.16312666682624513,0.3264304308665968,0.0678203972555267
0.10600213275511634,0.14078154876330415,0.3267625136903393,0.35861535465746547,0.08278573192216752,0.12344559374064809,0.2861518430747677,0.14900147660495114
0.09231491116966035,0.1502124004552823,0.21512811906151777,0.29213627303900647,0.21353767893131345,0.3565753534414565,0.10967213642060676,0.028078558167616945
0.10032499933267326,0.13381272201435276,0.30135400226256515,0.1767369515617851,0.27949200123243834,0.09900780675709751,0.2090685072038822,0.23569473324479692
0.08341310700985073,0.15050876838035768,0.15555975417114826,0.02523169306769791,0.2564446183378932,0.38879186495914037,0.06671210330209545,0.2628197203331731
0.08905355686337917,0.1396587382267707,0.20803250288716982,0.24615044770343122,0.15527806778994885,0.2596138210874084,0.15209235828025752,0.186865305138954
0.0834963873493674,0.15411998202687488,0.1524551653871215,0.004161158175459448,0.3914510223290239,0.3742601414830611,0.021731423419042044,0.20839625459341354
0.10248653842336897,0.13678699637055644,0.31060363594996115,0.27743212329326533,0.11922578310234933,0.1422382538758083,0.25785050629476525,0.20325333343381177
0.09538534288626253,0.13888036618056798,0.25479010359358933,0.1832577470252672,0.25117916321594214,0.2721352739564605,0.143845688332393,0.14958212746993713
0.07082138062975252,0.143961522480825,0.07516856201068502,0.12885089283943776,0.322654183040452,0.23269078255479936,0.02777707653431707,0.28802706503099385
0.07990043511456993,0.1467841926187565,0.13557614590187825,0.20073977628655162,0.028719921535821497,0.2296282096054647,0.17425810376661144,0.3666539888055507
0.0662530758952483,0.14745986725622387,0.04240527278098698,0.07802123837162069,0.3160955788142756,0.21329761445775353,0.020886648024881774,0.37169892033146845
0.12687356048890883,0.13829961713041702,0.48354118309558897,0.21046257525509388,0.11942425147886322,0.19272265884377646,0.3522075482510812,0.12518296617118513
0.13293740285949704,0.14312823696102975,0.5095947830291243,0.10296494519934729,0.06897478938457817,0.1591740202307324,0.4168523493248835,0.25203389586045866
0.14667274312750853,0.1441239639404217,0.6013763482340626,0.11321169762158861,0.08270596663459794,0.1655908357988784,0.46777599666324143,0.1707155032816935
0.11023083359263797,0.13721624330320778,0.36607060784809936,0.328934586834253,0.16152736621903882,0.059641507450813556,0.29664978825897337,0.15324675123692122
0.06588469679908485,0.14354206826351537,0.04099632163779114,0.2771385515651102,0.38415585724812007,0.01959431508574212,0.037760845902863285,0.28135043019816447
0.039043109349098506,0.16371357115525365,-0.12800948939674373,0.216485285561479,0.14157203967559656,0.030236024814579206,0.01678166105777979,0.5949249888905653
0.12927515438403647,0.1469615082392065,0.47138298466070855,0.08081314991520545,0.2811650122778193,0.3642280875845306,0.25749888962259104,0.016294860599853595
0.11313411651811231,0.1453487736951982,0.3655628813871972,0.2718557153973847,0.0036478298630753096,0.2643570198728361,0.30995464772477693,0.15018478714192704
0.10655269828594724,0.13618093062522943,0.3418444717055172,0.16824596457269572,0.14984905027590412,0.12227373691115023,0.2787931946372386,0.2808380536030114
0.12152105682750154,0.13864008613565457,0.44374652773444834,0.10027927600676718,0.18366808804000057,0.27678704507567226,0.28728358682870375,0.15198200404885623
0.0728340056287626,0.15138306133366328,0.08477834650519575,0.1876577955793598,0.11549535351714309,0.3973717425947555,0.05918451737145903,0.24029059093728264
0.1608434129444342,0.14703281548415678,0.6858565049738871,0.13985654173149345,0.13810333624931062,0.20045107951131444,0.49438185684891706,0.027207185658964336
0.09092999370606933,0.1424451734732787,0.21713613000633883,0.3276636006160771,0.046765661117621024,0.08751459260472366,0.24895136646463398,0.2891047791969442
0.07314863431051738,0.14984024979322663,0.08775101702421048,0.13395088365622917,0.16379812911758473,0.0450141071983174,0.15694648171741346,0.5002903983104553
0.12506355857821558,0.1451873790017642,0.4481350860216643,0.341515781113827,0.12105994200206703,0.20636615287688392,0.3288226455294986,0.0022354784777233344
0.06467110619124113,0.14233601534349224,0.032817457900367566,0.2727211786773819,0.31903997036800713,0.03072279101530744,0.05431244056333678,0.3232036193759668
0.08536674181797047,0.14591657069499556,0.17384414735865542,0.2753479467323594,0.007272041350858387,0.1319686403171305,0.23047779467431967,0.35493357692533206
0.09677801982356783,0.13490776506301616,0.2726160336759609,0.23745033494304793,0.3223894507970292,0.09311691224646712,0.17431458010119671,0.17272872191225894
0.11700464909342166,0.14461879923606258,0.3941717770756239,0.13968914679467723,0.0582530673555006,0.33659970173463427,0.2938507155565417,0.1716073685586462
0.1064134188747143,0.13844492603981437,0.3352482478221455,0.2334152046650786,0.08793466694369714,0.21040884117275105,0.2689064678467235,0.19933481937174985
0.11226029010442519,0.13896456192377712,0.37606918901446446,0.3396954063001533,0.2097072221980398,0.1272543200371635,0.26486966031362075,0.05847339115102268
0.11980047814687456,0.1362523955224219,0.4388948753347511,0.158286809821412,0.14282644155750263,0.17775437343930284,0.321821444575298,0.19931093060648464
0.1175804902735345,0.13650355645677412,0.42182410310875834,0.287598739690099,0.20880914942142118,0.12390043816087314,0.29338114159145084,0.08631053113615583
0.05890206689878784,0.14732569255312364,-0.007452421109890655,0.13622748738660226,0.3062940236577014,0.15836690196293385,0.005516924413353225,0.3935946625794093
0.09151139108912888,0.14094267427108823,0.2235759414392839,0.15219229369868567,0.132665227444941,0.28794156765622386,0.1700903245429434,0.25711058665720604
0.10390376622891263,0.14125892210410115,0.31080349173666805,0.04845797334268022,0.19779523052386513,0.30161679720811563,0.2026251371898865,0.24950486173545255
0.08055976739674434,0.147020237578067,0.1398431109582938,0.1703548486999422,0.04233166448715969,0.20966774390091103,0.18062797681673542,0.39701776609525163
0.09514711523075454,0.1467747558319304,0.23946294464288526,0.08825855643216367,0.3496893856282351,0.3465799812588707,0.08957390217635285,0.12589817450437793
0.08285666479951243,0.1382700655938832,0.16530450536304342,0.28405919793174844,0.3066006059017834,0.1406533955778854,0.10181629033413213,0.16687051025445052
0.07357876430814411,0.16213745793685133,0.08374847170376089,0.3823768038466856,0.15204273490982487,0.40945459032359066,0.02871977245541212,0.027406098464486595
0.11053103706878667,0.13444151660591847,0.37585887413711433,0.2068865549867232,0.18931187819723488,0.1690456820055632,0.26297856694841987,0.17177731786205885
0.10111073631615346,0.14843520282998138,0.276960825547845,0.08242717506173412,0.13267958429101365,0.417972928260422,0.17625759117165377,0.19066272121517652
0.10207366876717035,0.13393848876647252,0.3141267992095057,0.18024049957962965,0.30741370481949265,0.07552981210980347,0.2129836007549675,0.22383238273610676
0.057407691323352654,0.15480390100036767,-0.016745758084230622,0.29873129102949814,0.04356999492401467,0.33294055570458525,0.031526965237301384,0.2932311931046005
0.05421558278424871,0.1536074865636406,-0.037657130815396574,0.2773769467024212,0.07912340917886905,0.3156469498138463,0.01138407271419706,0.3164686215906665
0.1575512595515608,0.14778227901927762,0.6601011988645514,0.2504963236090636,0.11840438690202258,0.07279778118160773,0.5187592232471826,0.03954228506012337
0.12874502111832714,0.14319363299935922,0.4800843422880036,0.10834454758261672,0.1892812674767713,0.3375252890190541,0.29647502727992675,0.06837386864163118
0.09053211402823634,0.140893932477966,0.21670283092574744,0.15600271031353893,0.128554801303664,0.11498117523464119,0.22137879121435966,0.37908252193379616
0.11687509725206523,0.14118852223110545,0.4028308842199567,0.07482451928464487,0.12617245776294483,0.1345128265005839,0.33599404557289325,0.3284961508789331
0.08437508417775537,0.14552079506790477,0.1675024120530757,0.4724666225632054,0.142695177170658,0.04017479079860126,0.18712610287618692,0.15753730659134843
0.11723876634098765,0.13736456439448672,0.41669237327181446,0.15117984059795037,0.2323992598096484,0.25648252183170456,0.2524607713667401,0.1074776063939567
0.1339186463895061,0.14600052911471145,0.5062902637252007,0.38774947926011816,0.17650645422337366,0.03436395881290499,0.3958352329056595,0.005544874797943915
0.12252256137494281,0.13972501406231325,0.4474686354088295,0.16352393359837744,0.1316316857385798,0.27709835668133354,0.30621897814856824,0.12152704583314103
0.0981014706125707,0.13781060281007235,0.2764770622553719,0.273108750988317,0.09890163576053422,0.15018676379625848,0.24463838478073113,0.23316446467415916
0.08358475147787081,0.14184385628030136,0.16627263313586432,0.29043428818951206,0.06623108153639558,0.19482071503009096,0.17933784196839284,0.26917607327560855
0.09496521786026527,0.14062506389000134,0.24864143626356316,0.0702583934345943,0.3378063935748571,0.2553408363325025,0.12341595311761454,0.21317842354043154
0.10121420320431995,0.13943847833011133,0.2955726690214452,0.11114335020441266,0.1929039752022027,0.2960258660646876,0.18957129951927518,0.21035550900942182
0.10712366051814623,0.14208136201681143,0.3316667284803368,0.3232055843944755,0.03187864297370773,0.14508240636563052,0.3065414292678996,0.19329193699828662
0.09244581662503056,0.13722617056339656,0.2364404434797009,0.10501714347727509,0.29127169380148626,0.18650908549313533,0.14912627021905692,0.26807580700904643
0.13037267067501074,0.1450079155185676,0.4853022707301785,0.04859836870509965,0.3382764765272157,0.31638324801170026,0.25801401173674454,0.03872789501923991
0.0706287870789707,0.1430380164413088,0.07430742779722409,0.24952049539295168,0.2598373796947065,0.24691148845212713,0.03665118992478604,0.20707944653542884
0.08881606653243633,0.13802082063398305,0.20878057672801092,0.27398422082881857,0.1895972918244087,0.21227395127432586,0.15052214845682685,0.17362238761562002
0.1273071286889313,0.14115667578109392,0.47682568547669213,0.023189113297852715,0.4310162888672826,0.05494069958933977,0.293441669717577,0.1974122285279479
0.12688413680045296,0.14542265670470372,0.45992927316868076,0.2342044741634321,0.05728841489310556,0.29698877588669936,0.3413746194853434,0.0701437155714195
0.11132671942143572,0.15027872781768764,0.3415434783537915,0.04914849854067445,0.06856155516991336,0.41327031718015783,0.2488633959520496,0.22015623315720473
0.1188327880421984,0.13998091426286707,0.42029149725167253,0.03466348609098137,0.21099701790236466,0.2819546328956654,0.2690218347276536,0.20336302838333511
0.13516251398675597,0.1384285490535423,0.5429697450464797,0.11946624419301034,0.1783724708978478,0.0782526556905822,0.4086158255652256,0.21529280365333409
0.09865452875721745,0.14282650830563356,0.27063973778943656,0.08572714459856258,0.1269378057585721,0.31086264447734,0.2012158856710179,0.2752565194945074
0.07333112891485075,0.14814057550299461,0.0899897200317091,0.2872449406747611,0.04549290741476744,0.29758424281254026,0.11124177514076161,0.2584361339571696
0.08003161011475576,0.14046766904083047,0.14260655317725157,0.12125297830549502,0.3547924479704262,0.09372423993317373,0.09926444452317043,0.3309658892677346
0.11139282339086114,0.14077243375324539,0.36507732388107783,0.007565486896040908,0.21387375699075353,0.22266503839078933,0.2567565035919606,0.29913921413045563
0.09058728748065925,0.1453572679926547,0.2104283322262559,0.3090898400032575,0.020680958243287376,0.26037483095325054,0.20476367467518197,0.20509069612502273
0.12681829018559684,0.1417080824244586,0.4715206715270894,0.041243961804848336,0.2089311257605105,0.3157109247899436,0.2930037534647937,0.14111023417990393
0.12358599208117046,0.1446945528382587,0.43944979844713056,0.016718308880053597,0.15162056977655028,0.34584604294884314,0.2935788149597344,0.19223626343481848
0.13100929524989918,0.1409910501903803,0.5036439912605466,0.021859938704391284,0.16935812326364155,0.18607206502522516,0.36837752295248016,0.25433235005426186
0.14316904386810128,0.13921755928380306,0.5974034043978345,0.13940119057720413,0.23497290602137788,0.029546293528055326,0.4350261548085587,0.1610534550648039
0.10076636378689598,0.13819623851836968,0.29498895356314003,0.16516813902438515,0.12279891531943404,0.23590059284568096,0.22889124370775088,0.24724110910274896
0.15497936539921367,0.14291484900781,0.6645871024502377,0.19093488309582787,0.22477585816852177,0.08918677231408943,0.46676442296801035,0.02833806345355058
0.09527751872230075,0.13926056003703893,0.2533202416600798,0.1829704131333931,0.2662427946985385,0.2727133069146307,0.13746537189429894,0.14060811335913867
0.09586781593945326,0.14689265258670559,0.24417705928675873,0.03443889034958288,0.3001253522356041,0.36746217150098043,0.10946781906370609,0.18850576685012657
0.10498304115414477,0.1381617368384823,0.3255824816876188,0.3104278841604609,0.3245945188743932,0.08999321256762947,0.203748762928346,0.0712356214691703
0.13723114196935385,0.1462007969689941,0.5282539053855694,0.038556733170574634,0.3448199470724635,0.3105268224670994,0.28764054174240616,0.018455955547456184
0.10780723056618033,0.14166426682791775,0.3374685207262088,0.3730016310932085,0.1936536434635283,0.15136847357960648,0.24159015998680686,0.040386091876849904
0.08134830789739433,0.14376938127734504,0.14848994763503492,0.39862261840011265,0.3068431298550101,0.09830089497767813,0.09916600082742735,0.09706735593977184
0.09276908751996864,0.16965974838419512,0.1931459160587868,0.03673658281636915,0.3788210870115323,0.5415829361961121,0.011277151973688521,0.03158224200229801
0.08714175990419036,0.13578373708668395,0.19988962217811945,0.21492594301200674,0.30750702357436477,0.12260528702773896,0.13118907773804536,0.22377266864784406
0.10845394412760391,0.14728678141983576,0.328976868531655,0.12228241160868082,0.011865726601468164,0.3278675796900124,0.27900213013913,0.2589821519607085
0.09770245197579135,0.14079230872919174,0.2677877244580915,0.3529496115876881,0.32132609089735276,0.09797427896861545,0.16773723981364716,0.0600127787326965
0.12351674206522413,0.13934365125556802,0.4558280301463399,0.03988565113963627,0.207693885231224,0.2637194821765609,0.29570382815656626,0.1929971532960127
0.10619133340431995,0.1477103214049716,0.31271567866729494,0.08005644018620049,0.04594204108191357,0.3534681554436228,0.2516721899996754,0.2688611732885877
0.06470084317931339,0.14528106706637867,0.032356887750319085,0.2502334539596947,0.22519773168667312,0.26720345593488654,0.018000361023533227,0.23936499739521233
0.06917097032806395,0.14433182162118638,0.06354087563679547,0.2790076169406844,0.09382805148422907,0.2100124447564915,0.10301853994126384,0.31413334687733113
0.15419315707869286,0.14328012932007372,0.6574055839122995,0.020040150002748194,0.3476329642306608,0.09983241813246445,0.4270339376283143,0.10546053000581221
0.09844173301679297,0.15359018325742022,0.2502876954861357,0.1176596618655908,0.24711826148870128,0.45729322472359035,0.10582843163152682,0.07210042029059059
0.07007573197791353,0.146060735011045,0.06898316633249596,0.2560716302478093,0.1689043122245139,0.3076277039879215,0.049466369847244576,0.2179299836925106
0.10145615259380952,0.1444682209932011,0.28695689826318627,0.09616822216150736,0.06473474322546796,0.2822244624072416,0.2451640490988125,0.3117085231069706
0.14098839282979864,0.13849635248963763,0.5847691392151156,0.1268682159705373,0.18365181826907817,0.16622839760907032,0.4034402998985766,0.11981126825273761
0.07377424399017363,0.14528456004884008,0.0948087256178025,0.12379101365225281,0.14887149206607864,0.2370677983991698,0.10594797120780276,0.384321724674696
0.10287180653059848,0.13797652032172447,0.31071813110399404,0.09393079581464987,0.31670777677021045,0.03658269910218,0.23212197158569625,0.32065675672726346
0.12283291530896649,0.13637898326239747,0.4607228607070195,0.052529091274587374,0.3014252121578092,0.14097558843347152,0.2943864923201787,0.21068361581395317
0.08055476249569034,0.14453366991881278,0.14221435397880874,0.29265793009349456,0.18272754114502618,0.29474250640407257,0.09026348683179605,0.13960853552561062
0.09809335892984151,0.158049495420469,0.24102170543790324,0.06562250689220706,0.26518726199041837,0.49883076457942377,0.08864804342779027,0.08171142311016037
0.05354525754823014,0.15196871594342504,-0.042474152733993166,0.31714724619755735,0.09719183411798045,0.048112157233098654,0.08223995384349962,0.4553088086078638
0.08845376902103182,0.13922750820922944,0.20436887355817526,0.2697100859794177,0.1162484788509998,0.2153227820756742,0.17640138671917271,0.22231726637473564
0.06323181418287754,0.14365483080622685,0.02249707973438691,0.32946181542889585,0.30343138021327776,0.12842235921371806,0.018824768194086662,0.2198596769500217
0.12036813255381322,0.14035336805470183,0.43011531102185685,0.25839540000339556,0.16516249740229896,0.2414055225136856,0.2875854984700477,0.04745108161057219
0.1092986206827158,0.13671461108405863,0.3605951133665199,0.17215653514943394,0.16780543162063716,0.24387277771403812,0.2452776698716451,0.1708875856442457
0.10958712509071682,0.13805548916637272,0.35918256774968677,0.08577698121298871,0.2811722086639851,0.03768505171530665,0.2748849074477287,0.3204808509599908
0.10594292145049866,0.13528997378584254,0.33958851616915886,0.17467040258239036,0.28773174535619517,0.1962556172213968,0.19973335512574564,0.14160887971427202
0.0723677979416926,0.14230962978761155,0.08690766717720215,0.2066185935182794,0.25380391967781596,0.2550440426016832,0.04738441110954089,0.2371490330926807
0.06260113750260914,0.14757638359461267,0.017625702969889648,0.32954015827242306,0.11298687899639849,0.03006785545859575,0.11976145412886179,0.4076436531437209
0.12744449665305219,0.13928984294367863,0.48420254648663175,0.2684216895123505,0.30567471391992396,0.10901388704876856,0.30496823691409547,0.011921472604861517
0.13637392268225595,0.13656028627604672,0.5592689116649302,0.17012070637434026,0.2840864863598464,0.0662207231447627,0.3730401987799395,0.10653188534111116
0.08200082802177092,0.1548957827629452,0.14203632680846653,0.3668859561702775,0.2279096208210952,0.3352542640719591,0.0604372838145542,0.0095128751221141
0.1201742043743309,0.14327358503593518,0.4199951048843952,0.2833840381241734,0.0840059685535096,0.25537869777346184,0.3113577390708667,0.06587355647798833
0.12116434835491771,0.13937556538532836,0.4388455622462809,0.08005954365476879,0.20012861097836424,0.2914853153229296,0.2764998825339583,0.15182664750997918
0.12257622666920305,0.14782061643193922,0.42332543443299003,0.26186155750149964,0.04470652851343939,0.32190941420569225,0.31760001775324026,0.05392248202612835
0.13646000411111395,0.14305797326991415,0.5344686658383822,0.160499786873414,0.053686086419390086,0.14564879296343902,0.43737680710327753,0.20278852664047936
0.11804947995304715,0.14732785151844627,0.39401565525293114,0.03596515406457387,0.1392377376824325,0.39928522382215204,0.2561928112062213,0.16931907322462028
0.10925355253429413,0.15172763599412237,0.3246182029502003,0.07162606960732787,0.42414193836629566,0.3530365861921229,0.12105976230274762,0.03013564353150578
0.14002692176680845,0.14812148859842314,0.540278946181617,0.025936013562198768,0.055136398876407096,0.26600748069797087,0.42539838553547826,0.22752172132794504
0.11187818485971274,0.140942614076677,0.3680801949046401,0.29034525971404473,0.15358177858547425,0.2440654560785889,0.2520872160865042,0.05992028953538788
0.09399117540907082,0.13573886073728572,0.2504159473892938,0.18377310986094214,0.3242353054849101,0.035967768375246865,0.18393801436540397,0.2720858019134971
0.0791613974824581,0.14110501587167026,0.13579529660295472,0.2833989120969804,0.13499195847885884,0.23214606626342646,0.12291145158091268,0.22655161157982157
0.09962145197601541,0.13389863199367424,0.2959063239562241,0.1903940750473163,0.2835040690401193,0.1314059155724559,0.19323668263847527,0.2014592577016332
0.03658995855427889,0.16306106341047746,-0.14356610312782309,0.27007032587689833,0.0933780391180211,0.060538217984343945,0.010787434397519035,0.5652259826232175
0.09158900282652348,0.14628322258187157,0.21594412721420458,0.11764465251248582,0.10522316210094569,0.36617258084700943,0.1592058289234547,0.2517537756161044
0.12460380990451436,0.13932271866927193,0.46369903287541103,0.05008968907718192,0.2958159476291252,0.262477188692962,0.2662400468744601,0.12537712772627083
0.037626701959161846,0.16062954067894755,-0.13928507761567946,0.5010816743095396,0.09456633356956448,0.005665062928065498,0.01312772779769727,0.3855592013951332
0.0886434593360093,0.13798983565804107,0.20757658851766422,0.21464406936206987,0.24415934653726545,0.0035176476743856867,0.1992274728211347,0.3384514636051442
0.11580940102529085,0.13371008384595978,0.4173911153147272,0.15756999308966016,0.2606221294000253,0.0829395052303452,0.2894253508863399,0.20944302139362936
0.1299761097118213,0.1417773645231491,0.49356334099718546,0.0908038374092497,0.10198714888428716,0.2705766633109964,0.35756591208521626,0.17906643831025043
0.102343508746917,0.13823453220105164,0.3063164324622706,0.09459592924997652,0.31752083766655465,0.24510240338950992,0.16409985533563823,0.1786809743583208
0.13534055120755792,0.13716051749296165,0.5492874522832272,0.0766259551820025,0.23514237137531394,0.13458074455345162,0.3735121019951367,0.18013882689409527
0.11336283850018698,0.13852237610929655,0.38522901497215717,0.15087546107420663,0.17570627373541262,0.2846677960843132,0.2486671729183912,0.14008329618767654
0.07593122557448548,0.14042587402200882,0.11344936027949233,0.29292174127843823,0.2389332106380562,0.20067505294927432,0.078382535931841,0.18908745920239028
0.12762813831589556,0.13576633535927862,0.49812155669467795,0.08245108702026699,0.3068512052764336,0.11250026575182498,0.31940303652200824,0.17879440542946606
0.10459901941512255,0.13994096702448816,0.3186988082433231,0.355033024365079,0.30522287042002094,0.07273343455640453,0.21127405849871228,0.05573661215978338
0.08773399770967577,0.14810273005857125,0.18726189381321742,0.27899505735950114,0.20013625866393128,0.34842692457803237,0.0987395058541252,0.07370225354441019
0.09660059775597668,0.13797331275029448,0.26527302292304034,0.13637436729258853,0.3109831949074082,0.2384337695864668,0.1406003263377507,0.1736083418757858
0.09458453970232403,0.14322656269652326,0.2414673580877854,0.03230997962338485,0.37775192580026445,0.25568028187814235,0.10950088956078166,0.2247569231374267
0.13358178713969496,0.1416209715436701,0.5195684391771409,0.051074331932358566,0.4505699354728539,0.08153848705025828,0.3023109269096931,0.11450631863483621
0.09102762883029329,0.13572835579875817,0.22860093344309987,0.19526696390149767,0.21139313450082522,0.18325488115113994,0.1672211560218713,0.24286386442466593
0.15329578991283688,0.14476572866522494,0.6444604726066497,0.0386327868365528,0.16259308632557898,0.1219946396589434,0.4854550356682656,0.1913244515106593
0.08410935810598096,0.14001087773609402,0.17219632142742936,0.34079743270447727,0.31852106604314645,0.09865614032082468,0.11117715530030076,0.13084820563125082
0.10974008181337966,0.14516264737067272,0.3426506936482661,0.1637887647676341,0.09335263089203441,0.00782894314039656,0.35034090447487476,0.38468875672506014
0.10534229523039396,0.14195680475265712,0.3194090998976592,0.15576481830849212,0.15436778061504014,0.003234047710862148,0.31021168372600955,0.3764216696395961
0.14029800735785866,0.1553258835622085,0.5169647551092093,0.08341822613853163,0.09084808708318137,0.44954714741624463,0.3506614624618913,0.02552507690015108
0.10138703566851716,0.13751864004301012,0.3009558242836972,0.21609788437537422,0.10723120884903006,0.12799150463174294,0.2671883947389991,0.28149100740485383
0.11628356131498988,0.13431398111178097,0.41904469548965756,0.13302274145228082,0.3147016226923791,0.13505155507707123,0.25645072036997646,0.16077336040829238
0.10436344421579362,0.1344591810274307,0.32993986633566613,0.2455804468714868,0.24837925641304717,0.023918758251579762,0.256240855063702,0.22588068340018433
0.11480522249412367,0.14318162573301477,0.3827671477645941,0.26946269760110314,0.06841574439862963,0.27416486338105545,0.2894931862589668,0.09846350836024499
0.08622030891297064,0.14695829190008727,0.17842007125938206,0.42034906889205204,0.02200939280133885,0.06617332433919573,0.23730043500563947,0.25416777896177395
0.06827726573038834,0.17356821838972558,0.047688832709008866,0.3564097237156294,0.009374505014516704,0.5305495041672333,0.02463245409668673,0.0790338130059339
0.10740338641857079,0.14363164245932405,0.33003442421815415,0.004668790987833726,0.18884300082541808,0.31057503177069196,0.22185338322129547,0.27405979319476076
0.14114151816178644,0.14542010531243432,0.5579800536346354,0.008373810470688699,0.3417411227708302,0.28975486182244226,0.31459972802049047,0.04553047691554828
0.10377737635018071,0.14266488096093372,0.3068546095949737,0.26451844347167697,0.19448305630149698,0.2957123408604108,0.1875536105452466,0.0577325488211688
0.11121343145145565,0.14799928967017567,0.3460383598163716,0.26315986288162113,0.06998023103167672,0.35414850890062993,0.24889449220561288,0.06381690498045942
0.10481381372809262,0.1400605209098408,0.319960353117207,0.395432568269817,0.2130006029331979,0.029954569314188353,0.25757076044321287,0.10404149903958401
0.09388325463542047,0.1398846210708912,0.24222287179266833,0.22592861752159027,0.2299003556988765,0.27519475518686415,0.14108201212255914,0.12789425947010996
0.1095874918697913,0.14783345047469965,0.335428089587057,0.3642473075086722,0.06403933922699599,0.26439144398818576,0.2640685592771577,0.04325334999898838
0.08933497594274573,0.15315365903950345,0.19153950435607456,0.18036916493858549,0.36821082885417583,0.36944878815432325,0.042823196797816744,0.03914802125509854
0.14066586234295633,0.1413854438383038,0.5705386647525772,0.12584054434939718,0.41904428179158326,0.06174895608718106,0.3449042617958581,0.048461955975980395
0.07509083204854963,0.14435760744400672,0.10453783708214374,0.2359466737448169,0.134822325992832,0.29871660710884484,0.08848521038266377,0.2420291827708425
0.07347053032604463,0.14683187015448737,0.09174118882958976,0.08368165028292901,0.25339285467069117,0.31020889977933075,0.045022359543384946,0.30769423572366417
0.06161892130897214,0.14835936264898164,0.010912161390194908,0.2953939904117125,0.06325680668317514,0.21276711551486538,0.08005246788505219,0.3485296195051949
0.09641881637352587,0.14196077866885193,0.25654139625761746,0.2431028742224718,0.03389184101237851,0.1621415465586535,0.26096456492462566,0.29989917328187055
0.08566604599958,0.13691259967688818,0.1874629950797188,0.15840127234894252,0.293125999805779,0.16524023797247972,0.12159319068811171,0.2616392991846872
0.10690402157876791,0.13604253126776725,0.34477469025071683,0.15730524113031885,0.15057878631357405,0.1564532036106306,0.2701995751146776,0.2654631938307988
0.11746003165866477,0.1374928299660094,0.4179129316988376,0.197817726634471,0.16339369003369547,0.24115802241849643,0.2807904388323546,0.11684012208098257
0.0711190522832036,0.14637589388681588,0.07596231857549804,0.4050482188004873,0.24818655555010297,0.17041839896296548,0.05449634842512919,0.1218504782613151
0.09139873785137655,0.14283244866181674,0.21982916448991988,0.43326374981977717,0.1392512969953304,0.07706948276213231,0.2102567996615584,0.14015867076120173
0.12530428102149166,0.14204881390353197,0.45973126580163515,0.01941765807919812,0.17846578896481097,0.30049887685619164,0.3046982548067631,0.1969194212930362
0.09564752274299877,0.14095513126688627,0.2528997874898452,0.19516993576291491,0.42128081583607974,0.16464704728911558,0.11267113795237226,0.10623106315951766
0.13525734481886975,0.13996401926572755,0.5376906523096521,0.2125461282496616,0.3526551910244147,0.09564302219825727,0.3293355174741065,0.009820141053559694
0.11738312725386274,0.13590568596786295,0.4222275679284816,0.1819669728515843,0.33700335059718894,0.14713143583006472,0.24486383079175225,0.08903440992940986
0.06295518588862518,0.15305122869032323,0.019308475429521528,0.27285145167047403,0.019224417549631515,0.3135026188130465,0.07288208578885726,0.32153942617799075
0.14193723599556854,0.138493479500622,0.5916324457369169,0.14525387005687496,0.2977698690517136,0.13153152842709784,0.37326598976891967,0.05217874269539387
0.06843068560103097,0.15049905674945033,0.05601819561611146,0.09429352234663714,0.26041677123670337,0.0432795941781784,0.10351604156027389,0.49849407067820717
0.09588155935883978,0.14508247519403183,0.2473183567543368,0.3159545010306685,0.12174304899140474,0.2987398491604404,0.17628431247212636,0.08727828834536003
0.0788312835026872,0.14289134504898213,0.13178743258545136,0.213655284577425,0.20042441531748834,0.30087163486259094,0.08062194864305136,0.2044267165994445
0.1399825640270347,0.15904945262488746,0.5028785871754666,0.026390280531041546,0.057649641798259765,0.0019876883959380888,0.5070000759841545,0.40697231329060607
0.07398462083176532,0.14361257211786888,0.0973774135894423,0.3870801266322595,0.2507932653236787,0.14763773561213261,0.07442441277071549,0.14006445966121384
0.09081892047333436,0.15314296760693663,0.20124280569275327,0.21271888891623816,0.42790893058326285,0.30533256119178237,0.04383907594180035,0.010200543366916353
0.10456614283450003,0.144181758996859,0.3090969561237694,0.03546732581654959,0.14227481220736762,0.3234354764002328,0.22091742382756002,0.27790496174829
0.11361668814958911,0.138584684954182,0.38688754220796856,0.17968347794452275,0.13934168037625513,0.04176418743584747,0.33747698465452985,0.3017336695888449
0.10012091648868686,0.14008081024770833,0.28641265293754414,0.06137865594452724,0.18702248808064056,0.17793688531384455,0.22821623545837652,0.3454457352026111
0.07070282332178626,0.14755847127937965,0.07253276093869315,0.408127097913982,0.3802831416862129,0.035424567506652724,0.044283391307238164,0.13188180158591414
0.07740382067345675,0.1486770663480463,0.11705786979086061,0.013139203991379014,0.3007956024327791,0.2926935185756026,0.05505476234032769,0.3383169126599116
0.11723958533511807,0.13492820256731552,0.4242225438863406,0.11621363775565102,0.22612318096367198,0.18693231076970715,0.2795288498115594,0.19120202069941028
0.07895366666771184,0.1598566579571874,0.11856663907478902,0.23495553202533642,0.19577166201985835,0.47407612308758007,0.026874282546771204,0.06832240032045406
0.13887684682815962,0.14190065813034952,0.5558596264980222,0.025378095053923577,0.3006604556924956,0.026186809558196487,0.4018341307907969,0.24594050890458743
0.08292012209662,0.13788491830729716,0.1662264617333934,0.29675131563395624,0.31622675127087174,0.09618303362295677,0.11131690472957036,0.17952199474264505
0.15440981627486863,0.1496026124364519,0.6310706393243766,0.310398831478919,0.10989166974913789,0.06084153366972914,0.5073714683268383,0.011496496775375696
0.08012469739877408,0.14653233402525487,0.13733963587385148,0.37004273031993595,0.3632834445437745,0.1370154200645752,0.06252373927929972,0.06713466579241467
0.1083572176337252,0.13551510683147294,0.3568400510052537,0.185863187934973,0.17130580158980144,0.20859909812375843,0.24983558964728506,0.18439632270418205
0.10470406203073167,0.1624365120058115,0.2752094432385515,0.10231068813927399,0.15981094697435658,0.5528685957085152,0.1374015882304794,0.04760818094737489
0.1129640817772554,0.14552686378113633,0.36394711190169127,0.2542110391935204,0.14549914012744347,0.3325621656878447,0.2350443701815059,0.032683284809685555
0.09595537985007352,0.1502086467777685,0.23936957439786394,0.4746138558930667,0.12946564290946877,0.16885014658995384,0.20142115654128645,0.02564919806622416
0.07744392405809604,0.1444940243421231,0.1207241900661131,0.23154544279231426,0.05750845460596161,0.1869888581154943,0.16355031388030145,0.3604069306059283
0.09336128490118104,0.14779688060973378,0.22572387700978236,0.43464002376176664,0.0830202029098462,0.19836113812064668,0.202042062590826,0.08193657261691449
0.09799436633822849,0.14190101709843492,0.26775260047552923,0.36819006884323874,0.32612349404241603,0.08779056333243841,0.16910610814191132,0.04878976563999551
0.11130681873418538,0.14585343283500365,0.3517697028922597,0.2161434752177713,0.04175974860372613,0.33922476861695716,0.26860484662860395,0.13426716093294147
0.08287824650525036,0.14131677964675785,0.16189334743147923,0.22276390023771692,0.3508930406883164,0.21334429945122793,0.06718698011893647,0.14581177950380225
0.09894951429272308,0.13527271758330767,0.28793325800330755,0.2162532715039094,0.16523041061068472,0.1669004732117856,0.22232594879576453,0.22928989587785573
0.09408025468209708,0.14228229379640123,0.23952562031973001,0.30095914135615154,0.031034966617058884,0.1780398095883292,0.24229714014842252,0.2476689422900379
0.12228858687110976,0.14784954976635198,0.4212971021524583,0.2552261288333985,0.07016210504869992,0.3354493589818085,0.3029278390544161,0.03623456808167687
0.05434235021804498,0.14973424177573802,-0.03778460901701206,0.3327962028136642,0.12483353058961351,0.24214898731155568,0.012973676943993994,0.2872476023411725
0.12320247741027643,0.13754254330223778,0.4595122054082894,0.19061813829215649,0.21478202815748892,0.23000291428366063,0.289905407992578,0.07469151127411583
0.12359664109588131,0.13916844865726735,0.4569760007349217,0.040897719067397746,0.28905545522864184,0.05316243376966808,0.33088364001931864,0.28600075191497365
0.08542942224795261,0.13838528505345907,0.1837581375659202,0.1986844793872646,0.3893038775963904,0.03862676854890472,0.1202181580675627,0.25316671639987753
0.10554085003916437,0.13628621754377573,0.3341559466534938,0.14088845063167976,0.37369829634521984,0.026416504123830464,0.22115503651527224,0.23784171238399768
0.12787278240675828,0.1402327418560293,0.48400096517003316,0.2823726514327244,0.1106021737599206,0.15771281336312526,0.36497938336876934,0.08433297807546042
0.10977045708008633,0.13984602860350717,0.3558946762885632,0.26909003858346425,0.18310661126281602,0.24804092636589034,0.23223134673541343,0.06753107705241577
0.12100884358266338,0.13400766865654462,0.45526382328929393,0.17302509630926335,0.2639495785997278,0.13144388073691154,0.2940237628258125,0.1375576815282849
0.08404739676914967,0.14872133963163517,0.1616943259703831,0.05344290390773187,0.145760600795854,0.3562104805526736,0.11966757320494134,0.32491844153879906
0.11091186171899714,0.139911275222631,0.3638867677961241,0.37487824372138534,0.14896704416263892,0.035417260122634686,0.30822216890828513,0.13251528308505592
0.1105068375475726,0.1364776537647827,0.37007404622166507,0.27268946448409415,0.1541750833992781,0.16901665206104813,0.2709430341356525,0.13317576591992705
0.09200945588130437,0.13772653065824653,0.23241314312005992,0.17574624442412953,0.1491987862456004,0.14568885596026912,0.20859271411201336,0.32077339925798765
0.09473320751474722,0.14188303148487058,0.2448017014525865,0.17196660340206665,0.249204534054578,0.31883030150524894,0.12807806785822273,0.13192049317988364
0.11067404194033618,0.14183238977922355,0.35728116842151114,0.32063338710030265,0.24853875975700718,0.19826731982739185,0.2224959869633959,0.010064546351902305
0.10161624860501667,0.14258657827731716,0.29186652143427605,0.29234965748701397,0.2409869437179099,0.25812808034689794,0.16999988435773447,0.038535434090443715
0.12561897176722875,0.14461300589183837,0.45375567268346323,0.09330249514517448,0.4588145526987125,0.19723202690010908,0.2252140037371576,0.025436921518846283
0.1248800966446632,0.14149832287624092,0.4585220186772776,0.018372733538116887,0.3507560855859837,0.26316907504931664,0.24879578309313097,0.11890632273345171
0.0974124866633559,0.14226891836288622,0.2629702052554279,0.40258665876294736,0.0909429147075373,0.10267219699957764,0.249045171541625,0.15475305798831257
0.12444146130476147,0.1369732220385476,0.4704675873553305,0.08882700678282418,0.23160849490968355,0.23366675427495961,0.29596096752212975,0.1499367765104029
0.10586453130825138,0.14792021288134927,0.3100626372478286,0.027759953992245547,0.10394686724718712,0.3722360633136362,0.22647725252225867,0.26957986292467256
0.1046006355924052,0.14865425844848448,0.30002931673741035,0.003583777558119379,0.25240242952484915,0.018279080584343715,0.27725491936515634,0.4484797929675314
0.10542132792001419,0.13552593067084429,0.33514861469817364,0.270070326051988,0.15074798988649232,0.1277830200329789,0.26354402420418266,0.18785463982435824
0.11617221441411527,0.13737062743434045,0.4089099355753042,0.03826293134549861,0.2745797169225535,0.1416422295128454,0.27698443842925313,0.26853068378984934
0.08680319900069382,0.13883001630015127,0.19306486965142433,0.23886704574074197,0.14639091962197182,0.06740384312342389,0.2066873613591123,0.3406508301547499
0.12188569669032709,0.14310778296504062,0.432441167126773,0.217035825321384,0.11059728411483108,0.30578053049190684,0.2981597547783791,0.0684266052934989
0.11787407188540677,0.1400853079309897,0.41313448740761105,0.011372521200756755,0.21387786634522823,0.2387770639529836,0.2792423803267648,0.25673016817426664
0.07950493498312149,0.1384667878560812,0.1408636344145891,0.32205447267871556,0.28425619237167676,0.014930584468860298,0.13227679083202834,0.24648195964871905
0.08142691264226834,0.14065335105091317,0.15233844399848184,0.22664215056257284,0.20094824215319612,0.26779884383254204,0.10088557742298629,0.20372518602870263
0.1029322112438106,0.14360229892355386,0.29896604417639167,0.030021075414842287,0.1408936668987598,0.2555033100251636,0.2361709722001921,0.3374109754610422
0.08953583947853028,0.1389648617892355,0.2125417828524634,0.11563551900981384,0.2073055696555663,0.13712355977842114,0.18334291744824455,0.35659243410795416
0.13075224737007188,0.13911688665186933,0.5085813021903274,0.25310284864150623,0.3264329389772405,0.07528289687593054,0.3230740351660829,0.022107280339239734
0.07930005273257214,0.14055504036380256,0.13731313144386192,0.29768426616100807,0.11024101494140764,0.10538809884037262,0.17155169435764414,0.3151349256995675
0.1171613472861656,0.15229395993663916,0.3753356161330836,0.025802719269691046,0.1902104937445807,0.46256289885496454,0.21387590255973746,0.10754798557102624
0.11194712371692832,0.14035396262953392,0.3701151199702385,0.14193810554808847,0.12882613288047748,0.30587151880699076,0.25458804898404935,0.16877619378039388
0.07298714870916836,0.1444897138009882,0.08988285994569908,0.4471798138199552,0.2105108415973177,0.02634920870809896,0.11866377485117825,0.19729636102344972
0.0915512187725426,0.1430539117449723,0.2205547432270861,0.05746489249266262,0.34704153872721505,0.28085501890762893,0.09825900117120903,0.21637954870128445
0.08968787144240212,0.13730347262026477,0.2162208345925,0.18816118066968046,0.24549499137566522,0.2299393471961273,0.1343673030687101,0.20203717768981697
0.06798372075210884,0.14056838307012834,0.05679599194170028,0.2981786038361712,0.29317088373850925,0.06086261004083622,0.0669072343063375,0.2808806680781459
0.057238713306854,0.16368924738525312,-0.016869078068684228,0.1638898911801092,0.01282346144102528,0.44062098384941095,0.019802849815428084,0.36286281371402657
0.07243581391670642,0.1427934989236773,0.08708949644376547,0.20678485662700036,0.3715476866967791,0.18569936391602762,0.02439162699181346,0.21157646576837946
0.07647975710354513,0.13782974389004518,0.11956604313719099,0.24064041664085875,0.28520190137343543,0.12312261573992404,0.0916385373476384,0.25939652889814335
0.0771655331350394,0.14526648475576787,0.11816581893545024,0.11946985820013625,0.38446134001144555,0.2534517104615305,0.025664346760189184,0.21695274456669866
0.082571079351068,0.14424449388730587,0.15647792676718839,0.08901411210040465,0.2302610379605974,0.31842632505897045,0.08996009237761984,0.2723384325024076
0.13102324023990114,0.14383819580605756,0.493771767936136,0.0234137463755625,0.2275915916133029,0.02983827241193737,0.3950376422861254,0.32411874731307194
0.1102717755971059,0.1340174914447388,0.375113539696683,0.17258750864276184,0.21611709563734716,0.16985157443022222,0.2541647877351464,0.18727903355452222
0.10431921806960529,0.1423736804025314,0.3112879989075375,0.4176594821199777,0.23358354744835783,0.05287687974134955,0.23857284332918477,0.057307247361130194
0.06981441244283487,0.151775382220144,0.06466406013459726,0.3114371798719556,0.253616762647585,0.3272493841252453,0.005281076595633062,0.102415596759581
0.09065373002976225,0.13574695135606246,0.22581523727452207,0.16573742085324167,0.3206274201183142,0.12940043774007745,0.1431507606941241,0.2410839605942427
0.06375794054547988,0.1454809264629654,0.02583115626801106,0.24178242905847325,0.11970181789647392,0.16450708429129243,0.08717558390370057,0.3868330848500598
0.07441039050284429,0.15114227828696336,0.09534321346859864,0.08535066639134081,0.2429415363184635,0.016882029612372368,0.1449008079098205,0.5099249597680028
0.07253307529088839,0.16927492009417253,0.07403976492156,0.23655785161206833,0.09414492171584922,0.5578998151888246,0.01172261974887485,0.09967479173438304
0.10293563387457993,0.13606586133853904,0.3155503772379305,0.20030756066312572,0.19134100286939904,0.2269729483561836,0.21193712208462512,0.16944136602666657
0.12273910302269551,0.14047235944353287,0.44662952392363997,0.017512857552060723,0.2619753065050833,0.28294481044493913,0.2674077532380792,0.17015927225983757
0.13891159084407498,0.1407723923060958,0.560561552953433,0.07916853871480625,0.2873465460606321,0.24717888612944863,0.3333826364567236,0.05292339263838939
0.10011540032853261,0.1613311072933615,0.248652606441159,0.15210919593608624,0.14276252765722897,0.5342113732239753,0.12598484969640553,0.04493205348630401
0.07074955662796782,0.15020796747030488,0.07156449027973792,0.325730486707195,0.00809537317049766,0.2724565719388776,0.11918264600420134,0.27453492217922815
0.0812670447634514,0.15660653023689663,0.13579922070478812,0.22481985959855846,0.36548344252507814,0.37543974747884623,0.003688020674605016,0.030568929722912027
0.09836875292290143,0.1406978378662529,0.27270321637333683,0.08708549521683841,0.23281658518635198,0.3089791366698098,0.15998752137818997,0.21113126154880987
0.09268243354611914,0.14567060209531918,0.22435847093385033,0.0691940719771185,0.29548528668195406,0.35508447338192434,0.09859664939487707,0.18163951856412605
0.08637578716478604,0.14419421948525077,0.18291847800101274,0.04964784024391693,0.3223546352867004,0.28986576206600906,0.08327082410664122,0.2548609382967324
0.06031340541858207,0.14776777997376736,0.0021209320369955623,0.15110395183259015,0.23600601474547633,0.26487115321055976,0.0038422556903552805,0.34417662452101827
0.09562259093607348,0.1398272669441649,0.2547614046572054,0.2508542995212789,0.12886770417476415,0.018624040483040418,0.26560207223773397,0.33605188358318255
0.1385946533652954,0.1370918323233087,0.5732993135575191,0.16234503856458052,0.2187060871705212,0.12425947245779184,0.39001496864976787,0.10467443315733858
0.09869624485406887,0.1368708870639972,0.2827207866050838,0.1471854447477715,0.2880177283587714,0.23144952794096255,0.15969295787630042,0.17365434107619396
0.1544946068831562,0.1564969540133355,0.6038111570855499,0.3500890589684895,0.0036526193151445482,0.04889684013658754,0.5488575602944435,0.048503921285334886
0.08716443910921857,0.1362175179902278,0.19941957179962233,0.24914310587927996,0.3243067338119935,0.09541399371466437,0.130595525865426,0.20054064072863617
0.06885414609337234,0.14322941519537424,0.06181793091380505,0.2656588717315571,0.28379610983408865,0.22283037241630807,0.02609852993527753,0.20161611608276878
0.06734048416413223,0.14381278047439386,0.05104194592384797,0.21462443276371168,0.24621744729976894,0.02570887086019858,0.09994206996874325,0.4135071791075775
0.11185248375136313,0.13774192861675502,0.3764466221148566,0.16549487123942402,0.10997374696149964,0.13999768827631412,0.31147920725655903,0.27305448626620316
0.13201997295863155,0.14415090742000788,0.4996151203459945,0.1270032563754622,0.054800854052175205,0.1175276722540237,0.42942510347625906,0.2712431138420797
0.11448980615044839,0.13372133422530483,0.4074877540381061,0.188756001708882,0.21101602173319134,0.1295081444863891,0.2855706577477987,0.18514917432373887
0.14979358974840337,0.14812252934954118,0.6062115610820247,0.05757951206292106,0.06365430757856612,0.2647763854341306,0.46191199062460764,0.15207780429977447
0.07120629654076177,0.152960225651341,0.07326281386577915,0.43054324993481274,0.3783330897812616,0.12270146413355046,0.017993701098321758,0.05042849505205364
0.08566438808436348,0.14047828538414206,0.18269291950840266,0.2883295251641237,0.07902698716357598,0.14694476267112633,0.19856676300088813,0.28713196200028585
0.10064328188044439,0.14131810862596783,0.2876013716544746,0.047901020965291474,0.1719081110184605,0.20520389095652217,0.22878997315618915,0.3461970039035366
0.10333712737055682,0.13816985696136014,0.3136510981745914,0.05863753379771483,0.27591881454378203,0.2366560424959175,0.1898604167323029,0.23892719243028268
0.0963921942984038,0.14279508818388278,0.25485606515778864,0.17310013816193948,0.0581446840451988,0.27970653731215667,0.220429462595738,0.26861917788496714
0.07951559609007607,0.14425040271444778,0.1352897165126696,0.14276963219479927,0.38305761725706206,0.24810320275023193,0.03607374332424719,0.18999580447365935
0.11890003028915684,0.13563872478122335,0.4342419938270494,0.23580832037845323,0.2475864852037694,0.1541999955508874,0.2789544957261492,0.08345070314074064
0.099612726196492,0.13706308125620112,0.289010912591751,0.10948873367316826,0.2396165367366598,0.238992509212958,0.18284963694994222,0.2290525834272717
0.10105358706853453,0.14710285184937408,0.27908083733530425,0.052463694760674,0.5111993053455505,0.18948164789001204,0.10539130027574606,0.14146405172801754
0.0761113122658174,0.14118948287413904,0.11411127753884864,0.29416102872610134,0.1767858033930313,0.22561147328287054,0.09499617688279702,0.20844551771519987
0.09926504148638116,0.13654725229824183,0.28755643797664854,0.19070924704093287,0.14724440187030052,0.1155414013293097,0.2487495187337573,0.2977554310256997
0.07937991961306083,0.1534875154727455,0.1262638173102886,0.3577302749987118,0.15693498119969937,0.35189388717750164,0.07184023084034927,0.06160062578373788
0.08590982576197442,0.14908019209924636,0.1737979096829015,0.21674290595242504,0.5065106020422588,0.1544851220016013,0.03966624768033557,0.08259512232337914
0.09414353973937427,0.1354377307758231,0.2520976949613011,0.3035931173481955,0.2240621490558175,0.08951450467920045,0.1963143853413036,0.18651584357548281
0.07726771669431243,0.1459742529840507,0.11829289303641183,0.2377760280188374,0.08459470077567333,0.31358411143630793,0.11223129383329121,0.25181386593589017
0.1530253380974448,0.1451599283242481,0.6408472308532098,0.011885089090309718,0.27467660912942443,0.25923684922355716,0.4005893030953916,0.053612149461317135
0.10497975821287008,0.13982913884204623,0.3216765731760681,0.25905614834043456,0.07140262691043907,0.22197676796081167,0.263344863736654,0.18421959305166066
0.11655698137641257,0.13518024076303034,0.41838201394800306,0.25888413072005295,0.23127144741746233,0.1242314870221001,0.2826365044494437,0.10297643039094101
0.08754343976174525,0.13647215135120702,0.20182461761640313,0.23241954805795872,0.3032932209177804,0.15419252358510172,0.1231924355037827,0.1869022719353766
0.09191148038705338,0.1346949890012372,0.23691661155085933,0.21203351543818336,0.24105547727302803,0.14129720095600107,0.17146609332477264,0.23414771300801487
0.11398547786933132,0.14493781643533357,0.3724733764939659,0.03622647881791843,0.0853136306702651,0.2605963629713942,0.3028139496390282,0.315049577901394
0.0855301783769143,0.1452886998014202,0.17572033070575216,0.2835122457873512,0.061017871406355846,0.2989984676576538,0.15758841450550717,0.19888300064313197
0.08339621712979467,0.1473883085210195,0.15873862292447752,0.2861194534764149,0.02798223023233886,0.3066127581774711,0.15844825283851222,0.22083730527526288
0.13086870946196716,0.14676551158508624,0.48287031944069186,0.03922622656841635,0.14760729833668987,0.039247529304894696,0.4207115808419767,0.35320736494802246
0.0995938220508694,0.1527198992996279,0.2592577799778963,0.2165758567456225,0.10536001408669599,0.4398377557668079,0.16237159393848336,0.07585477946239035
0.07217489583424881,0.14207824115197,0.08569148756019776,0.20956191609311275,0.3511925062618237,0.0014253085473753724,0.0886098259136642,0.3492104431840241
0.132702311885446,0.14505548169248006,0.5012034777119011,0.07799785061363111,0.051627529634555004,0.2599475462349625,0.39291338159694755,0.21751369191990383
0.11651551888070413,0.13692888843604112,0.4127362715509247,0.31588137075510714,0.21571023288461913,0.023526768703910617,0.31533123433461235,0.1295503933217507
0.0949491834958912,0.15096828592108466,0.23150016761904624,0.23224913377228107,0.4508205108769533,0.24591006089988762,0.06986605465198065,0.0011542397988974446
0.12983496782241385,0.13624344599213034,0.5125748788418611,0.1429601497985664,0.26610887486235163,0.18198686436724293,0.3177315712624048,0.09121253970943421
0.07440490958609271,0.14869231954709894,0.09687729420032277,0.16670982537555185,0.09495925717092851,0.0975236877023446,0.1695223712966607,0.47128485845451434
0.11433774556028029,0.1355576281243313,0.4008460926333306,0.27259774852908253,0.29346351010532873,0.06991019815462622,0.2652364621520515,0.09879208105891102
0.09044903128374988,0.1456877773962316,0.20900196178390934,0.05097756904941845,0.39304804762602863,0.28737116655722195,0.07441988751027662,0.19418332925705423
0.14880904361412844,0.1413815445180619,0.6281516015181375,0.1139236344695088,0.2922056279842439,0.17982050904602356,0.39233889592599663,0.02171133257422707
0.08324225817321608,0.1390021691118557,0.16720788115553023,0.14883931590672547,0.20203551241218753,0.21093756027302607,0.1324553509658379,0.30573226044222307
0.10499338159588516,0.13538281501547933,0.3323418972396218,0.21761581294132018,0.2335305486748748,0.20028766599595801,0.21160368147375933,0.13696229091408774
0.07916117460893365,0.1415224072757453,0.13539322131229448,0.35719163427712725,0.1312635945751194,0.1723396407747794,0.1370629507812298,0.20214217959174435
0.07875468967641287,0.14354123047435946,0.1306571611127647,0.13070619126528255,0.4401174381758602,0.14318504353705647,0.04487374946304387,0.24111757755875693
0.1213020548008943,0.14492388515850585,0.4229948343839054,0.0444477812864011,0.08605039893082768,0.17077984186583076,0.36146534951284687,0.3372566284040937
0.0887682763396024,0.13876909437421395,0.20731039911541077,0.30573260062523755,0.28271077870197,0.16298702901572953,0.12757945912587684,0.12099013253118611
0.11350038808125718,0.146419959456964,0.36538999382104115,0.3665478551313146,0.024660400466705503,0.006072064544736307,0.37675315426348427,0.2259665255937595
0.11785550835817069,0.14544069084399114,0.3977945100675447,0.0456311821213121,0.082129114873635,0.32511374964248074,0.2996622526972799,0.24746370066529208
0.12745642610100044,0.1417824226287739,0.4757742521978219,0.1526593043792062,0.16472021335523765,0.3087357172330584,0.30573647930084336,0.06814828573165432
0.10561979687327516,0.1401708454199095,0.32545852696123817,0.35219801029980013,0.0856467556170822,0.0927222924878165,0.2935732719333323,0.17585966966196884
0.09870324380415968,0.1420065523474078,0.2725454788133667,0.2776821322824559,0.026532726503712006,0.1524796129669506,0.27380017009927193,0.2695053581476096
0.06815195015277728,0.1509286989677251,0.05401192886795183,0.06896455172497043,0.16153537145471597,0.2727761092375276,0.07022712588682571,0.4264968416959603
0.04395735302639831,0.1560246523062093,-0.1028212320070861,0.4162289515845558,0.07596561790651989,0.05512811984190786,0.038862540959891355,0.41381476970712505
0.13930228869275696,0.1410604556516666,0.562186534322456,0.11195321364584027,0.24069578835423816,0.2595256899817695,0.3463479593749402,0.04147734864321182
0.13315574072327033,0.1455171495954685,0.5027293410202178,0.07908296439319489,0.3248609554326254,0.31681161664807,0.27247820240669696,0.006766261119413001
0.12216168453849167,0.1351815267828655,0.45983860382298025,0.11789840307881551,0.2264030571501882,0.09921655952329492,0.32794067016339495,0.2285413100843064
0.08300610970013644,0.1520761600385596,0.15128018549589325,0.028212524445469532,0.35664738084532777,0.37577873480079493,0.030490385118605308,0.2088709747898023
0.09431369038789035,0.1414531610841173,0.24257987679388227,0.1257778197824962,0.16287495088270498,0.07448516466991462,0.23967438795868135,0.39718767670620286
0.07506711483454526,0.14774052869828636,0.10198362607267442,0.2094271322868809,0.0345170120512193,0.25810410110610743,0.14163348595712272,0.3563182685986696
0.1340133585068509,0.13993204185373442,0.5289235940987284,0.23458390481398875,0.10407026128108796,0.1031344763393963,0.41488099664812056,0.14333036091740642
0.07714218664435764,0.14297391001596382,0.11989730603607064,0.28379369768033097,0.07615612364206718,0.1189892994258238,0.17218003040059227,0.34888084885118564
0.06121761092085904,0.14938096009810325,0.008151044952846727,0.432115982930863,0.09594250168440074,0.1661338976005879,0.06928806078213866,0.2365195570020097
0.09391282078733362,0.14068621313265578,0.24105290797298357,0.14544772947487428,0.2844517670768873,0.29368713685553116,0.12112705103236983,0.15528631556033745
0.08302177845264976,0.14059415201058442,0.16374634452019454,0.36604465765636923,0.3294790671500873,0.0014933263809763838,0.1307201016616364,0.1722628471509308
0.1433924852012751,0.14206638784328462,0.5869965898849099,0.16731554571581428,0.14535945509662315,0.027520623437285747,0.46860307384877853,0.1912013019014982
0.13119636225532655,0.14646817662711975,0.48608758499519666,0.02163289024079306,0.09545404780706761,0.3313973559630743,0.3518847158486741,0.19963099014039087
0.09218860166327597,0.14186664397648807,0.2268933750812536,0.19796717191123667,0.46526454281278173,0.09542902508602583,0.10246833339557804,0.13887092679437768
0.11528835541924395,0.14409915704644125,0.38368271232443957,0.06937344120121006,0.1523402729484322,0.36575993028158044,0.2471026852285386,0.16542367034023878
0.08743570670025007,0.14574353146380986,0.1882464794471015,0.3935036520329314,0.020409495034740443,0.08855253430358631,0.2383097819985558,0.25922453663018585
0.1177186299857275,0.1417365524766053,0.40722473474338533,0.01629248237727188,0.16599888191046086,0.26736593003915815,0.2875131185876914,0.2628295870854177
0.055616531496665886,0.15694388351212807,-0.027930164624704046,0.16717125008221095,0.04877002345129618,0.22273584793120432,0.0671444464391071,0.4941784320961814
0.1045532445464865,0.14187898973054913,0.3140228488453451,0.20077217538639644,0.13405033673484312,0.3237836036830313,0.21039636331275968,0.13099752088296934
0.06768945338117756,0.1442712470739654,0.05329858538780987,0.27381248263764624,0.2924218178804366,0.22695241107031455,0.015837384201030497,0.19097590421057228
0.13867163687701184,0.14951452303656432,0.5261805694806811,0.3758063907700356,0.06720692551996503,0.11258548747253533,0.4344943154934338,0.009906880744030476
0.05250945234089542,0.14712340538634644,-0.050913365140199,0.3011188769349295,0.18952695418388,0.17872549554162465,0.002838877180865894,0.3277897961586999
0.09899186411151678,0.13806052645839312,0.28242586865165725,0.11117713756922384,0.1670834199563425,0.20926942923420652,0.21709543986991442,0.2953745733703126
0.10991407416126782,0.14267338418119757,0.3498485330513792,0.18808335983088156,0.14149245822642526,0.3375913692557943,0.22729374979189124,0.10553906289500772
0.12078891954582799,0.1367928679594147,0.4443866149795438,0.05135632049026029,0.34215598938398,0.1470796303683741,0.26821252581124255,0.19119553394614305
0.1029373053735247,0.13716377616053657,0.3130367694402847,0.10922664699449718,0.3303688913184174,0.033319335886502745,0.22695451127882815,0.30013061452175455
0.12774313470529441,0.1423874936000375,0.47576604512460197,0.15447867456384393,0.2652326290060481,0.2933095680230777,0.27322883752150673,0.013750290885523585
0.11013384838398696,0.14046814093620577,0.3569054737241484,0.05806936583872174,0.16051437247378855,0.2796315195111139,0.24975901469233586,0.2520257274840399
0.09880682156341578,0.14794811472668415,0.26230021001015513,0.21785300483974773,0.3085553646840417,0.3381989904270023,0.11307040183861407,0.022322238210594165
0.047509491020300595,0.15225604185168698,-0.08203621234201294,0.3881622643535746,0.09867489302523416,0.09836183821127503,0.034179430994433935,0.38062157341548236
0.08575188407321604,0.14079434510744174,0.18290424983733897,0.1854874844716332,0.21341912651374736,0.29165995994317406,0.1105815274889353,0.1988519015825101
0.13417134070726536,0.14966577265621428,0.4955798469543109,0.01784515690769064,0.08590288434772941,0.3823175331803174,0.35266221461927233,0.16127221094499036
0.09768040093951189,0.1383253605847794,0.272404140355865,0.27704989067652747,0.39229572254679396,0.0001771986158231902,0.17737481907149416,0.15310236908936126
0.08583348971949832,0.13979212558053758,0.1847993197915503,0.1232784229834497,0.3966369871874913,0.13764510691096624,0.09425969654387241,0.2481797863742205
0.07151351646669883,0.1446788392150208,0.07957982334643642,0.3780790295009124,0.10541186971922312,0.03430148063942008,0.15566329266347181,0.3265443274769726
0.10689435342407581,0.13688066445048686,0.3425929703975003,0.14789429023984244,0.21935926961077035,0.25770952662542645,0.21287864033312523,0.16215827319083553
0.10096261324644698,0.15901409745527825,0.2576036584301431,0.24025104703487177,0.019513132851633107,0.47935222117216186,0.18675040468507975,0.07413319425625345
0.10078195660196869,0.13866970668845371,0.29409420107588924,0.25949317880397105,0.11064930552070645,0.22799377024593692,0.22837895191328478,0.17348479351610083
0.08795122151268822,0.1394925400367446,0.2003778947987141,0.30392873215288224,0.09631540499588626,0.16307774069108055,0.19545084141525715,0.24122728074489375
0.06168742653431467,0.1455976935622385,0.011589651546185737,0.2695835283925665,0.13576194130537028,0.22215544420947775,0.05179042093997882,0.32070866515260665
0.08274637221668198,0.13969230872630312,0.1628319584956433,0.20987327186251017,0.3996959348213304,0.011144631937123303,0.11241954578175982,0.26686661559727637
0.08995892882310207,0.1413432772128877,0.21195864008430115,0.26536320832067745,0.15930967840690582,0.2809595458824253,0.14617880549118265,0.1481887618988088
0.1172556515346739,0.13876476090947254,0.41260944896540697,0.04018611361441984,0.269365345198225,0.08287971851695503,0.30190312541623054,0.30566569725416964
0.11287006324376361,0.14106504611224335,0.3747920884787837,0.30926528486250293,0.17055815302029873,0.22198596155585473,0.255237309964694,0.04295329059664964
0.07525622238878306,0.15660022348577213,0.09742145987530575,0.4086512949788979,0.023322595850965917,0.3383452698577441,0.10529312717917397,0.12438771213321823
0.07035822283002346,0.14560542804460277,0.071138988217187,0.18263543408380634,0.2163508453783114,0.3117768111555001,0.037236973342534486,0.2519999360398477
0.10197965655322136,0.1385469115286808,0.30299958396785404,0.06791538583908692,0.21345225282146654,0.23704065326243226,0.20703133192336912,0.27456037615364526
0.09826420688380579,0.13526212097815637,0.28288930121083283,0.12589582062758825,0.2870115286576808,0.16234227104051732,0.1816302911719722,0.2431200885022412
0.12044490604113198,0.1503729968005633,0.40196649217079083,0.010884982144088964,0.3877637281580823,0.366769117724807,0.183713355892298,0.0508688160807237
0.09108472193991592,0.14917591129441607,0.20837628320946933,0.04157497100967411,0.4220906209081068,0.3151330732397062,0.05811031328074522,0.1630910215617678
0.07159109094582908,0.14103257179023448,0.08218733303019637,0.22804492018143416,0.3216090330938837,0.016804959983474203,0.09107937971857387,0.342461707022634
0.12911159212363726,0.1549854975101039,0.4459229620444436,0.004482672439283163,0.09849994700641006,0.4690379907396006,0.3000015816252272,0.127977808189479
0.15472418184797176,0.15433624824537417,0.61375200527988,0.04091491490205357,0.01721790494356233,0.1494784373407982,0.5383688327695499,0.2540199100440359
0.07781004606901817,0.13958381974669098,0.12759391526423955,0.2614588771144366,0.3333092488821067,0.1481061484510295,0.06942780772011516,0.18769791783231202
0.09996105812348048,0.13536011697253422,0.2952203279462956,0.29844095631236445,0.26435698912916417,0.021634923837033783,0.22761348069174359,0.18795365002969402
0.11146583481277582,0.14227066878210445,0.36174592594063537,0.3180212411729892,0.04292371660102264,0.1871534096141761,0.3082084481731311,0.14369318443868093
0.06918850719171199,0.1504207280431886,0.061085379064737676,0.2294964361657623,0.03354905584990733,0.13243495289420032,0.15451017584720986,0.45000937924292017
0.08072714817092189,0.143985160294311,0.1439533638644068,0.13698666337714094,0.22334687025260475,0.32532851659396106,0.07859753952091822,0.23574041025537498
0.11287165104372718,0.1387911560451695,0.3809439488098228,0.24398458990862776,0.28637526570112254,0.2068917201904685,0.22102927379082235,0.041719150408958995
0.06469905195793,0.14921602722736826,0.03149160345067904,0.3099450337770887,0.04344649824089606,0.253871850675169,0.08678424980667114,0.3059523675001752
0.08879235794398777,0.13519235101382232,0.2129732764322146,0.2614530650303748,0.27374719681153886,0.07955126515815666,0.16088981878577893,0.22435865421415072
0.1167516550903964,0.14684990967987901,0.3864602655467098,0.2569261403130471,0.03468934593465066,0.32112373785443343,0.2970503865381838,0.09021038935968513
0.07871468621880419,0.13894582127353494,0.13469052935360773,0.30491875394422485,0.19209324477115566,0.17114761938700512,0.11653073486903114,0.21530964702858307
0.0976835099999382,0.1369613311226151,0.2751397762497059,0.22949053169892766,0.1292048457294371,0.19783806013296773,0.2198768144465375,0.22358974799212997
0.1079902291384116,0.14571090408694698,0.32935235313463845,0.027727854716735778,0.45874066182321793,0.2445128996060581,0.14001888250759156,0.1289997013463966
0.12804887286384284,0.13806151064611913,0.4928880797072147,0.18615142126066675,0.34178080329563076,0.14581342074266687,0.28894086033581473,0.03731349436522086
0.084859650738522,0.1418437936891796,0.1752607575696729,0.16136691494491817,0.3361476318802664,0.261152024184906,0.07136194603326584,0.16997148295664363
0.13067657401196572,0.1424040471086063,0.4963101502168918,0.09643575279243886,0.16905877492654112,0.32200349353118607,0.3183465848107495,0.09415539393908452
0.08777367871902378,0.13663184369677883,0.2032738340314042,0.307231357799694,0.19740937340858272,0.12656875344128446,0.16721584346817256,0.20157467188226624
0.0681100873567173,0.14194684463728996,0.05713467867102378,0.2203969617087747,0.19146991401803115,0.19876323952384312,0.06944330517497622,0.31992657957437476
0.10506787678600019,0.14241391429681696,0.3164569768939178,0.1632423714258069,0.03949677871050476,0.23085725835497242,0.2809625597323278,0.2854410317763882
0.05637774589018454,0.15446388001867425,-0.0234504928231606,0.1783098459144192,0.06548192870172834,0.25049137054486875,0.054412925369743265,0.4513039294692404
0.08788497474475798,0.14404330476621688,0.19358744087422503,0.09084460395561761,0.12508149608748478,0.20122458450843725,0.18960940763203238,0.3932399078164279
0.1205778981690804,0.1396846207678868,0.4336762188712413,0.29423426362977423,0.11011181479734233,0.17229763026925995,0.32827762477360256,0.0950786665300209
0.10503065775877152,0.1360667464528107,0.3309453553693121,0.16345407186930325,0.1511858788969914,0.1909914490104582,0.25058483669347986,0.24378376352976736
0.06372573103808489,0.1469205128961922,0.025358821342512845,0.3754687904601499,0.09712021689003884,0.052214289859019734,0.11996447741815623,0.35523222537263544
0.1138721718146628,0.13566173966690998,0.3971065972390967,0.293478264200794,0.2594437462633207,0.03321608396116763,0.28604344471225723,0.12781846086246035
0.13900501671814278,0.1424950388790799,0.554440472732428,0.006745584715293583,0.3205275250692759,0.033378494264183274,0.39405585557057315,0.2452925403806742
0.10830652994484868,0.13831869350615741,0.34924079110607176,0.1551555452798239,0.20095006709433186,0.28472615389405836,0.21692041024403205,0.1422478234877538
0.1021489872629083,0.1375261723392048,0.30647975251538956,0.30791495088160326,0.34028899330319745,0.04500199012808599,0.19988351130831994,0.10691055437879322
0.07936286040099183,0.14930315808479325,0.1296882172445083,0.018428668340777145,0.26179582905630555,0.33785192959779886,0.06379095999735819,0.3181326130077603
0.11668991360028988,0.13526401128896787,0.41910566646720104,0.26196771193756513,0.28067596811690704,0.08143481982385367,0.27748734482804055,0.09843415529363372
0.1188023387330964,0.1450258984522036,0.40546095118642533,0.3048930136143018,0.02788034612311098,0.024222553848359307,0.3976491829393744,0.24535490347485348
0.053036561881821535,0.1582710554912461,-0.043996914638404036,0.13328068787457287,0.09902144647979412,0.3483984335353447,0.00020881644969782836,0.4190906156605904
0.1228206670097857,0.14115757292285017,0.4450392969289746,0.05294497978521952,0.12793014735957225,0.25803633784501084,0.32392383289412285,0.23716470211607465
0.07678374425808032,0.14740072116828748,0.11386473638021292,0.13476338829134527,0.40503791872573874,0.2695920552545156,0.009846537823545769,0.1807600999048546
0.10229385643828728,0.13899723519928692,0.3042784007728541,0.33201871227660085,0.11438639964285069,0.035879044218372666,0.2877662077498718,0.22994963611230387
0.12328066160907478,0.14511831321570942,0.4360625492870219,0.3576162166071682,0.03359534690664423,0.088100337324903,0.3903715185438974,0.1303165806173871
0.11209866556131177,0.1356634783790264,0.3840286728883272,0.1613877302488151,0.1744543508837497,0.0907702793426689,0.30365655354928733,0.2697310859754789
0.10794605218324706,0.1484747948635453,0.32292384863916823,0.46306228922633746,0.049996321769198715,0.06803240868829252,0.31588708015058625,0.10302190016558495
0.07444731037434515,0.14544573002944233,0.09933127889983853,0.37228098724220765,0.06032520969172674,0.18550691381929035,0.13856703683227545,0.24331985241449977
0.16793304289051286,0.1472201500141632,0.733140421879269,0.07321650429588564,0.24416569612809452,0.1558702879887258,0.5037187866527069,0.023028724934587134
0.11984893007582882,0.14022162992700396,0.42681667662103734,0.3189502198807145,0.29076903715118774,0.10387150004943256,0.27551368379561536,0.01089555912304977
0.09338130561204705,0.14613884835508484,0.2284218466737737,0.4344037746570433,0.2365942510899248,0.1362613679479141,0.16290529343051838,0.029835312874599486
0.0725167717146492,0.14790470203223577,0.08462727379634741,0.3217186783802652,0.01277703428915164,0.21296402447315294,0.14396976549900042,0.30857049735842973
0.1396786853952673,0.14053990269539446,0.5669470653324878,0.12110342390926071,0.2619414805704054,0.23745955312964748,0.3460147267604366,0.03348081563024975
0.07941911166755947,0.1504807475056501,0.12904715047903612,0.10150623882386516,0.11238849087624089,0.3866414323648955,0.0990703538318316,0.3003934841031668
0.10970872130456442,0.1423156321832985,0.34928504017423045,0.07448253969318475,0.2981549686114399,0.3260319638865306,0.17941826853329693,0.12191225927554786
0.12007188941971261,0.14445419464861164,0.4158542406182039,0.13450115485015585,0.02860662156574872,0.1542934018031145,0.37595618406762504,0.3066426377133558
0.08792712213652906,0.1406614716482182,0.1985413760377277,0.3109407575128013,0.13052263181610707,0.22853915208753428,0.16116920866555856,0.1688282499179989
0.10224173778389774,0.13895388924015165,0.303998240098858,0.09426042355877973,0.16014923980637594,0.16572311384362431,0.24874836671012998,0.33111885608109004
0.12562287507522168,0.14647632054240028,0.44801012772727267,0.20833641435138586,0.026697012641836108,0.31396801232306476,0.34443909169811515,0.1065594689855982
0.07386998976701646,0.14181483642188422,0.09780351701534741,0.20205574095628195,0.26169604627636045,0.25129270928026454,0.05237115099478119,0.2325843524923118
0.1122801080257801,0.13581526592953233,0.38493543172757627,0.23260700003167634,0.14984931335862317,0.17849685941028484,0.2805177189898306,0.15852910820958496
0.0703469646663152,0.14370260834613977,0.07200262253690085,0.14718874324690667,0.19453120334216056,0.22840221037740283,0.0745700769586615,0.3553077660748685
0.11800715664082895,0.13832913850175177,0.41934155933526873,0.31620991356465245,0.2970183714800392,0.046666125968777776,0.28337212563848313,0.05673346334804737
0.143577511644258,0.14210781729512334,0.5881274741606076,0.04665427842442874,0.31260528701073226,0.2387830187369503,0.3490639109074669,0.052893504920421615
0.09588489023041952,0.1457295538879413,0.24624305278538902,0.15167678848340374,0.06151306140076552,0.3473922384688308,0.19748679105079234,0.24193112059620756
0.08860273307475813,0.1553227538045645,0.1841503087870026,0.15451261106652112,0.044983204574307274,0.4633555151116062,0.13591931868627571,0.20122935056128965
0.10255934988670679,0.14975295448391407,0.28419706331255296,0.28259674608739954,0.010739749861727484,0.35234544667735407,0.23333384953312386,0.12098420784039493
0.13329236397494484,0.15294648587546245,0.47920266722978894,0.029978589077464556,0.07907210729455326,0.4355255595132151,0.3338209845514056,0.12160275956336156
0.11093870285738912,0.1406470865962685,0.3621738927562014,0.03128680838897399,0.3293734298256723,0.2729969819365456,0.19292648282270697,0.17341629702610106
0.08292306055582932,0.14748172759394187,0.15542983479921574,0.08244122581436528,0.25461226006215687,0.3690857611991573,0.06681377505693864,0.22704697786738176
0.12231020305082091,0.13501028667994147,0.46152189276165995,0.17417387132611903,0.183414061599038,0.10435496269197592,0.33880716379176334,0.1992499405911036
0.054856281857796695,0.14672117312421323,-0.035057776820313885,0.2969423162924123,0.16653558476659497,0.0993486299389656,0.04694544521986165,0.39022802378216553
0.10428864973717876,0.1361217539710694,0.3253605573330449,0.09078034679329137,0.31923718642806015,0.18059285486338272,0.19234244035805567,0.21704717155721026
0.10779761982525146,0.14185405080893565,0.3369492767579155,0.17447789424820345,0.047744235874493994,0.14692046827161706,0.3149423280515641,0.3159150735541215
0.10951267308955748,0.1417915072747827,0.34919350277873235,0.24397028136360688,0.39217971506274885,0.16488947113604036,0.17931578354331346,0.019644748894290458
0.08365029696682685,0.1517659249616814,0.1558340383244671,0.5147808852400703,0.1209569901154369,0.13061671729153335,0.16050630250683473,0.07313910484612486
0.11369499555380765,0.1430582817776984,0.37533650541983693,0.3487473823489929,0.040993946171627604,0.07321361229871373,0.35174452727674915,0.18530053190391668
0.11811752767473259,0.13798257715995346,0.4211946817558063,0.3093507788429165,0.2435769592139814,0.11187314417773486,0.2843912019827302,0.05080791578263699
0.09322294714773566,0.13708552640449673,0.24235196828660877,0.1974441165667571,0.16090725334929118,0.09859999839539019,0.2223246173868133,0.3207240143017483
0.07837845391438841,0.14465297132123317,0.12705203181464617,0.4005750893372187,0.24372157368263056,0.16229285116303435,0.09031127224636921,0.1030992135707471
0.0938225337376111,0.14499967405699019,0.23325937770258437,0.1916066894676362,0.14677679378625197,0.3651916935836272,0.1471835282131586,0.14924129494932598
0.1127503270945277,0.13677100175108425,0.38568356171383766,0.13604109022193397,0.2967522395776897,0.230836990678785,0.21784793093976626,0.11852174858182511
0.09272677431057195,0.14925753879320172,0.2192637944801926,0.31003939243799034,0.014542422698415457,0.33008931106576134,0.1943658828353415,0.15096299096249136
0.12544507284774187,0.13578110357719267,0.48198954879266986,0.1992143724699773,0.26743265546373357,0.0051150921062293195,0.3492298525935502,0.17900802736650967
0.107610854659317,0.1396956378250856,0.34081847794654163,0.1883761837081397,0.07593211165769335,0.24137869249134583,0.27260791993271005,0.22170509221011106
0.09118772955812997,0.14041755375338186,0.22210705659283597,0.19570732483774628,0.12137524281481044,0.27724698110852947,0.17281552417103643,0.2328549270678774
0.10176429434613515,0.14206403800172157,0.2939821712348416,0.04808774690762217,0.17470335483086238,0.148124120902632,0.25042200896685723,0.37866276839202634
0.07970480128436151,0.16020904522995794,0.12299431193836775,0.04160654368912046,0.0385455093547051,0.45161585091932366,0.11304771358077827,0.3551843824560724
0.07279454670005042,0.14091422174461513,0.09079670271492206,0.2481771758879364,0.3807579783981502,0.057184495980889635,0.059330387413711126,0.2545499623193128
0.0844137916268794,0.1386310998532389,0.17610616703412824,0.2934092188862999,0.12866326569289097,0.1013630494690066,0.1880940993274308,0.2884703666243717
0.06758754207777262,0.144008421246254,0.05268818317782923,0.3247297193261669,0.38624968703509677,0.008756656668936155,0.04378919211192133,0.23647474485787887
0.12660844691681242,0.14421450856489748,0.4618706368703408,0.3749681812783343,0.13034441049944334,0.109309190859317,0.35961413228436007,0.025764085078545326
0.12041802040758005,0.1360321226623546,0.44414524470476474,0.1466385226913634,0.200797513499936,0.22244873259896258,0.2892476159934973,0.1408676152162407
0.11175185594475433,0.1363683604712884,0.37950046305389434,0.2315854305369178,0.22126307043926724,0.2069906168505079,0.24209301328372845,0.0980678688895788
0.09818828306339954,0.15210773664805227,0.2510607540743296,0.047847307951619546,0.06741774899596932,0.1269441305193763,0.2827345193428691,0.4750562931901657
0.09324330499113576,0.1360690598902529,0.24431200610887072,0.26567712306869096,0.29891918991348676,0.13296318164699036,0.15329853496116463,0.1491419704096672
0.15742659249474056,0.15250932761982885,0.6388238281241587,0.09593408238696383,0.030607528321514938,0.29545031687992335,0.4945954021681583,0.0834126702434397
0.12407082308750003,0.1389928371370865,0.4609649274538368,0.017870587981345654,0.2983986986420323,0.09668796977379673,0.31758123194491655,0.2694615116579088
0.08397155209116777,0.14017491694976628,0.17101170889053088,0.303878295401726,0.1314027584324815,0.21271428092082278,0.14937425323691889,0.20263041200805074
0.0908189916779623,0.1414525394410271,0.21787513889640017,0.18090206403782802,0.07589867828019156,0.20435924030675864,0.2126828419288342,0.32615717544638756
0.10731248951386191,0.13437753286333662,0.3520863086687208,0.26906463630165534,0.2428250496132375,0.041478720294131265,0.2636123750605805,0.1830192187303955
0.12395305359934557,0.14169392653245874,0.45134647027157815,0.32781326414276085,0.3372621071034537,0.02022265002272677,0.300880581777943,0.013821396953115562
0.14849536502309268,0.14169790446209285,0.624535453499011,0.20260552972053625,0.2992430913100775,0.08172255725425161,0.4118186656837082,0.004610156031426474
0.12002313774161165,0.13836801753031078,0.4337934358889187,0.05463488161654841,0.18820845275841566,0.2314988147487232,0.29704015452911314,0.2286176963471996
0.060300163444056296,0.14541206242938826,0.002064226578190901,0.39008884315949865,0.2289860500336077,0.0007458403229447729,0.0697740884700098,0.3104051780139391
0.10911468447261968,0.14428507876405738,0.3404003026046416,0.2790605107112306,0.17254951046044925,0.3020213775132424,0.2157083573247309,0.03066024399034681
0.13882052322473287,0.1419304679377301,0.5553460392966099,0.0693388089329044,0.30333097335190157,0.261772564446168,0.32310666490536377,0.042450988363662345
0.12482955994254603,0.14606247915055817,0.4438481416964111,0.39769475424300643,0.0841022585630487,0.004731052708924888,0.4005865921617676,0.11288534232325234
0.12234522155375202,0.1412130334192093,0.44149764397930685,0.25216403261277315,0.06669405309453377,0.21902470948415223,0.34125519391687065,0.12086201089167019
0.09173863879613459,0.14681155196629547,0.21618624945413725,0.3300749314330777,0.09253546626415202,0.30768828796643627,0.16568917272554856,0.10401214161078545
0.10466642087869991,0.1512775313117898,0.29526143434110125,0.15379160155584545,0.08782193707454988,0.4428961442131352,0.19504312979128774,0.12044718736518178
0.12481544323462947,0.13961810943856232,0.46423378382122354,0.15342683186504077,0.10967437246383349,0.25470983610176884,0.33231174947170644,0.14987721009765054
0.10190459139695635,0.13549076486781939,0.3092800563775485,0.3088145327636829,0.20295001410534044,0.05639346679400369,0.24769577976731091,0.18414620656966207
0.10799579667810977,0.13333685595354505,0.3599589650953795,0.17910339014748705,0.24491920395545466,0.12124582512383492,0.248082307316093,0.20664927345713036
0.11908108064215389,0.1346307330067811,0.43883799280197106,0.15923993867796493,0.19659453027158533,0.10610928550068836,0.3205615936285663,0.21749465192119513
0.09861234001171815,0.16994930853041437,0.22719915924111,0.04082572207248013,0.30411704347254825,0.5803668995025014,0.052451809238538774,0.02223852571393149
0.09585443903633037,0.14073719775148064,0.2547616380684485,0.2730027083897446,0.20182317336077296,0.26588947120284384,0.15936027167860417,0.09992437536803439
0.08008361848345741,0.1372290724338977,0.14635104739290247,0.2976519119173964,0.2222514009939875,0.08644976847450375,0.13803572622638857,0.25561119238772384
0.12866069206066427,0.15266681796651216,0.44974207869928334,0.03888201342091122,0.0793759049799697,0.03942907737700668,0.43728116323962596,0.4050318409824863
0.08923469265690383,0.13669793007969933,0.2138634625985855,0.23119859141810087,0.21984676407399031,0.20544047568944152,0.1463931578582431,0.1971210109602242
0.116076755661821,0.14336514393931324,0.3911463701773871,0.016711084837091307,0.27072272611607057,0.33885957964830954,0.21796642642734004,0.1557401829711885
0.1279227107453803,0.13774466235231264,0.49310593663261415,0.09815788364350264,0.22743333980006875,0.2451238143720305,0.3081618517620476,0.12112311042235059
0.09348284019654836,0.13948442938962027,0.2400471532418943,0.23616946627068477,0.1722263896930866,0.27085804569387734,0.16193503288101765,0.15881106546133364
0.08450342999433842,0.1561053332189658,0.15696728285360986,0.2389026628494785,0.30977770084110057,0.39881686195790794,0.030412144337797042,0.022090630013715928
0.09976766508022294,0.14388175538743392,0.27639129765368503,0.3526733371562206,0.19932050330867163,0.2313048052165781,0.18147072718018345,0.03523062713834619
0.07515286022380646,0.13797711754202244,0.10982154500503676,0.25852038064080013,0.2514978140567315,0.10491182873173437,0.10307275229686133,0.28199722427387275
0.1025608510337952,0.14053046881601083,0.3028585287758336,0.02641640607904299,0.32167652732959584,0.0937028245246981,0.21648866173712467,0.34171558032953847
0.09117025100182113,0.142459334814545,0.21880104271439202,0.28216018278534094,0.1724402174716426,0.2869084833206692,0.14312658382154722,0.11536453260080003
0.09326707199214625,0.14622739849976707,0.2275023171680049,0.35638547222763495,0.2684611420765101,0.23053344897080505,0.12704142838503932,0.01757850834001065
0.10081672324888798,0.14308549821082434,0.2852610764841312,0.011395199197845166,0.20333680021141048,0.27960038999693465,0.1971718891801224,0.3084957214136873
0.14989934085256074,0.14271924680594816,0.6299034143222088,0.028893232275086802,0.31701322126325765,0.20491894443968617,0.3866138831475718,0.06256071887439778
0.0744397557239236,0.14551756391249301,0.09923032887361245,0.27174627657931244,0.06358538101401043,0.2626825198199269,0.12129864901164493,0.28068717357510514
0.10148647888203917,0.1360769098353116,0.3048752277829397,0.17636579537472197,0.29629924093204585,0.001702670104214307,0.23817658232727335,0.2874557112617445
0.1376682603250988,0.14665374586976435,0.5296029764836145,0.06539741687230471,0.04499253426934472,0.19872487197166586,0.4370164677219671,0.25386870916471743
0.1509738526179724,0.1508254932156281,0.603172916450612,0.33658408813891616,0.09005635366603801,0.0005038081617420423,0.5169720772484392,0.05588367278486457
0.12156160709921582,0.13900624701721198,0.4428693560196123,0.2534294728582294,0.36568720079107,0.08342440559201718,0.2659932040854957,0.03146571667318765
0.08229176243451462,0.14641986919227662,0.15224547431634008,0.2661751375376145,0.0722719281431623,0.324456929586197,0.13280264713399717,0.204293357599029
0.07724559368952812,0.14591145807062064,0.11819218255759813,0.24196402647188706,0.06913562317361321,0.29936691608929994,0.12216273656261707,0.2673706977025827
0.12099098372053078,0.13789698183281884,0.44229382623090313,0.09609502517027975,0.4177622524292797,0.07782410074119023,0.2582376510611937,0.1500809705980566
0.12003897399904832,0.14399526196481266,0.4169510383870806,0.2510998489098493,0.0879197302303115,0.29583966410734397,0.2992294580961289,0.06591129865636636
0.10302389462507687,0.14114079913036345,0.30482960908658474,0.24893932101997043,0.035573046215962495,0.15878410621044603,0.2892807689861065,0.26742275756751455
0.05824473279876005,0.14613902957391628,-0.012010940584165726,0.2964550876870595,0.13408129783467337,0.1793937881304381,0.0488536507943195,0.34121617555350947
0.09465725610235753,0.13586713255825988,0.25508197199566635,0.23765519896050677,0.33428375158189877,0.1174122609835235,0.15301874593691375,0.15763004253715723
0.131577142851879,0.1447149855349555,0.4946076772027852,0.009956023199837294,0.13190220214422765,0.31068260699042843,0.3470352903472675,0.20042387731823902
0.050046177054719844,0.16268796881839848,-0.06118352215947311,0.1960588260252358,0.013267653267383614,0.37843057901315946,0.0055999070857173285,0.4066430346085037
0.06401053129992085,0.153143433820924,0.02618807218734892,0.20719098046241016,0.14481477908317467,0.39142143007309,0.010329979411936602,0.24624283096938865
0.09890347563696567,0.13875472768537592,0.2803758566351603,0.21305063009628775,0.08512221008159987,0.16645896063979895,0.25315544489223774,0.2822127542900757
0.1098523601153481,0.15144340055908065,0.32918146272012594,0.000448274966257198,0.5858447918777568,0.10288304387028148,0.14606541053110078,0.1647584787546035
0.11573003266264037,0.17045862699011455,0.32694169633240294,0.02397108287365416,0.07799264945287654,0.6251663241031977,0.19979003842140194,0.0730799051488696
0.1122973526250948,0.1561726739494814,0.334868778913345,0.054618541240531476,0.3672809674703991,0.4362533286073961,0.13117295387935377,0.010674208802319538
0.12846552484625118,0.14189229219036023,0.4825175757566805,0.21360036581926023,0.054111664487904707,0.0989967926039044,0.4131529186995607,0.22013825838937
0.1141934107977624,0.14151896227063582,0.38294098492698714,0.16210811595891908,0.07964671578601117,0.2955130299841565,0.28464394409856214,0.17808819417235114
0.11938229397135547,0.13559156562828267,0.43794976255491425,0.15233287802313636,0.1638184852112452,0.177015791905063,0.3127165616228464,0.194116283237709
0.10763564548656568,0.14003994231877193,0.3401575628911143,0.30679435146830136,0.3380796349601131,0.12030206563282662,0.20078427337233654,0.034039674566422505
0.15618542977095184,0.14223478958484825,0.6762440472664651,0.10807048352244486,0.22289448583814633,0.11116143593956929,0.4725433533590372,0.08533024134080235
0.08349455967269728,0.13921009120734032,0.16877052136762377,0.151614418218869,0.2015374893213962,0.23020751172968087,0.1274606832129982,0.28917989751705575
0.08525386516832593,0.13882189393697433,0.18191557867515687,0.24076291741267408,0.18619322478473438,0.028485844955850447,0.1968612036064612,0.3476968092402799
0.08826618762754376,0.15053280376652398,0.18777427192138502,0.2964762972791133,0.40146456575085787,0.23832868200704108,0.05715011147251695,0.006580343490470835
0.09146968108986323,0.14141927869021564,0.22252751803945184,0.11739606050146531,0.270237629823543,0.3059611443226693,0.11450520931881357,0.19189995603350898
0.08294246388664468,0.13957516117063967,0.16437354393305006,0.30165028813617484,0.2940602164428763,0.16571663077092386,0.09768353472724191,0.14088932992278297
0.15327061985880047,0.14938950117697167,0.6243452125079999,0.04586959005861459,0.16424695140348064,0.0076273846816247515,0.5199863438578353,0.2622697299984449
0.09298692474927514,0.15559693453732204,0.21200240767830025,0.5179103366275603,0.10309675611445389,0.18405093215976667,0.19044406526084529,0.004497909837373859
0.10729985465862672,0.14544619804055192,0.3252051638052377,0.259096486478381,0.00987794762924197,0.2902704758146133,0.2754184218687583,0.16533666820900533
0.12488369002409183,0.1387164341201089,0.4677433530904615,0.23879467068698632,0.2871963846288003,0.1700261819726331,0.28431657496566515,0.019666187745915283
0.15668359416576583,0.1462360885536825,0.6611472935442594,0.02632131588507865,0.22267224108097644,0.2676672948339692,0.4323691844678629,0.0509699637321128
0.08002157805654155,0.1437646317206866,0.13926636765181932,0.38378067314265907,0.09799101879797749,0.1838474065273479,0.1477009684703572,0.18667993306165834
0.1037109180860459,0.14220518521390935,0.3073792141987975,0.06302537251749459,0.21088797960347686,0.33571650645418555,0.18490815897929144,0.20546198244555147
0.07102516369561501,0.1396288430637349,0.07896050310022604,0.26624640633035895,0.2214804605438115,0.15384862240467706,0.08083548600009434,0.27758902472105823
0.1401035740617207,0.1443316725355923,0.5549965066882122,0.30138437456661876,0.11550793345407004,0.14056433376479877,0.41948562476065343,0.023057733453859093
0.08052841570917932,0.14821929863929081,0.13850028908271686,0.35362352901637034,0.04646284044631552,0.28375242237599163,0.14071458530829312,0.17544662285302948
0.07155138687858191,0.1603285789114175,0.072048208479189,0.46775871600784125,0.21931832307836013,0.2854905163456158,0.02618558072660881,0.001246863841574004
0.08019603171957404,0.14171538187546576,0.14251121827637292,0.15578750174531958,0.4331143577642704,0.07717142396433888,0.07239665257379349,0.2615300639522779
0.058127193775257,0.1443653355708555,-0.012972686395508106,0.2532250605008223,0.2783330723190818,0.06975239149964782,0.031109233082336287,0.3675802425981119
0.12710894634886585,0.14155416415161212,0.47408669855157753,0.0893041582384382,0.2923560372673322,0.29583169249413427,0.2646658119065064,0.05784230009358895
0.09015044925857202,0.14062785658122096,0.21439883954398709,0.29481818492331274,0.275965747046328,0.2140721300309953,0.12096996280729057,0.09417397519207334
0.10103366192460914,0.1400515844546226,0.2929896301023588,0.059411631110391064,0.2484674262613407,0.2852697350788643,0.17515016451192889,0.23170104303747507
0.08470216825937497,0.1469179269356903,0.16813583457509404,0.14830612912586869,0.26151677101221443,0.3676944939539995,0.06687596340847972,0.1556066424994376
0.13758140006865324,0.14082808134708122,0.5508943907106719,0.05206811825581175,0.2309928914478243,0.26940648815164125,0.34445533642050635,0.10307716572421638
0.04776571186989383,0.1564448907067771,-0.07820190275844005,0.37010718494249406,0.024640805365125005,0.23487384917535103,0.022253189389627174,0.3481249711274028
0.09068592505330716,0.15263620979967288,0.20103961631110243,0.238692132162411,0.30155804788712737,0.3746446965703482,0.06771866673206715,0.017386456648046545
0.08449864306321489,0.14021666948236097,0.17471990422862513,0.36780031780297767,0.1317954557163734,0.05397599384865661,0.19604492903309068,0.25038330359890154
0.09194653796209322,0.1564441726354271,0.20420407755641046,0.018723519933543303,0.166190314951375,0.019829419900640816,0.2541170390195046,0.5411397061949362
0.10923191618488488,0.13574157094088843,0.36268856949006417,0.3067496143244051,0.19886390045746347,0.050457618226721575,0.2827744050370177,0.1611544619543923
0.1110587066022897,0.13780665513184626,0.3705097301247126,0.046963118038122996,0.28154375316728836,0.23137084617017226,0.22350123471779845,0.21662104790661793
0.08672062680658364,0.14837885293401337,0.18008379414057585,0.11395674137481951,0.1200242411302514,0.3915129143202905,0.124982085296168,0.2495240178784706
0.0989715548974484,0.1339888559197735,0.2908566882665437,0.2142454407425713,0.21477987296711726,0.12418036000466627,0.21703668319278302,0.2297576430928622
0.09554309312035576,0.14429874460871786,0.24631602455540985,0.41210447038239933,0.14376725879444235,0.1724582491224562,0.19815554768150206,0.07351447401920014
0.15383037875303476,0.1460765095745316,0.6423372178478863,0.14001540606965907,0.10739478709111173,0.23339115683826073,0.4656444169236933,0.053554233077275165
0.11524783205182793,0.1346007297209826,0.4104571510596756,0.24054235073082766,0.2295266303028561,0.03197829484422928,0.30810442561321355,0.1898482985088734
0.1367381538678372,0.1397014051731019,0.5493012312421061,0.17231229904062828,0.3584046074852877,0.12192499908272163,0.3285452009405866,0.018812893450775792
0.07070124131615788,0.14265711175224427,0.07501372476083042,0.29738999315104964,0.15878037754531243,0.22557098926465965,0.07838132442054194,0.2398773156184363
0.08096172202660508,0.1389603209641219,0.15084681642335282,0.24030396857660466,0.14725340071076387,0.1922228559977138,0.1419984606890179,0.2782213140258997
0.1019146936498956,0.14132424376389388,0.29658530294293456,0.17898538002353853,0.30263261432852256,0.2880883338349562,0.1475776455466241,0.08271602626635875
0.09501884084516093,0.13558095438029968,0.25828731627699236,0.14552489011017258,0.2960858978426162,0.08157512262803429,0.18793868402839947,0.28887540539077744
0.06620373042870598,0.14304090227342478,0.04337032506162088,0.16479271917272684,0.2994008948439151,0.11451449625603417,0.050946547429552805,0.370345342297771
0.082647762839893,0.1511995511106934,0.14978723596416332,0.038887870921779845,0.10663424728911587,0.33599926604322894,0.13613863111579827,0.38233998463007707
0.10192847547160348,0.14195736222764188,0.2953596404839311,0.40070305197109585,0.10972262209348109,0.016759746124107227,0.2883649166782243,0.1844496631330916
0.1621097437617603,0.14705588978538378,0.6943601096887805,0.05451109414958908,0.3827965691347514,0.016866803346877624,0.47080927803006034,0.07501625533872151
0.10666771332632971,0.14803295019975055,0.31525220069827636,0.046164433364719475,0.063700356741507,0.34820122643213436,0.25134945031770706,0.2905845331439322
0.09940531369125202,0.13540161159479278,0.29102544073978703,0.19872722282712235,0.16808001492955515,0.11718877145461698,0.24021489871631618,0.2757890920723893
0.06452816978909345,0.1500714151827295,0.030173432985754676,0.21250707530017715,0.08648571851074079,0.3190942251494204,0.057100852184574745,0.3248121288550868
0.10920110020066008,0.13996092350294503,0.35153454956750696,0.008034081478383496,0.2601892255161305,0.1802828680463708,0.24288262967290775,0.3086111952862074
0.0994720784362563,0.1385166989565563,0.28496259825420855,0.14040814165120852,0.13372205035232893,0.23618662496532375,0.22108588199693852,0.2685973010342003
0.09782500767288857,0.13792746375734277,0.2742384050462532,0.10865525405286042,0.2649573732112993,0.2543796896673493,0.16072219359394893,0.21128548947454187
0.05650879993850705,0.1515220288163191,-0.02304087457623154,0.21521247033007426,0.09728623462135474,0.14663895855111042,0.07236821144857628,0.4684941250488843
0.06580255592785914,0.14353263668073887,0.04042673542440262,0.20160703926304724,0.2900575003814714,0.22264599004642033,0.015880690837124435,0.2698087794719367
0.1120195430384269,0.1366042042515547,0.38080484655240665,0.25370998833569947,0.13037907922161443,0.17230043717522414,0.2870614954309421,0.15654899983651988
0.08021686678631665,0.1461967594126309,0.13828532771547863,0.41059090631595313,0.037660595116537514,0.0866478167958933,0.1998957343328616,0.2652049474387545
0.06318160704950525,0.14280603278235746,0.02227922019480897,0.26832577565446236,0.324880115265031,0.12783057962025296,0.015587359971118247,0.2633761694891353
0.10090653008448741,0.13934759263425928,0.2935574939701567,0.2150458266602531,0.0706439035275586,0.17606583259415795,0.2641227877544249,0.27412164946360557
0.10817391482586212,0.14311580137955618,0.3366079381975475,0.17529390204964737,0.10708621752848843,0.341643007339468,0.2327444660880391,0.1432324069943572
0.08168955473131108,0.13942140676769813,0.15556832508116844,0.14343791343636902,0.37390958007604813,0.12386040345686146,0.08781801109365982,0.27097409193706157
0.12886845839314964,0.13544375081482996,0.5084653812290107,0.14682394154372477,0.3184218851476955,0.05971370323236233,0.3316041900124224,0.143436280063795
0.14633385860530163,0.15641253824942433,0.5519625189358461,0.00011237818011752833,0.05871890158893869,0.4318778328040935,0.401226512230695,0.10806437519615542
0.08265475467576584,0.14139887660958475,0.16021877414427907,0.22806663009824996,0.17831433999375512,0.28447964834520073,0.10946821597488315,0.19967116558791115
0.11941030650606359,0.14927421192492496,0.3979944408344493,0.02823231301000196,0.1760738478750993,0.42827563545557457,0.239497973318895,0.12792023034042915
0.08744181147285536,0.14244840460560984,0.19264386673078024,0.04305331609649498,0.2518415686111146,0.23083868584994774,0.133858590791236,0.3404078386512066
0.1092579113632135,0.15657920200893238,0.31458782987285555,0.012198111744144566,0.16686432856928285,0.5060308585291531,0.17632028614657003,0.13858641501084942
0.11325250959959059,0.13479204904883407,0.39507159343128345,0.166982361716622,0.25749739102203356,0.03224079315334478,0.29476190410732445,0.2485175500006752
0.09273064193102411,0.13854534175342753,0.23624498317147044,0.07356527711750298,0.28898752620248463,0.15624582168700493,0.16328208413015743,0.31791929086285
0.0889545895032026,0.14547763395686902,0.1990312099232176,0.4066974645577809,0.05350169833520817,0.1776817098036077,0.2031583080527197,0.15896081925068356
0.11038487029543163,0.15013817938651683,0.33558999117553207,0.20969292869603368,0.030178133827031536,0.39580645920535723,0.25185522553479817,0.1124672527367796
0.07930177826722538,0.13793969484425864,0.1399291066216881,0.26829710684091035,0.26386750811788634,0.15991680027811464,0.09812519791749987,0.2097933868455888
0.08038061046601483,0.16403148883703988,0.12424815875604425,0.20733823662574216,0.1698181690411293,0.5256376802012949,0.029015797757997813,0.06819011637383575
0.18175475392958504,0.16226932190682822,0.7503251538790195,0.004485576441233186,0.10106375465879841,0.045588100227939965,0.6580190233066073,0.19084354536542109
0.11283058011049199,0.14906913302581745,0.35440321573039674,0.06750029925612297,0.10898061308269652,0.4233241609525804,0.2352209966985918,0.1649739300100083
0.07307667478187915,0.14367507985591063,0.0910156082390456,0.3990877643445987,0.1804869770407879,0.1530789201222008,0.0947157403051693,0.1726305981872433
0.13130808846322117,0.1386500334529369,0.5143027137272626,0.1643693615780422,0.3515425289216544,0.15030273326234694,0.29958522427742995,0.03420015196052652
0.09229759794664491,0.1457809442125698,0.2215488321954502,0.07423026746500574,0.158094702285416,0.3635856570224891,0.14639363926837193,0.2576957339587172
0.11746352843764839,0.13699078625122987,0.41947002429977287,0.28225983358512263,0.14056555116152922,0.06477208399697493,0.3379470067337079,0.1744555245226653
0.12319775015819848,0.1386300203309842,0.45587348257838783,0.09217244180390499,0.40297030367152203,0.008389344945064827,0.295469162559791,0.2009987470197171
0.07894626149242286,0.1375307593776787,0.13776017509213176,0.2100770076152189,0.23341761336640862,0.12996021626048848,0.12238789118437546,0.30415727157350836
0.11988612992324556,0.14278676028567497,0.4194095433178171,0.36165047544667284,0.07993696595971392,0.0405196873570386,0.37265793159058513,0.1452349396459895
0.10398547758316629,0.13549415216834523,0.32463008092420376,0.25629135144214155,0.16714110596077045,0.05848183159603536,0.2739630678975806,0.24412264310347215
0.12823625696108532,0.14590858752938962,0.467664433714985,0.09489433814917222,0.2112373126183214,0.3725527363258282,0.2760092216898669,0.04530639121681135
0.11433310065063168,0.14020476890096037,0.38752676586209556,0.1939735037657461,0.2487358814075656,0.28057924341249296,0.2226776533864469,0.05403371802774843
0.09567970389184888,0.13746839150212353,0.2595484205639936,0.329296171902824,0.3140727586877113,0.01132636135754587,0.19092091621301546,0.15438379183890336
0.10644613115699128,0.13920351817275883,0.333656302417222,0.21001636310013005,0.0678088425069564,0.18537576322200044,0.28650244759989757,0.25029658357101553
0.10116792715401736,0.1372839739663869,0.29987423851888984,0.3127598940519225,0.3321231246086444,0.0036216395617561224,0.21136997169429683,0.14012537008338022
0.08855185049613805,0.14284999761097217,0.1998729504630038,0.24567663861401373,0.07194820779395081,0.2802986202619945,0.17534793705546206,0.22672859627457906
0.058233555425847995,0.1632691865714867,-0.010819215868259211,0.0458652830845892,0.09829896934142845,0.4063619260736814,0.011780646324952663,0.43769317517534834
0.11336506836981304,0.1394920737375664,0.38256703008237936,0.0059517386561567754,0.2803781170927597,0.1557775242950582,0.26091136827281947,0.2969812516832058
0.1133264864262725,0.14257309988719644,0.3740290873135557,0.21014940881937622,0.0662478432719607,0.04273604954187526,0.3613825177424798,0.31948418062430817
0.10337363603933439,0.1435917921139721,0.3020620844742138,0.35361151719088846,0.2428565103569479,0.20126851743385665,0.18966319007978988,0.012600264938516865
0.09152397700139897,0.14113744597309835,0.2233565782918279,0.10816378449277195,0.3146111406499204,0.28158262320622796,0.10617199714146332,0.18947045450961644
0.05535262957250835,0.14881834331434943,-0.031228478452249644,0.4479657146844046,0.23330170294611421,0.00949432098190981,0.03939367459620899,0.2698445867913624
0.064228138638965,0.14285592513318918,0.029597222761484823,0.3598180158909233,0.25729229525461556,0.026321319247195794,0.07028335791218779,0.2862850116950775
0.05829942153340208,0.14561560712787872,-0.011678545316261902,0.28422935753969064,0.20865062924677796,0.21767925905604754,0.009572087866635999,0.2798686662908477
0.08570436022798679,0.1559090674534858,0.16486764142602212,0.39194821278029957,0.12879811609728026,0.352370049127931,0.10683055628668565,0.020053065707803543
0.10241193931822909,0.13982025683671617,0.30333186533735434,0.1223084961105442,0.10862187942758919,0.2053801313922181,0.25445365639984024,0.3092358366698084
0.11528883448715994,0.13739724315208476,0.4024013380382082,0.2682241723383384,0.15228291973638583,0.016411567554631076,0.34043327205697876,0.22264806831366585
0.1194078735565408,0.136483549072791,0.43527497606950927,0.0914739865970385,0.2655170606659522,0.22870423519365016,0.26270689227121424,0.15159782527214488
0.13454239636508408,0.1428386778256913,0.5218642282313027,0.08505028617317124,0.452251325945277,0.13386134839276773,0.28661384516515576,0.04222319432362813
0.1085541644068097,0.1437728432511119,0.337714434164772,0.2592733082488698,0.03956466037605385,0.2837110074689107,0.2715008434185637,0.14595018048760194
0.08369047997038274,0.13884062545961232,0.17063074940752213,0.2199343044056012,0.1830239666873711,0.23728026232364743,0.1275830347548752,0.23217843182850523
0.09133174027314846,0.13590203194834938,0.23054651813488947,0.14739726034224745,0.2999107680669646,0.15501969594369908,0.1474490390201144,0.25022323662697443
0.07870160849568371,0.13871293757190192,0.13482238083228337,0.27461943637240827,0.18534277351562112,0.06009897140364709,0.15635222698028023,0.3235865917280432
0.08915402295853346,0.13629354465917912,0.2139061173545463,0.2777055946063129,0.2991613861118125,0.012106230834131001,0.1725492332583156,0.23847755518942795
0.10097928568803029,0.15160517391616687,0.2703026857822848,0.3350337200263592,0.019888777616524807,0.34407774125638185,0.22135610985760978,0.07964365124312434
0.07731341720040004,0.15182249907533682,0.11403722969814137,0.23671069881077672,0.21035348750869717,0.39608493875265327,0.038563758059479834,0.11828711686839292
0.08591314315466553,0.14291778096582367,0.18131503987500486,0.37814014150734654,0.061699669062200105,0.1085975806973579,0.21095003378681088,0.24061257494628452
0.10986161949150508,0.14323565995242005,0.348108980040781,0.27948009179699973,0.1637228809793337,0.28908906135724766,0.22631366026134347,0.041394305605075364
0.12157692280305779,0.1374825980136944,0.4478888506087456,0.06754331782463982,0.1888213152876132,0.171476874352545,0.32124982304968086,0.25090866948552104
0.1131855047146281,0.13762570321078496,0.38645037572066154,0.21748167330688487,0.095681697842531,0.12710308653528002,0.3224690978755868,0.23726444443971717
0.1267314580328699,0.14269605072641742,0.4676475466080706,0.2094061485646581,0.06940958437550684,0.26958483043574893,0.34670288759639095,0.104896549027695
0.12039594589449501,0.13933584966064722,0.43345589840367343,0.19775063960020653,0.39248335678359325,0.1340729603987901,0.2394046583317008,0.036288384885709374
0.09727813485951801,0.14489142703435828,0.2572832335392639,0.1918555450339367,0.028376117174259315,0.3036800021566465,0.22656839783174088,0.24951993780341664
0.100076574263826,0.13532072858155858,0.2961599060536511,0.19784018516968097,0.16570285343701469,0.12641709507751725,0.24118690049092265,0.26885296582486445
0.102766395385691,0.13573144878868124,0.3150809614673275,0.16597079201916448,0.30981243103518863,0.19400642746642552,0.1790572602979821,0.15115308918123935
0.12078280630900269,0.14526463413113072,0.41842810999774327,0.15569726525418554,0.0027671996337044046,0.17966582846715656,0.37920279368052534,0.2826669129644281
0.1120154131602116,0.13994787240882675,0.3716770556415469,0.189625982374512,0.41463212250450526,0.14810017864497063,0.19118942773439862,0.05645228874161343
0.1414357369993724,0.14285899490501022,0.5700427687701474,0.02080940610308073,0.3364590164171961,0.2476259268903469,0.33007847596488626,0.06502717462449008
0.060356841978559964,0.15450202264959936,0.0023096265824898645,0.4783577604418353,0.21218212880041032,0.19078288024744236,0.009641974218617354,0.10903525629169473
0.10268481681209683,0.1614577742184669,0.2643713938130996,0.16708507625601954,0.06314487624135584,0.5326195186918398,0.16674176126229026,0.07040876754849448
0.11396660695513565,0.14138584194228257,0.3816973907271864,0.07442989235884445,0.21972161867640588,0.02394362673321266,0.3224338644712863,0.35947099776025077
0.12642128400381583,0.13684392730090686,0.48537984340190493,0.13912130876897605,0.2537730391171704,0.012479862151254188,0.3612457012301379,0.23338008873246138
0.11358114368765213,0.14558855567764745,0.3680312881617423,0.15639289556611577,0.11978093153982422,0.37874969949526394,0.2410344234222122,0.10404204997658387
0.0670735466771498,0.14517269202078967,0.0487250499986377,0.2284847525338256,0.18735843746942615,0.28470597362462524,0.03895094754167366,0.26049988883044933
0.07771865244688651,0.14573431353714028,0.12158188429913543,0.2346846080375746,0.04007516539726539,0.24210789372733083,0.15385563426043075,0.32927669857739844
0.14275853354105372,0.13880219540602867,0.5962336063847246,0.05772481742476148,0.26203718810297494,0.15570593944652072,0.3900248950963013,0.13450715992944148
0.09382193045696638,0.1346622463916606,0.25116119300874007,0.2446317683031717,0.22919903074816894,0.06874381376933075,0.20429715695415387,0.25312823022517467
0.11508609661180648,0.14586084500982519,0.3776619874106439,0.16624568716959587,0.28738802290064497,0.3422654019772292,0.1940570202921292,0.010043867660400753
0.06720378421767255,0.14922981544952765,0.0482730893687194,0.11061645079387555,0.14167521270269787,0.22291188393401334,0.08598016566641571,0.4388162869029975
0.08852464721621917,0.14379718459323454,0.19836721627692572,0.23111221252798797,0.02793383444088616,0.21313935580579818,0.2143078573748789,0.3135067398504488
0.12455379414732977,0.1475363772786813,0.4375449318875045,0.0010668933614944758,0.0875633066126364,0.32767187128898934,0.32920550699187007,0.25449242174500963
0.08017291698079702,0.15346874616644124,0.13144641814509203,0.4292580213579201,0.051281894065036096,0.28805940164227284,0.12981668602888444,0.10158399690588645
0.12654006752420774,0.14438129578773878,0.46086348762260165,0.3192177056466818,0.05319806079106969,0.18462457264014848,0.3697514159632623,0.07320824495883778
0.07832525148972265,0.14401767412431837,0.12724307347099634,0.32446781321911916,0.32987384231765865,0.18433649837617033,0.05644807163362619,0.10487377445342562
0.1481429099135422,0.1418912805742872,0.6212003271574885,0.19835676424537985,0.14454084385722218,0.1311352307303835,0.4543029337089757,0.07166422745803881
0.12302982835115228,0.1463620265722977,0.4306433152592197,0.2894184614050575,0.00016192665900921372,0.23529210990579663,0.3614901489334423,0.11363735309669432
0.12322360983920147,0.13908455080337312,0.454569608730894,0.07255172486222268,0.2548456792134402,0.2786696642716859,0.26906098102152143,0.1248719506311297
0.09297454976492178,0.1403217244031259,0.23499247821520658,0.0734228397806206,0.27829343532007894,0.26879709029258625,0.13313705139082804,0.24634958321588618
0.09483996370084999,0.13480518727457205,0.2584467586539362,0.2264676469667318,0.21248152500080614,0.07848749319858327,0.21349140834156535,0.26907192649231343
0.11579091730835178,0.14289675265472176,0.3904281676936224,0.00877985834519584,0.17326664336250672,0.3048390109140969,0.2653137740772577,0.24780071330094294
0.10251328880931093,0.14419667091969554,0.29482850427931845,0.3233033103647275,0.006409514238228369,0.19800368731355913,0.27986473517077043,0.1924187529127146
0.08764443781872887,0.14807609051307807,0.18669075961515416,0.12011315753653797,0.050527046323903244,0.3291431519184429,0.17457713435289388,0.32563950986822204
0.10694709327341145,0.13733764080828267,0.3418370447978463,0.18768193530518903,0.2159822869434761,0.2576508374120504,0.2111652130983132,0.12751972724097124
0.10765865260517858,0.13997581252745495,0.34047777072793045,0.23624660793467359,0.36936224777817495,0.1718611325391675,0.17851716904942946,0.044012842698554586
0.08454472913100168,0.1477860992056941,0.1660827998230025,0.3698811921280283,0.036817399686884515,0.26215226726974505,0.16710634963216126,0.1640427912831808
0.09847368617013141,0.14259202348970132,0.2698165383206738,0.2310932411672291,0.022816372940208763,0.2018998202903092,0.2625426319267895,0.2816479336754634
0.12497601914861993,0.13725716062593993,0.4733889208570752,0.05516585032850736,0.2903112176929732,0.21226044944346031,0.2852762497434678,0.1569862327915913
0.10119857981960381,0.14130516644954605,0.2915574911715209,0.17578197989656774,0.2980450730533184,0.29184160474542903,0.1453390392778343,0.08899230302685054
0.07329110389463722,0.14213368398353432,0.09351128826138744,0.17892169382111803,0.17646151481568526,0.13054569382862127,0.12222363003036403,0.3918474675042114
0.13263036338771267,0.14650376068672658,0.49575767234412754,0.052672626198704164,0.5108871922359004,0.1302982494726213,0.2597413579266239,0.04640057416615028
0.08891983656636124,0.1447506473290397,0.19979072356493274,0.10349825067213111,0.2945851956753042,0.33928326845376,0.08492559853371692,0.17770768666508774
0.09576051827012191,0.1368334358546368,0.26134342126811483,0.14293292369981864,0.26548222033688657,0.23181697661682832,0.15592574359477956,0.20384213575168694
0.10478357683224047,0.14351611034985456,0.31204564228413023,0.2914536947188667,0.0032809899246742996,0.13857684281599297,0.3120526299942665,0.25463584254619953
0.09477965986214265,0.1346962296361305,0.25820811730288745,0.20909398124723588,0.2040107627010584,0.1339555857474131,0.20049634358389806,0.25244332672039443
0.08173502460118182,0.14500017153457576,0.14989654406028777,0.1609100811843867,0.27467637006276496,0.33124567630910795,0.059494623552068346,0.17367324889167193
0.09870123454582323,0.13570043023826023,0.2851961079111713,0.14251027126193164,0.2401126753332003,0.08727187953242044,0.2236221536987951,0.30648302017365253
0.0861696718575389,0.15106339271078822,0.17323635718708438,0.15710631937250394,0.3422997056069033,0.37316552883132026,0.03986240573597712,0.08756604045329518
0.0684303881751636,0.15467513557811352,0.05450383569184665,0.4354519988137642,0.43909364224786196,0.04476823953736407,0.006872123441443313,0.07381399595956642
0.12184177484497863,0.14855722133150903,0.4162825225909228,0.3909950772715696,0.07066070353691283,0.19728023937169667,0.3330551174030036,0.00800886241681734
0.07702608361578564,0.14562845756514792,0.11691453648864546,0.22272447829268,0.1020702616328275,0.31772803146887,0.10444150090247903,0.2530357277031434
0.09620990259123137,0.14162499648276095,0.2556745171438642,0.4138970003411853,0.13597277660863924,0.021362896816724243,0.2512344091283937,0.17753291710505745
0.0958879536633413,0.13454605296009173,0.26673360439630417,0.24685498156075192,0.2442266021251797,0.1394582723013137,0.18507377275830666,0.18438637125444818
0.07432377787856391,0.14040299219459285,0.1020190357390086,0.35518117316721626,0.18249576134156262,0.1182766258894783,0.11380582218090023,0.23024061742084256
0.13206195127373604,0.13673858724084456,0.5270052347901598,0.23481843831814606,0.2300988214700231,0.04764736340329017,0.37569204804111245,0.11174332876742821
0.1238511783245557,0.13506751817090595,0.4727352600331519,0.1098573867935829,0.2302295743161949,0.12705088680919177,0.3256662161358197,0.20719593594521082
0.06448389568710762,0.1433641120009282,0.03127627705794733,0.2016864591688253,0.24133871537748205,0.09144416770258643,0.06997588110222246,0.3955547766488838
0.10072386841044069,0.1358700967132312,0.2997264990279127,0.22431175082742325,0.21312517272637038,0.018417770867217787,0.2575416920374328,0.2866036135415557
0.07414460767227807,0.1389171996358064,0.10182042043289395,0.22297378776918017,0.28210073043777917,0.0708140708115473,0.10063535171710374,0.3234760592643895
0.07889105525690021,0.15989338148511364,0.11814782501587787,0.5106034620636394,0.07327901666216056,0.2682743540668825,0.11545875072128806,0.03238441648602946
0.12123726526184847,0.1479042756988609,0.4140330965585473,0.17531435177161556,0.07738938412057568,0.3823661449583221,0.287461644665492,0.07746847448399462
0.13291824089879414,0.14142913101112864,0.5155814815340726,0.004771744526089166,0.41727880594645744,0.0909751285439318,0.31301014687205087,0.17396417411147072
0.08586629719312547,0.14165235815879815,0.1826040704816808,0.4184769388548644,0.22561389593428935,0.062140179367219675,0.15935384779251935,0.13441513805110725
0.06340750341740489,0.14349392625141555,0.023746673510310196,0.22753473805497665,0.34994312143591894,0.1402390939056787,0.006416367744385783,0.2758666788590399
0.09423246932928529,0.1359229799963187,0.2518519630029627,0.18914173142951832,0.3006457110075489,0.18405576847370606,0.14711844428085857,0.1790383448083681
0.08218056520357321,0.14253694660004654,0.15561274274950668,0.3597705656048882,0.3211831788735258,0.1252270316897247,0.09198952329394168,0.10182970053791968
0.06666606620184852,0.14249862929241466,0.04677986191831646,0.19835147107697035,0.2925795943970215,0.19787887926974773,0.02665930599131022,0.2845307492649503
0.07761736924544181,0.14209585360285362,0.12398228941064622,0.26207811300977,0.09413631040649675,0.2159544310154675,0.13871531521639022,0.2891158303518754
0.10887450747445625,0.13652502431385133,0.3579893702278405,0.24561729497789148,0.15268727367931703,0.200947214604513,0.25669593399034096,0.14405228274793752
0.08684950776467774,0.13838123017135656,0.19402564734704394,0.12326681200253532,0.29657399050168354,0.08659792987022367,0.15289028815591588,0.3406709794696415
0.09095716022309633,0.13865003640449527,0.22327552899288416,0.36530707674325247,0.20363123786171086,0.10828998784371734,0.17950546944698087,0.14326622810433837
0.11245066237236934,0.13621489140546414,0.3850582108254379,0.0875404544895305,0.3695381010985324,0.12531320170381055,0.22578333535838466,0.191824907349742
0.05380861569046552,0.14989918765570234,-0.041303654852054485,0.46026285033617653,0.18329027320241043,0.03748479122912052,0.04209796275916333,0.27686412247312925
0.06210849710781641,0.14437187930677386,0.014604624653642503,0.2966492304950637,0.2072607383770586,0.2137368858132584,0.026693413625095287,0.25565973168952394
0.07649533030652941,0.15085635783853305,0.10934461459148416,0.5136100775886437,0.15217759032911005,0.10566432339574995,0.12574422960835238,0.10280377907814388
0.056334562440755256,0.1500606772056736,-0.02442636956929684,0.2785291328174852,0.08975792549300711,0.1148592437588783,0.07929186313333275,0.43756183479729654
0.0680070902498365,0.14576047345846205,0.05493320692401785,0.4041800541792786,0.10900949239347595,0.15491815710911622,0.09926605063955314,0.23262624567857618
0.15121659190296638,0.14377348250621946,0.6344465635310772,0.00861180635676859,0.2948258184391067,0.2297406603369825,0.3946300002482573,0.07219171461888484
0.09814913729322264,0.14050818975288176,0.271508282615535,0.3508386197924032,0.345538259391897,0.055490063205935185,0.17389424234232265,0.07423881526744196
0.08386195249739946,0.14511834766823964,0.16443098257948155,0.10467907818388751,0.10818276058345117,0.22858903336934744,0.16907204961556313,0.38947707824775063
0.13319808615423703,0.1392315783949208,0.5257290551329935,0.05173708298173009,0.39863839672292567,0.09442555245813393,0.3164216037501409,0.1387773640870695
0.11677226841017355,0.13651532943936648,0.41586735089255344,0.05643945805193945,0.3384003947032979,0.12183234385923013,0.2598901264605276,0.22343767692500488
0.06791152517819969,0.14558212929658773,0.05434406830306699,0.19210139117366157,0.20190002459057324,0.29817072748608703,0.035741544044742835,0.2720863127049354
0.10482709577690422,0.14537294008265642,0.30835928441301624,0.39846328706948625,0.025704581242432738,0.06256355747019528,0.3187627368188582,0.19450583739902758
0.06850093612620348,0.14807882908542935,0.05740818035033985,0.24450808007461083,0.08298739512271434,0.307049419337368,0.07667316771070185,0.2887819377546048
0.11159981252339227,0.1381703092921488,0.3734507998696671,0.24003003983490365,0.08118119712358517,0.15112730619354098,0.31182407290027253,0.21583738394769764
0.07032927811074888,0.15730704110716037,0.06566316445881396,0.3846227602977428,0.18964586365746314,0.35102443796735927,0.0185186004860927,0.056188337591341966
0.09042373968150527,0.14474730777104242,0.21018518513400447,0.0828300159383141,0.1639512833619419,0.34496901173202643,0.14123769519376742,0.2670119937739501
0.10408541516996613,0.13512697431739243,0.326251774619154,0.27577699199297584,0.2279040582632431,0.13889345825591384,0.22435475495576399,0.1330707365321033
0.07007577938945891,0.15243905983620287,0.06609709742559047,0.03892523722899147,0.4607536404116806,0.05902452024289709,0.033576397720798935,0.4077202043956319
0.1085866307402476,0.13556497053469618,0.3584010718153216,0.15601072108485733,0.33612209924594777,0.17005476101986933,0.20233283638708174,0.13547958226224383
0.08950673673152912,0.14118533933186722,0.2089929228570342,0.11710936715197712,0.14020610530875968,0.2459377470901675,0.17462972379792546,0.3221170566511702
0.16028863223368917,0.14815103428873305,0.6769350799012016,0.019957023962716557,0.23972426353726356,0.27839728908023353,0.4384961939995159,0.02342522942027047
0.13649451241059682,0.13996734978221054,0.5465168307439016,0.2236395065318497,0.3328779671189746,0.09434112796972531,0.3417153099137233,0.007426088465727076
0.10424968530718094,0.1431440038828922,0.3091270616084075,0.2609687361602691,0.332462064320384,0.23415517677665973,0.15642321364598477,0.015990809096702422
0.10189141989065821,0.1380272167773721,0.3035011562844598,0.35511026390516526,0.18150691070545655,0.011191052002953191,0.26623069792020043,0.18596107546622462
0.11611866151236665,0.14527297300599334,0.3862980178016418,0.07774347937274555,0.13396753757927493,0.04032101882787397,0.35906119246438517,0.3889067717557204
0.1187751169049401,0.14390896434552186,0.4084187331361964,0.179836484142626,0.2905526693386349,0.3061654121937709,0.21890936829275984,0.004536066032208254
0.10685388119942585,0.13721552204003998,0.34146196073760315,0.2595977478070886,0.1560803029625414,0.21117834615830616,0.24236575789930317,0.1307778451727606
0.04615288604037118,0.15606703887389234,-0.0887254224821794,0.3458666222209027,0.0505261259983869,0.25324817264012395,0.0016441343927411259,0.34871494474784526
0.12418780141201799,0.14261710444509582,0.4500708499290053,0.09971451476642364,0.08409766553312428,0.29515088546166457,0.33109877720359066,0.18993815703519687
0.07433767004749985,0.14117892535746784,0.10155673030657078,0.26689898375717463,0.2020320397501894,0.015588946014946994,0.1458069599348683,0.36967307054282067
0.09584338362861777,0.1444517555870357,0.24813394259525812,0.2733303048806964,0.28726798679344695,0.2766653429883111,0.12323932374794414,0.039497041589601364
0.11885987663561107,0.14926648189512673,0.3943274865750871,0.10526997393326064,0.32136720309747513,0.37881308786312395,0.19080192190244813,0.003747813203692058
0.06042065112071526,0.15495137549632693,0.0027147298264882883,0.06801059550420324,0.15641344648026226,0.2809810196331851,0.03646806684210511,0.4581268715402443
0.11003923351183767,0.1360867064219647,0.36770111370526365,0.10673879630213802,0.2668104549001361,0.22819962603191835,0.22086571120716478,0.17738541155864262
0.08711256899098467,0.13715997651107656,0.19767114052250626,0.18254152032059356,0.18580900999267183,0.18310580893033654,0.16126516105556943,0.2872784997008287
0.08965727716229488,0.14907819020757132,0.19893773274951296,0.2731261921594466,0.2897817041665168,0.3254069587734985,0.08042827518388578,0.03125686971665235
0.09320624717553289,0.13971159402150285,0.23767710481080154,0.16998575704632746,0.18096376682919602,0.2918838609668445,0.15621817517799008,0.20094843997964193
0.13210463899422356,0.14776168200548565,0.48797927863021134,0.24333473759920748,0.017637216704420238,0.28402847603920983,0.38228572463689026,0.07271384502027231
0.05890766770028178,0.14490241807798948,-0.00753839938771968,0.2420269527052723,0.24173326606152165,0.0668602806517698,0.050277497926508714,0.3991020026549275
0.11072598061825306,0.1384568112260306,0.3663668126477574,0.1902473062876407,0.10989145212070374,0.08278497872512854,0.3225888843414704,0.29448737852505663
0.0917681165723159,0.15110284894000284,0.21024167840097976,0.27647215415908827,0.03780768509025788,0.3838654590535576,0.16723015187636664,0.1346245498207296
0.12567949259488007,0.1409091502728998,0.46611233172351196,0.15680079826790994,0.1322832404183548,0.2928651691529836,0.3151405974213357,0.10291019473941612
0.07831826802203062,0.14253696207907818,0.12851591443255134,0.25417531316774616,0.2299289883364534,0.2738494336897097,0.07230127750413302,0.16974498730195764
0.12098712209413219,0.13795118474163887,0.44209205023031584,0.13672635361421676,0.41040851278861706,0.002651507999755389,0.2812864244468733,0.16892720115053766
0.09771412550560213,0.13878631871869435,0.2717423868129596,0.09833592166587211,0.19653132883499416,0.25948477183961444,0.18564863664720824,0.2599993410123111
0.064381033257634,0.14587055003831867,0.03003370629975106,0.14674627329703366,0.2881171325556082,0.24986878209752994,0.006458292733619074,0.30880951931620915
0.11208949320248533,0.14227370192956618,0.36612172521013536,0.2517399371523871,0.22525021307474014,0.28018781574741924,0.21742054182375117,0.025401492201702187
0.07892908531398558,0.14392004365952762,0.1315250109204123,0.0777782750570643,0.3984074452102607,0.1836687789969173,0.053197929261024436,0.2869475714747332
0.11008249713430888,0.13973491070753208,0.3584107713721773,0.2148461208093679,0.1274164188375657,0.2792279924337141,0.24951466586387844,0.12899480205547398
0.11115024860259232,0.14279068693918961,0.35821838033719744,0.28968598737774803,0.24893986296591744,0.24462275001617678,0.2123805593727185,0.004370840267439262
0.10562496476820848,0.13961781354833158,0.32678469608331506,0.2036071859221367,0.10992680720771893,0.2755493626788315,0.23911824790493233,0.17179839628638058
0.11734862933639675,0.13714236453476175,0.41816859094521797,0.16073627521766182,0.1298458151382551,0.21695519463427848,0.3037558654531114,0.1887068495566932
0.06105705928658589,0.154835074456,0.006827001506601665,0.19086439084437712,0.061296402345707324,0.3624002161663816,0.04000344634529701,0.34543554429823703
0.0838630697602854,0.13956261927420885,0.17098467974006631,0.2828474757566502,0.1626537463580028,0.22443517464271007,0.13500233023358676,0.1950612730090501
0.09951745350377994,0.1387416594060784,0.28482759737014246,0.14822918433678672,0.13107372234364634,0.2516634915906035,0.2168014448036051,0.25223215692535833
0.07026840228727632,0.1409321002098278,0.07286063481625646,0.2747765305034745,0.3517449082641488,0.08041981368497424,0.050109157442481574,0.24294959010492106
0.06300812444652125,0.1666449742146976,0.018051096114340207,0.04396514313828045,0.06145000556788112,0.48137408136285414,0.023018989207934864,0.3901917807230494
0.0933835411970211,0.13839312577397198,0.24122253912773203,0.11114321824908951,0.3553976807704,0.1977694766272439,0.1246075419189753,0.2110820824342913
0.13615533557096207,0.1371789161965917,0.5551533550667767,0.1538082886406169,0.22723487060670405,0.04612052527240937,0.40147187749021307,0.17136443799005652
0.12333860763738917,0.13433692492307236,0.47149067669711686,0.1285038477593936,0.26208118361425203,0.134285926049776,0.3074943506556817,0.16763469192089675
0.1139830978470174,0.1472067678048494,0.3667161411938769,0.274581341760375,0.04100382651796936,0.32287655453097397,0.2807477867571746,0.08079049043350701
0.09150095035009036,0.15258279966691682,0.2064515162839841,0.06755579265017767,0.14707114858982925,0.45385802967047895,0.11942278976365119,0.21209223932586282
0.1375162867925471,0.14243567595525483,0.5442196013932513,0.01216167557252475,0.16092325182852263,0.23145091383422622,0.3861260880132635,0.20933807075146282
0.07738537092928895,0.1395910177375116,0.1245450546250804,0.356509076029173,0.23813237177657123,0.017751309249771956,0.13710451065491752,0.2505027322895664
0.08225111339263717,0.1447358637444493,0.15373600444962637,0.3865204394748619,0.3493304776997746,0.0928515386298543,0.08949872530319482,0.08179881889231433
0.08623129793202931,0.13930329999121,0.18830349269317026,0.26761094510473105,0.24735291934218395,0.22478865663944403,0.11392990876695411,0.14631757014668703
0.07060182117475162,0.15452272636940756,0.0686101094890504,0.3352418877004354,0.18295036010384969,0.3646241236581131,0.022018137646424366,0.09516549089117746
0.09590625781654677,0.13669364737380044,0.26267685811585706,0.30071346175027214,0.2549547455196888,0.14342850818740768,0.17540706135035417,0.12549622319227716
0.111921077198846,0.13845453912912026,0.3750045143007217,0.2303872521018195,0.24388720234694214,0.2373865507643163,0.22473684423858126,0.06360215054834086
0.12780954488641513,0.13516683870216042,0.5016729364798802,0.15203997273210687,0.21136577658098396,0.1488113160513788,0.3396191806869699,0.14816375394856052
0.08509069841529215,0.15093952925193868,0.1662301356022673,0.058691618358940684,0.16942759431656446,0.4160594349023595,0.0959064280268247,0.25991492439531066
0.11297151025659846,0.1417828094423224,0.3736102455929074,0.19615873915740978,0.032177729409370755,0.22103283318073932,0.31811603387313386,0.23251466437934623
0.12025004176821535,0.14066390251078417,0.4283262492564232,0.3403932904141644,0.11277552801319157,0.0336640695852135,0.3655526127996986,0.14761449918773203
0.1230276422714859,0.1367774535425446,0.4608043258524414,0.2265472835204973,0.31128457439739093,0.12746646761868083,0.28147739082089746,0.05322428364253352
0.07539157021804653,0.15169744454316528,0.10146229070897028,0.13317577879393233,0.06615985359153695,0.3708842446258167,0.10179238512209361,0.32798773786662044
0.09183930945950254,0.13991350729866356,0.22756422931731246,0.33713026136194807,0.18862322177425203,0.1930038079800908,0.16477115593886715,0.11647155294484189
0.10753073742146185,0.13787522152158485,0.3447373421918365,0.12308728912212537,0.15599108636533227,0.25514926117728004,0.2426693505518815,0.2231030127833808
0.11154271638600816,0.13762423566945267,0.37451773036403263,0.2692343002967496,0.14166766571365508,0.19907826388098354,0.27103181500520307,0.11898795510340872
0.08885487141052803,0.13824973140589164,0.2087155694054271,0.2642910404305719,0.11425745276509149,0.16517671108863002,0.19505338417443863,0.261221411541268
0.08331314874694691,0.14010629796463492,0.16639615124818677,0.09567556152209468,0.29183054393494307,0.20370404155181895,0.10503943504657413,0.3037504179445692
0.09397702311035755,0.134256283863206,0.25307584965614577,0.2095938673521624,0.25087010115724995,0.12255587317860873,0.18266569901462548,0.23431445929735348
0.09256297265187316,0.14568764190487474,0.2235122500859395,0.1440803901187846,0.07058737856051275,0.34218285213413213,0.18199672645276566,0.2611526527338049
0.09349812847492914,0.13636946154022087,0.24564244880478014,0.19327753089584646,0.1669856687252043,0.1914517639589065,0.19240738825521653,0.25587764816482617
0.11392954395495183,0.1361076095752191,0.39622725080002213,0.29526956553556266,0.27010585007245486,0.07322970849203933,0.2695199846400338,0.09187489125990936
0.12007145569867014,0.1385393117740733,0.4336058475346931,0.046288102980699596,0.342253394350512,0.22199876283402245,0.24201334626510518,0.14744639356966072
0.07546728029785835,0.14006910615379423,0.11042606555135333,0.24940103852313047,0.17503176141753166,0.2110404805713458,0.10112408671487258,0.26340263277311954
0.08579242322380586,0.14087909281033467,0.18308197979759963,0.34140454279909227,0.35533898806269376,0.07165225934275417,0.11275129150919341,0.11885291828626647
0.08338139738744128,0.15001941220024576,0.15585581255465672,0.17962217375309478,0.5671651621225725,0.021140720704885492,0.05045692161930153,0.1816150218001457
0.1350393972963273,0.15386232621920493,0.48770481468881477,0.11112863975243982,0.12891309367621187,0.4436534823027897,0.31309631778586205,0.003208466482696508
0.10642149375962172,0.13665571228886214,0.3396966945772176,0.1843067963445343,0.17510360537649863,0.04891631482782409,0.2902653595073032,0.30140792394383975
0.10961791725768734,0.1356608218706962,0.36574979108544825,0.2240505941596801,0.2264057198305694,1.641838937574488e-05,0.2964745918461637,0.2530526757742111
0.09482950375124931,0.14523090600872007,0.2398215690340598,0.25824422287335036,0.0044688854377126766,0.26677933845457186,0.23133566760459126,0.2391718856297739
0.11337656491404649,0.14144214287425694,0.3773738422607089,0.03067563231222164,0.24293191671089792,0.31564880406483753,0.22312629744970502,0.18761734946233805
0.0786176966305617,0.1398169832358268,0.13315761933698403,0.27836832039983345,0.13038895195575653,0.1764161461994165,0.1402213718776132,0.2746052095673804
0.1224883104987363,0.14006850316127575,0.44612678145626267,0.028829996636858327,0.18988409242744184,0.26029976602087573,0.30006893380564004,0.2209172111091839
0.10140322350528055,0.1467451653474661,0.282143697253979,0.38825084797069165,0.4023785214880033,0.02747442560917603,0.17187551259257663,0.01002069233955238
0.13162633666416612,0.1435407783414082,0.498996434962925,0.11973850591699217,0.1951443463924399,0.3310616562175491,0.3077110628147705,0.04634442865824816
0.08134716282118525,0.14477765637425494,0.14744790982112696,0.03908434617282506,0.24756568723333944,0.22355583429912146,0.11191179202866317,0.377882340266051
0.0784066293319142,0.14292536456826843,0.12878490383785066,0.2775676758410368,0.12050460321501308,0.266474188683213,0.11491876472449214,0.22053476753624507
0.08743201719363206,0.14725511296724977,0.18628906420202243,0.17529821108241134,0.045149615336214005,0.3417751136202269,0.167252068723484,0.27052499123766366
0.09481604356707082,0.14857953695587486,0.2343259662830319,0.2195006237837243,0.011287200944564592,0.06009817578151056,0.2966455694842457,0.41246843000595484
0.11297566635617677,0.1362255941045528,0.3888818889313713,0.11442702139827278,0.23774805490009826,0.23882388022344458,0.24063575826896444,0.16836528520921992
0.07557988991206344,0.1445393152166872,0.10778998010822681,0.3874364525295512,0.2071651904349488,0.19067853332647047,0.08443389071924935,0.13028593298978014
0.08928825159175079,0.14359829233128657,0.2039596092423001,0.0211738598485162,0.3168666191124797,0.12430669877485238,0.15212514305871547,0.3855276792054362
0.1503776221844554,0.14248679341532502,0.6342877119918044,0.19915600705418124,0.147407225633261,0.10289329668007398,0.471600597247396,0.07894287338508771
0.09748068516462931,0.13728535462424266,0.2730129901125721,0.1467471934490105,0.16394480514732315,0.22230678691485378,0.20480838249959318,0.2621928319892195
0.0935008564317029,0.14140336466905395,0.2369169680658564,0.04235733640795168,0.28058183621991156,0.2651475956697082,0.13820534112062938,0.27370789058179934
0.08919704358774574,0.13949097373984595,0.20931134685602626,0.11932752839632535,0.2010398844123744,0.25567166961535526,0.1468072126980901,0.2771537048778549
0.0769755362655089,0.1571979786464443,0.1079882604832265,0.2644591962360961,0.22836437661150055,0.42574930202282885,0.018657514217904035,0.06276961091167056
0.07091266241564305,0.14370457904417092,0.07593816765079416,0.13854554274695485,0.31254993424115285,0.23916154339612686,0.029211562395465355,0.28053141722030006
0.09587842396496839,0.14265472487289554,0.25150533217133775,0.26255327509221627,0.21904389243810868,0.2941012927846069,0.1448863203213799,0.07941521936368817
0.08989556109196642,0.1372988694686854,0.21774076660394412,0.16448065733533207,0.1763080645402257,0.17293013837367316,0.18152238870844595,0.30475875104232314
0.11924830749032796,0.13954611040663803,0.42457870962994315,0.24914949606682968,0.24182379251345637,0.2213062490590476,0.2605217819664152,0.027198680394251037
0.09608991344912161,0.14096935620325504,0.2560124726475007,0.09270322374707424,0.17310168050542404,0.29599996657289246,0.17663666978623913,0.26155845938837
0.08749471506819285,0.1522669425577513,0.18056916758386182,0.08477094620965733,0.1539822420293236,0.4464118759928086,0.10049415175771634,0.21434078401049408
0.09344320274014895,0.14188152782288702,0.23571216953553414,0.11791945473220276,0.15575974287913028,0.31534853223837317,0.16376694933964656,0.24720532081064717
0.11114756474112823,0.13754958587897992,0.3718481914306113,0.03772776817644423,0.3039222498718365,0.1396458540647439,0.2448442591866184,0.273859868700357
0.11418453164988185,0.14204981203869133,0.3814474012476915,0.09030800837452747,0.3810592605680596,0.2654285038632958,0.18466633315213582,0.07853789404198147
0.07481003476951538,0.13854376421648704,0.10689788063195234,0.3086699099092548,0.24733800548237053,0.06814269248293596,0.1106240588507617,0.26522533327467707
0.10947425435081737,0.13435029322375536,0.3682482052228934,0.23145795015964415,0.25478302959623667,0.14679140660402526,0.2383778233193995,0.12858979032069434
0.09486571731467447,0.1457422381093141,0.23922863932227667,0.08152071174671195,0.24413315376666525,0.3766176811465326,0.11985261125962161,0.17787584208046867
0.12035687256510891,0.14280247043332356,0.42265986282982665,0.23411154559146888,0.18808993289428616,0.29296110263815295,0.26458812994925573,0.020249288926836428
0.08911954474803004,0.13717406646893016,0.21228170526406023,0.24220533929337912,0.18252405437343455,0.20957286236529102,0.15797296516348652,0.2077247788044086
0.10527977162363829,0.16160758697595481,0.2801834522185852,0.06952503031869339,0.21512585492201716,0.5421923802488183,0.12475274556619363,0.0484039889442776
0.10638257021788605,0.13381811421263112,0.3466090558127742,0.23685934574673642,0.25109497332963776,0.04888310130878614,0.2567630598210624,0.2063995197937773
0.08715618473495267,0.14060722836567913,0.19313505465257597,0.2313093894263688,0.36925794947764456,0.1864632124985567,0.08627978783856742,0.12668966075886243
0.10948326562165597,0.13701109057537517,0.36116248264174855,0.1571372454968311,0.165276730299173,0.25058544850384773,0.2461596287701959,0.18084094692995228
0.13735935121616183,0.14891223523152053,0.5194962730623698,0.3959736366552426,0.09725748661102103,0.025390114548629737,0.4430614672324215,0.03831729495268504
0.13514071683212567,0.1367174093544559,0.549606061048996,0.0976694128263594,0.27529217161635894,0.16210950668632323,0.3469521087065348,0.11797680016442355
0.10317797474901153,0.14513861769604708,0.2974947359594944,0.006590018815798388,0.1668998794791454,0.32090086804593515,0.20869081128620515,0.296918422372916
0.08953363463454267,0.13604892261236015,0.21708098871677148,0.28587750391165095,0.2975810055430435,0.08673986411196495,0.1507139498890634,0.17908767654427715
0.10540323223090546,0.13577639569676755,0.3343970945605708,0.28864651739362773,0.30370206322105,0.07159265696511921,0.22109098511594474,0.1149677773042584
0.16612372028437833,0.1667347340483038,0.6364823795720561,0.008199777441543085,0.009357027932595794,0.4657680137950257,0.4938505637892753,0.02282461704156015
0.09093888330890114,0.14532190118441826,0.2128989715709725,0.3419459309458932,0.14635208896805432,0.2787094577385281,0.14979465093432537,0.08319787141319887
0.07665248835187341,0.14351950758423684,0.11602944179626215,0.21641111183295372,0.12345230637040983,0.2842444466646815,0.1056765189510385,0.27021561618091633
0.08259329904870821,0.14754823491772043,0.15312483447400954,0.07284398121089665,0.3105663385595847,0.34896645558892736,0.05109690819101935,0.21652631644957185
0.11561135901964528,0.13738011415522414,0.4047991906369409,0.03582013029084288,0.30233468280030756,0.13363579981550014,0.2666731094916666,0.2615362776016828
0.07563533798245846,0.1395491571694027,0.112041794444364,0.27129690560605757,0.16115527537300586,0.17110936316996975,0.11788471660848439,0.27855373924248245
0.08011055987762389,0.14309378057596195,0.14054111783669113,0.2453343446813846,0.09009391319965608,0.2664917145107461,0.13649459721305968,0.2615854303951536
0.08195018432641869,0.14888574614619735,0.14742972309024707,0.357616489574806,0.0820805353461258,0.30470684867491665,0.12630966763018805,0.12928645877396341
0.06051701365653935,0.14666176796801142,0.0035252108555797637,0.15059216804018827,0.368704587562426,0.1167883465617349,0.0004603090225245978,0.36345458881312626
0.10262762712788226,0.1421634043148752,0.29984951002908655,0.12504454388902086,0.07632078170636471,0.17349732400557405,0.2775042125412574,0.34763313785778305
0.10667911932498261,0.14618109619689904,0.3193239108161294,0.018781375830168208,0.4089900354443122,0.3017419124896444,0.13619079340926182,0.13429588282661348
0.06860684203876843,0.14192322718058126,0.06064435124362838,0.19763720686732222,0.27593653659005646,0.0644950274661331,0.08324641829195924,0.378684810784529
0.1183470898845949,0.14268750015874354,0.4089152155562488,0.10198870196654898,0.15131648496420005,0.34676362034261077,0.26393087518466396,0.13600031754197614
0.082576697167095,0.14701811639027323,0.15356404857727235,0.24959610580848443,0.007185691346018994,0.26855881995771747,0.17779345904097044,0.2968659238468087
0.09433509791934598,0.14008708610513135,0.24509823763182906,0.2606872713873705,0.2528093149711378,0.24829716557700326,0.13986059319823496,0.09834565486625348
0.07402447383660501,0.1433882387005147,0.09780770001573828,0.14697198752037324,0.2180380315152407,0.27938288409723533,0.0654169408722667,0.29019015599488407
0.09202180991607664,0.14670824133625887,0.2182686509252188,0.2663829892152971,0.3198686389934243,0.28764693920779855,0.09147736874835392,0.03462406383512621
0.1117807837120013,0.1434749280257189,0.3609047547507341,0.041246618666438896,0.10701944444252266,0.22570170976469395,0.29557356489505054,0.33045866223129383
0.05466464347101865,0.15712180132895665,-0.03395681874732985,0.48778286150095324,0.004403756220144906,0.14570202370564764,0.07798712488175905,0.28412423369149514
0.06304740215050635,0.15014224156710396,0.02029676737671693,0.2915719654548718,0.025238606912168178,0.20266521780288207,0.10420597657822851,0.37631823325184954
0.13607160346057337,0.137649893712449,0.5526455662907169,0.18149559004851415,0.1936319594520362,0.16719533307787465,0.37373182837756375,0.08394528904401118
0.12279361605616568,0.1349978612408072,0.46514526585095556,0.1657826812888121,0.23616677654384766,0.17867533530970114,0.29809604684864177,0.12127916000899733
0.09586236978336142,0.15070478491003642,0.23796437389011604,0.2880478050445443,0.054992428497632855,0.37832652691479757,0.17904497898183572,0.09958826056118945
0.10743640516499166,0.13490712571072166,0.35162268052992607,0.22003924019382032,0.21510085357395298,0.030658914381483004,0.2821413569439244,0.2520596349068191
0.1122101381362166,0.14013317606692705,0.37257514317153023,0.08204943905369619,0.20377431392686907,0.31268088492126817,0.22981975454937592,0.17167560754879066
0.12517905303889001,0.14528849119840767,0.44861814243690323,0.12310833261283805,0.23312319481525418,0.3586668084208391,0.2565545164694354,0.02854714768163332
0.1122730365596664,0.13595650339036938,0.38448353154225956,0.13613957521960854,0.2632523868589711,0.027915116105414924,0.2922281540416123,0.28046476777439316
0.13283194266397488,0.13862027386403017,0.5254061374558693,0.029672882998449713,0.35384539109848934,0.13765905264677558,0.32021874880088685,0.15860392445539853
0.06838612673687902,0.14667254264144927,0.057175846179877476,0.17801389681207083,0.25610247198659924,0.31272801295900005,0.01364379873785842,0.2395118195044715
0.11651387349964366,0.13565325537666575,0.41660536153535493,0.11089659033148971,0.20545175823532805,0.2066508856955839,0.27856454956819443,0.19843621616940382
0.09036559335061697,0.15913829238102437,0.1908126127048839,0.06274301533927554,0.08510703229438007,0.019541525565779684,0.2748187239463209,0.5577897028542438
0.10987030315032181,0.1386728439613158,0.35962558872906397,0.03758034447258307,0.30742059092451995,0.23825308028281575,0.20710938660471984,0.2096365977153614
0.09860748290416996,0.14162279587691234,0.2726078288817615,0.3036856970328884,0.039275369105937805,0.18541374403011315,0.25606571720302956,0.2155594726280312
0.0947147873968639,0.14635211954292843,0.23720044168326007,0.33192461104697796,0.028805669760428212,0.2752959120403869,0.21284990565197523,0.1511239015002317
0.0925492108093889,0.14010016546083462,0.23232813967295504,0.10724070570171375,0.1956609599220158,0.2808051656530445,0.15637428328682879,0.25991888543639724
0.0494908883888312,0.15196412799199277,-0.0691552128126089,0.4031476839508813,0.10264686173867572,0.06165734605354083,0.05146090884178664,0.3810871994151155
0.08207996993758732,0.15059756573543231,0.14661571606261617,0.1629188729085705,0.3468339188540559,0.358855559647494,0.024567449120941994,0.10682419946893754
0.06301389932854087,0.1480723006182824,0.02035424124536599,0.13417116507254215,0.2678963110529538,0.07069804258623981,0.06552515214100359,0.4617093291472607
0.07287253191075704,0.14389188331294211,0.08945975001773604,0.31685836433935977,0.07117857479381107,0.1601889391805838,0.14011613733960468,0.3116579843466407
0.0983864410201301,0.14755669970458712,0.2601470559925838,0.2504890750770799,0.06276783933539384,0.3628082167481702,0.19485218692819029,0.12908268191116581
0.08771908017300348,0.13630740902731628,0.20335710561007378,0.20223124154279634,0.2680753588457749,0.18479076302384048,0.13028251465833893,0.2146201219292495
0.07150678794798455,0.15300595329130032,0.07520483811552982,0.011548422977368323,0.4652987745156826,0.10296527024464283,0.026445074275809718,0.3937424579864965
0.0727453503852294,0.1394099306057077,0.09142354730293216,0.2559422365237122,0.2691349328847248,0.1632044806425113,0.0679156722923127,0.24380267765673888
0.05893347679863899,0.151436580536222,-0.007042705253806957,0.23828526818861226,0.08386678745727842,0.3076529029083098,0.03554339870514917,0.3346516427406503
0.10862686307305573,0.14104996512236442,0.3447492030988501,0.2530390302996866,0.2023430969254195,0.27613015504725386,0.21246542597950616,0.05602229174813395
0.122445771459443,0.1417214636068178,0.4406232469676451,0.217664763914934,0.03519953149757761,0.19182067943701092,0.36507656978068853,0.19023845536978892
0.07627204891915905,0.15070989128284362,0.10796934946108222,0.1480536926848578,0.26686699229189753,0.39096390698297967,0.02132906932494853,0.17278633871531643
0.13520672070275067,0.1381334955591222,0.5444495587282204,0.08283519029901673,0.3640010848271249,0.055344243095226994,0.3480107370739445,0.14980874470468694
0.13419675789827695,0.15169647177394718,0.4891132735693576,0.12330587287800747,0.5804324294912953,0.011483137410260413,0.2713722767940876,0.013406283426349318
0.07572938860295875,0.13942136190422216,0.1128190715405887,0.2664641477468008,0.2760816414299563,0.17723893393074538,0.07282233595159175,0.2073929409409059
0.10930258846550156,0.13720432705105404,0.359336979563013,0.2421818505656689,0.2818570734114018,0.19120221484780547,0.21248707416034202,0.07227178701478172
0.07886838869575166,0.14187376477143332,0.1329942059840994,0.19913987396316424,0.11220490025838259,0.17277898933207367,0.15586215547459195,0.3600140809717875
0.09792710613077167,0.1345707073259217,0.2818377556633825,0.17794545307275955,0.2988314502423696,0.06184752591565231,0.20292439433948498,0.25845117642973353
0.05954636221748855,0.147499602598396,-0.0030755186761186395,0.3938448984361471,0.17926535987172823,0.1845705385288229,0.027594556453685158,0.21472464670961636
0.09570433540803625,0.14396379221908873,0.24800913380845263,0.2978056420006155,0.01900481637484448,0.08770756072743091,0.28245901619564967,0.31302296470145935
0.08113784765774645,0.13925561627823985,0.1517917066663362,0.21687946541325467,0.33251014235811144,0.18479125175795544,0.07617064965287579,0.18964849081780252
0.10601130641667676,0.136917334272769,0.3360517253791421,0.23836717559286688,0.38965055514229546,0.028256688902081464,0.20853932381965956,0.13518625654309654
0.11780667316542014,0.14325267326138985,0.40352945497876774,0.2290597847943757,0.010804022174291767,0.14105817589964262,0.3694560316963173,0.24962198543537256
0.08052675841949136,0.14113115320224484,0.14544455957272562,0.2000080106811263,0.12674105741759584,0.13229739954901118,0.1700540008615257,0.37089953149074095
0.10836183387515946,0.13727210317690539,0.3523063518072173,0.31477862530455286,0.1427599798596287,0.12801631012593143,0.27550915102000145,0.1389359336898854
0.08914051586832224,0.1418689808395435,0.2054044210078644,0.19250950776214126,0.08053804821096115,0.2592873103932437,0.18552434398965234,0.2821407896440015
0.11153878014125954,0.14153418438702897,0.36414368984050793,0.2732189851227583,0.07524134998302669,0.25043809657368693,0.27998064507355286,0.12112092324697546
0.09345313669137414,0.14998119860206552,0.22304886881277022,0.11255984438894301,0.0017164506407820691,0.29403803874078016,0.22982432823255297,0.3618613379969418
0.09152758466337366,0.1405517779665657,0.2243129551222995,0.09343166902699053,0.4271406096279549,0.12807041091390856,0.11250570622201943,0.23885160420912654
0.06315306420972829,0.14547868342158735,0.02167371972009756,0.26620119198430486,0.11477563752612387,0.14507266912066508,0.09055957550217666,0.38339092586672957
0.1151824583438566,0.14101104613875146,0.3913342951130112,0.2730119500416492,0.1639046909233787,0.2531581189322889,0.26090380242179617,0.04902143768088693
0.0811898734247578,0.14796782640735942,0.14320595185619273,0.4194355536513203,0.35642498633188047,0.0887700108620217,0.08081764729853295,0.05455180185624463
0.11522584010592937,0.13690724899340956,0.40338141706863045,0.04795846154947427,0.2592936955869451,0.1627701228413779,0.2713449087010138,0.25863281132118887
0.08105375953666048,0.1379169901228309,0.1526553002491549,0.26765389360873465,0.30384523942401614,0.008125831611451294,0.13801975916739023,0.2823552761884077
0.13797082895675994,0.15868998694915323,0.4913405719904875,0.005068849428250478,0.017887211785164548,0.46207741100420663,0.3710258198931356,0.1439407078892428
0.05771398060507808,0.1441724032984491,-0.015856150987437315,0.2496209281436043,0.2875355436784914,0.11131745674792667,0.013075827784036119,0.3384502436459417
0.13556093586635778,0.14390928841701378,0.5250594780748324,0.1785135722118237,0.055068221925195136,0.2543692226141059,0.3974216223378041,0.11462736091107127
0.07991596757944358,0.15326305757011568,0.12994630209783142,0.11836340856356653,0.10660346507310514,0.4355552372182502,0.08670219466714563,0.2527756944779326
0.09931444373655164,0.1422723641087812,0.2763322587828223,0.23877398960730847,0.03790815971067442,0.25053884014927896,0.24450617599912197,0.2282728345336161
0.14067469559732448,0.14167165736497409,0.569448378721868,0.0772910716288217,0.2284097190193802,0.27410081489880694,0.3552031639673682,0.064995230485623
0.07856067267304148,0.14016551755831166,0.13241967779500313,0.3069424275163236,0.13575579312404032,0.0703725731876468,0.16884345727311242,0.31808574889887703
0.08997745112697524,0.14242363958867474,0.21048086689506978,0.15433043325848395,0.17845801435165115,0.33039356306843,0.13250454367708422,0.20431344564435078
0.12219229276705462,0.1381998990083472,0.45001691906662133,0.1244903180211655,0.13387758055938312,0.23710311687876862,0.3196706406441891,0.18485834389649358
0.11352579368108658,0.15279251509908168,0.3503168571207601,0.48299460572256714,0.056072736449378935,0.13272800945480434,0.3156258411665231,0.012578807206726524
0.08879778565377786,0.13848349967184573,0.207951024649275,0.1616932193024116,0.3308626969990546,0.00956724017269419,0.16916946181452772,0.32870738171131203
0.08410409040394254,0.13732088365960293,0.17553113380549476,0.1642575124338478,0.26530902861389294,0.1849481040210395,0.1188581708530156,0.2666271840782041
0.10107630683380826,0.14005537090383535,0.2932861950864564,0.33378977675593974,0.08505845398668199,0.055643762840077035,0.287404644766237,0.2381033616510643
0.11310246345594116,0.13459274229565324,0.3945418047824124,0.2149554293267899,0.20110860228152838,0.17018754499713268,0.2685010610452348,0.14524736234931426
0.11019081681828231,0.13918698194237586,0.36059993627178133,0.038633739812036605,0.2829149142006964,0.08602601293332711,0.26550451431950456,0.3269208187344353
0.09096816001376157,0.13745249661837855,0.22530081865112422,0.2820319150282188,0.24124656995976645,0.18634390172723536,0.14749694896445578,0.1428806643203237
0.07952339418286865,0.14088896189849215,0.1385729152929304,0.23069016649702856,0.27234247929891736,0.24596783351337956,0.07192523951510114,0.17907428117557336
0.10149657948518724,0.13571835320321843,0.3057551061134095,0.24460749836787213,0.14698698135421295,0.1658103002038384,0.23827199540845495,0.20432322466562153
0.14442363752516169,0.13998968635492937,0.6030704098522964,0.15855673214582378,0.3468315011769197,0.062969153510549,0.38560594460447206,0.04603666856223555
0.11551226372711774,0.14019407401342743,0.39596726265192156,0.00555629353799527,0.33078366738410436,0.09103921246089405,0.27119954255364304,0.3014212840633634
0.11428987619837991,0.13870064220030967,0.3914176267473598,0.2891953459172821,0.33384049035738417,0.09899448529826063,0.2391179547178885,0.038851723709184646
0.10732684196869409,0.1340824318958975,0.35296825467365456,0.14971041673102095,0.3120631664004396,0.1353023159978405,0.21752978023833489,0.18539432063236394
0.09221894061425216,0.13601624436818413,0.236875681753411,0.20759654101143224,0.3126697596932886,0.0179123385515052,0.18446031933987797,0.27736104140389617
0.0997801609575723,0.14904492970738228,0.2669004644148051,0.29946700788419717,0.04885157035672381,0.3487101604872794,0.2065823554823537,0.09638890578944603
0.09989919513909915,0.13800609664120064,0.28911182991308193,0.22325982677794518,0.13715840180336422,0.2454118494640334,0.211947927183691,0.1822219947709663
0.17039913187492034,0.14910352903346577,0.7404193085875361,0.002929097842423934,0.24935547201641658,0.11510421930826589,0.530855518782818,0.10175569205007566
0.07993477098507308,0.13844685593860065,0.14398861461985016,0.15254710073064856,0.2756132847336646,0.14044378543264538,0.11191443152934202,0.3194813975736993
0.1286213951112664,0.14796945931590216,0.4637537734375686,0.049548049651758574,0.032408798652560786,0.20740050994450032,0.40152602946692256,0.3091166122842578
0.14538030262611176,0.1402758135791404,0.6086601848717288,0.1803210629535482,0.24124521233941332,0.15583416218348312,0.3991872683226613,0.023412294200894315
0.08418197502369287,0.14448677709202318,0.16736462332668303,0.23639995673066283,0.31289255947168715,0.2822107440908613,0.06460921176362078,0.10388752794316794
0.09711397526449109,0.14346389257677325,0.2586990677436828,0.23419975592713196,0.027524163067205912,0.265167503710019,0.23480693810283154,0.2383016391928117
0.14647297852633398,0.14531650417130304,0.5950664655708844,0.042289896907636,0.30280930282195756,0.28680212924812515,0.3505501409376985,0.017548530084582806
0.10254390249538298,0.14846564774031534,0.2865572147019322,0.011437304503772103,0.18459854544344084,0.07363425732786726,0.27634048357582786,0.45398940914909197
0.10109829797049372,0.15433662293881323,0.2662899912406866,0.2726924150482011,0.5885657445859709,0.00016778558099173315,0.1173819780060236,0.021192076778812616
0.11459644916122658,0.13592276257498476,0.40167259792933696,0.13723148185602682,0.37980580490751403,0.040545475873643204,0.25360118025061834,0.18881605711219754
0.045639225344512084,0.15999383126293976,-0.08975830219283197,0.5404389904531169,0.07055552956557513,0.12210122406224118,0.017012437376163075,0.2498918185429038
0.10927346963580951,0.1360600228363802,0.362145093089273,0.09584803976432937,0.30010405057642403,0.20869519487900365,0.21185177696604754,0.1835009378141954
0.11075092036027143,0.14358982533041903,0.3534437084486098,0.028131264152817602,0.1362971386112358,0.30612129864737503,0.25580805163870335,0.2736422469498684
0.0450759096551483,0.16295458952484335,-0.09158435112732087,0.5637192727150491,0.07055968000515359,0.15574934271914442,0.002137607733935864,0.20783409682671702
0.11928312922955508,0.14010758636369072,0.4231257619103378,0.03768145584421022,0.16403616309301572,0.23493011535435587,0.30341055902778913,0.25994170668062905
0.10695926984771793,0.15089750124189527,0.31119978436515117,0.48000795654692163,0.027564463326156266,0.006228966154677239,0.33821907989735406,0.1479795340748908
0.11200499564980795,0.13506613692511116,0.38503356084465995,0.14038396603854583,0.183238877677781,0.14940784542138427,0.2832236027928208,0.24374570806946808
0.09478482519877553,0.1400808816024914,0.24831957652497286,0.2575301393527818,0.3380842649161422,0.194559365701251,0.12629917579001868,0.08352705423980634
0.11919211857660075,0.1389822978984915,0.4258968190311035,0.12713146914474416,0.2698538797243497,0.2752736227225311,0.2426064101773699,0.08513461823100506
0.10012953166171212,0.13474581181754186,0.29781654153415305,0.219041894251832,0.21256226511479323,0.18037249825818194,0.20484825112877927,0.18317509124641357
0.12906966872871473,0.13757538834168806,0.5020496003047462,0.24843186394317388,0.3143557816902722,0.04816487762877488,0.32934623083150216,0.0597012459062771
0.08493151707446717,0.1538269224111106,0.16207512107559668,0.026615115230558054,0.38990325302862733,0.3822784236486437,0.02414188698604891,0.17706132110612194
0.1226550847667873,0.1399375357973001,0.4477360874607894,0.0603392202470019,0.15724095866066043,0.2689589739548992,0.3079770852793908,0.2054837618580476
0.11292719843944951,0.13619479134636148,0.38861396912638607,0.11605532022745402,0.1978469072674848,0.10231373737829498,0.29835598513904554,0.28542804998772076
0.05013296438646539,0.14901675019429458,-0.06621427189003608,0.27558029202027057,0.16034233076772403,0.14483664254565326,0.016497343146351814,0.40274339152000027
0.13603845662342276,0.14039428118359512,0.5416065097693434,0.2056564359049325,0.14846396871443943,0.21512097636364197,0.3738566007394396,0.056902018277546554
0.09393514201507273,0.1434580334368634,0.23655100521092648,0.25860265182212094,0.2706191852849979,0.2854538191129893,0.11985160754099378,0.0654727362388982
0.11328964099451179,0.1351372316592559,0.3943372255018504,0.18999352357745578,0.16928327708980953,0.08957292906517958,0.308790497990019,0.2423597722775361
0.09580161599892509,0.1436360029721048,0.24925238281573484,0.28252898129712556,0.01047923837896985,0.210131848380691,0.24899494321820123,0.24786498872501245
0.08335265662898407,0.1418758679284952,0.16459921599037342,0.26224642435080253,0.21576809542753,0.2745988260340967,0.09845453887521755,0.1489321153123532
0.08351413605496563,0.15974667601985723,0.1471964027097673,0.022629477249248384,0.011182551771732626,0.3859424607866714,0.1620219268305594,0.4182235833617882
0.05611550037067489,0.16966072908634436,-0.02289569100783595,0.09522692032674994,0.015340169421617176,0.4890907262726255,0.004423005568735437,0.3959191784102719
0.10801145086928425,0.13936371606683762,0.3445046689646133,0.046339804980599794,0.277838513809588,0.2719195814395483,0.19915920104346274,0.20474289872680104
0.12143652894269848,0.14021365780220058,0.4381636561351748,0.0015600605463770474,0.2877726949882985,0.2564966466403887,0.26154388017883023,0.19262671764610556
0.12490866459797953,0.13950440207406095,0.46528040429520223,0.1572649660578489,0.407612971336487,0.13296733721863627,0.2566652167163209,0.04548950867070688
0.08378969494492905,0.14332585998324848,0.16598327020475945,0.3532600002957493,0.05393814011063774,0.08617230923292626,0.21385679139141597,0.2927727589692708
0.09664872627303725,0.14394073321125372,0.25460983458553027,0.23869069201074397,0.08946167345472551,0.0003634374729249062,0.29179690789011886,0.3796872891714868
0.08624025920885801,0.14220343071981462,0.18452620359462046,0.26053374725888406,0.14803977332330143,0.29072485104725865,0.13184025225138085,0.16886137611917493
0.10588289892385666,0.1400525780798931,0.3276119551164758,0.18759300830297806,0.17599218200091438,0.30478158848543746,0.2071096182796046,0.12452360293106544
0.09921348857490948,0.15579442437019292,0.2517002051481114,0.2053444100674098,0.03002500600546301,0.4638856386270476,0.1829161231352624,0.11782882216481709
0.08655781041254688,0.13754509051110606,0.19308439373488565,0.18762200350256716,0.19547872203461933,0.2158371681277587,0.1445056229230153,0.2565564834120394
0.07260187380693048,0.13947445249059395,0.09035255978352265,0.25541452174435036,0.22023373567956925,0.17337647420431754,0.08284865966409509,0.26812660870766764
0.0513918940412383,0.15716677135996382,-0.05477052104764749,0.1402746040525611,0.10369890183375433,0.2262488524478352,0.029085139084254207,0.5006925025815951
0.11245740954154987,0.14292416866170762,0.36702966358134437,0.2525174273741184,0.2390076293646024,0.28142512893095806,0.21329023729568006,0.013759577034641238
0.1195360167332688,0.13550474206976593,0.43936482091981777,0.22432837981845252,0.26237981956888684,0.1526815579992097,0.27744529918457866,0.08316494342887225
0.11616448552304212,0.14399523582029855,0.3900440539097669,0.09107485119029939,0.0664373400837285,0.15310868279435727,0.3486202255184792,0.34075890041313556
0.09634224673863392,0.1451826574868715,0.2503208535215045,0.1821145098409906,0.2802515295778078,0.3429018004335092,0.11474523454351783,0.07998692560417439
0.07813886608869347,0.14243320743766316,0.12734997979057705,0.2691402427670486,0.17098056813356494,0.2717205579223299,0.09351311908240571,0.194645512094651
0.11009157087770254,0.14231990145166382,0.3519646259361356,0.15010910297330668,0.1761360416910246,0.3451927804408583,0.21552922880996325,0.1130328460848472
0.1257603940725104,0.15506595104694995,0.42408016478485255,0.1653948938224986,0.022491578355746153,0.443197500610218,0.30962174716919294,0.05929428004234449
0.06175322780120636,0.1584957181824325,0.011061672967015757,0.09894116543191117,0.05908702170084395,0.3530155323527431,0.05429009484687361,0.43466618566762816
0.14674212032264164,0.15655641714594895,0.5540630138576608,0.010507357618082,0.12775051887405436,0.4562717611979823,0.3680900598051934,0.037380302504687844
0.09203460675858677,0.13873119265819492,0.2309113483765215,0.23845565166507113,0.14317777812501514,0.24590644172622234,0.17445529208635926,0.1980048363973321
0.09802725538645025,0.15146030951542125,0.25107076242029225,0.4228465081153681,0.09888487167138348,0.2655589261850838,0.1959184566545187,0.01679123737364593
0.11616713427875375,0.1492912255746417,0.3762252876052093,0.007602588062083403,0.0626403302298497,0.34101992761262656,0.29797623834237086,0.2907609157530695
0.09887353061659258,0.1472844401401236,0.2639350808517794,0.013011805194984533,0.19168549097360094,0.3776595934358351,0.16239528250840238,0.25524782788717704
0.11288518583753167,0.1347189030841373,0.39255950447059956,0.23401435077284097,0.23524669386279382,0.15582980396550833,0.25746121986266657,0.11744793153619033
0.04769983390134093,0.15173490863066855,-0.08106352196512917,0.39360340432250024,0.10639693083167194,0.12410821856585944,0.02352719496066605,0.3523642513193024
0.11379724782337217,0.14085783889948428,0.38192583560622223,0.15959080105311854,0.08767400759427468,0.08869711459638494,0.34493066191774174,0.31910741483848004
0.08097495956026396,0.13790819282298128,0.15209364382859678,0.18756696894822739,0.20877251554928686,0.16072781468254904,0.132718350916958,0.31021434990297864
0.1141863099097996,0.1365158308200218,0.3969232695161716,0.06810476652149389,0.22687371672313658,0.1868147698287696,0.2700876387851579,0.24811910814144206
0.08888671321457081,0.1476181896883517,0.19568532357398377,0.3245696349621281,0.08752046166423202,0.3209741952205667,0.15163494565203975,0.11530076250103356
0.11054507102630146,0.13827921374336147,0.365529060066181,0.024848639610965572,0.2922974770993672,0.16382321627118496,0.2401701345774275,0.27886053244105474
0.08301349506441522,0.13709533954212558,0.1678648970947974,0.2660101484761195,0.18424097704919098,0.15189520668168904,0.14722022363225848,0.25063344416074196
0.0908519310795962,0.14924881356158418,0.20671474930596917,0.19592536775765657,0.33623372275857655,0.3463586563708789,0.06753736062679569,0.053944892486092265
0.1357599578509383,0.14204273444812088,0.5333603168461148,0.30516941769394,0.1458197193786131,0.008989858989165751,0.43018110340148064,0.10983990053680061
0.08090574616928646,0.14623273767108647,0.1429621472061109,0.32663361849795364,0.2521716236105241,0.2680657007309612,0.07081186640392756,0.08231719075663352
0.0988732390211384,0.14175213925475716,0.27423387911822167,0.3522337142480054,0.11629219316883961,0.20638786645358173,0.2172202707116604,0.10786595541791293
0.06729025731580689,0.14741186146413066,0.04945502514789699,0.11281574619961121,0.4335697241392006,0.09192935286113761,0.015646737315416,0.3460384394846346
0.0814777359927135,0.14133670395524,0.15196148906596338,0.3362451176413508,0.11410958432531014,0.040879191542654146,0.1965094984826481,0.3122566080080368
0.1093863764901956,0.13957805537667697,0.3538262254544055,0.33296899034825894,0.2643649843848987,0.13379563483000131,0.23012127210816635,0.03874911832867471
0.09493800153898294,0.15121847243667313,0.231043211692369,0.2564064131344177,0.2738353669303694,0.3644479926406112,0.09834008796250301,0.006970139332098789
0.08667643628096987,0.14491906472844526,0.18407817032877744,0.21839204551851318,0.28290877812965404,0.31637834950461735,0.0775483604791325,0.10477246636808309
0.08750020358815107,0.14212169999456148,0.19349756996435738,0.17218128661982968,0.11105009865032131,0.2890491571510105,0.15913787934775514,0.26858157823108336
0.12278876699071464,0.13485976338433223,0.46558562328020026,0.20793067565467124,0.27685787916496013,0.11913634975813038,0.29774567060011053,0.0983294248221279
0.09211410426011789,0.14178971400035634,0.22649107155993828,0.29997005407876803,0.11755331520815412,0.26120495836577273,0.1747724649900241,0.14649920735728106
0.1255608677170386,0.14918759855300587,0.43945253059184425,0.33133497327998546,0.05484898780792241,0.26977520897746154,0.3372216368134197,0.006819193121210859
0.07307495494753875,0.14540673433207496,0.08991987205818554,0.2999429676419805,0.10852094780030486,0.017372763840800533,0.17287433012892212,0.40128899058799194
0.15825420476245688,0.14645977645864894,0.6708613596047494,0.005715558167398767,0.2855986329724269,0.2435816194028366,0.42429561873727295,0.04080857072006484
0.10620264550173186,0.13476443166418264,0.3428400575076331,0.17953142676481337,0.1791583287532257,0.176252827888451,0.2482350621201135,0.21682235447339654
0.10227592360816459,0.13996694423513192,0.30204219888622297,0.025095911790955636,0.281665136520445,0.23794010275696725,0.18544011788867373,0.2698587310429585
0.06533766897508723,0.1507988562325621,0.03539595132509149,0.13688691694365496,0.15403891304606718,0.3489072529546116,0.03157958951240381,0.32858732754326236
0.0929494941564881,0.1406984162116991,0.23418525271038795,0.17623062561687097,0.2288923005356354,0.3046490605144723,0.132277735868185,0.15795027746483628
0.13011799646799335,0.1454725168446146,0.4820016728169306,0.15466900849982093,0.141530305714857,0.34955858993032557,0.31307442902071086,0.04116766683428558
0.1531820151408502,0.14152908136815043,0.6583948276924222,0.0773727268954395,0.3061820629971445,0.0705989047813248,0.44302104851411805,0.10282525681197312
0.11150012612517887,0.14325377899233538,0.3595027404333559,0.2602213119750444,0.003596631396160292,0.15771311978111327,0.3373439468039613,0.24112499004372076
0.05913772485526611,0.14378428629462972,-0.00599700542357592,0.3153107313355068,0.2817365880724861,0.1157338254557633,0.014660985406183465,0.2725578697300604
0.12272422983153197,0.1370552124775754,0.457656653093692,0.29240801387724363,0.2633329578646535,0.04105814243006201,0.32022321719950886,0.08297766862853202
0.12093641613346467,0.13510517938992456,0.45102946022222595,0.23469963027219248,0.294275067706758,0.07638125289544176,0.2943475571680762,0.10029649195753157
0.058460741598196225,0.15289402407925212,-0.010067485705039085,0.32832468292884925,0.0945753343922444,0.3205983979736546,0.018004703463508194,0.2384968812417436
0.12568303722634896,0.13599182213647015,0.48299255201121505,0.2498305930615223,0.22436725337276944,0.10493243521102182,0.3312830786877918,0.08958663966689459
0.07121247108020323,0.16236782228675392,0.06905599226675073,0.27780045327190106,0.12725462718728148,0.48019533687155314,0.014387042881032739,0.10036253978823163
0.09290907085694339,0.14066070061161254,0.23396066359580261,0.10755386467271619,0.18379135590436355,0.10330144979009434,0.21809401721908578,0.38725931241374006
0.12023033630515759,0.13785439756653034,0.43691269461381993,0.3176819448723797,0.25874584255966165,0.03970812406766339,0.3096195592843143,0.07424452921598093
0.0722479938901515,0.14289477481865656,0.08571337829318858,0.29532074799849967,0.09390896708538665,0.15662290247315838,0.1316192967147766,0.32252808572817876
0.10914331688349181,0.1413370054060645,0.3477031138611004,0.05177495551243387,0.2314304310047617,0.058123710699945264,0.2883632632522864,0.37030763953057283
0.10038668444423973,0.14099151857859368,0.2864476165048663,0.15202915372332304,0.170738487016276,0.32441975588682054,0.1822468592274109,0.17056574414616943
0.11929629738583115,0.13433671347662673,0.4414005363928166,0.21980859160207103,0.2619591802172671,0.04062372796682259,0.31208380800572955,0.16552469220810967
0.07825672994486989,0.1463281628916291,0.12476566085498428,0.036732074002121855,0.3991529338350354,0.19138133286638853,0.05095759764040772,0.32177606165604644
0.11844170341229633,0.1425166016081549,0.4100694428076529,0.24479408320003015,0.24691406072149538,0.2663583695949912,0.2413380249238693,0.0005954615596140442
0.10521415995930883,0.13410178194661523,0.33716300635966345,0.13712750690623204,0.2951934540328197,0.1320829148595716,0.21693823354554034,0.2186578906558361
0.0880269726058816,0.13774895937444423,0.20346413310967842,0.11283537049242653,0.2795878794053951,0.15555622080351503,0.14367250022318553,0.30834802907547787
0.10704917733356539,0.1400553535841392,0.33593273037792365,0.17778382657034686,0.06426808608525558,0.18483359270527192,0.2932500574847404,0.2798644371543852
0.1009677323325559,0.1344886890886556,0.3046184226358975,0.22490098138743855,0.20192610444761558,0.07250210665905761,0.24586360669561236,0.2548072008102759
0.11046726028477738,0.14724378442864233,0.3427462862395727,0.0634118435473806,0.04260786771931244,0.3186404861209095,0.28360164082407074,0.2917381617883266
0.10574622484138449,0.14368181802600954,0.31838562088004363,0.3318476425083459,0.20280041148614175,0.24200429540634055,0.2041766679838457,0.019170982615326067
0.09343024701750774,0.13768602771707064,0.24280057731205051,0.2576924615116826,0.1746743348344512,0.22388873916888893,0.17374373244425373,0.17000073204072336
0.06413370962203765,0.1554678405286996,0.026588840547216372,0.09661934054409409,0.1567569413416018,0.08934351185553778,0.11004858519551892,0.5472316210632475
0.13549316912466475,0.14412670311206732,0.5237972387806873,0.08615788955245081,0.1515201448182818,0.3323284787017704,0.3433512851437243,0.0866422017837727
0.07190511972624575,0.13907055606707544,0.08560489051689535,0.26084310007572936,0.2580449207753183,0.07799083610411922,0.0948657681325015,0.30825537491233157
0.08633129350470048,0.13693619578803376,0.1922887761936896,0.3196228795148533,0.27012184823684526,0.031833024115083895,0.16191279302038208,0.21650945511283526
0.08593795421433151,0.14234082636026535,0.18222427730384547,0.07992002860221936,0.19114260217594392,0.2563026263590276,0.13960713850270953,0.33302760436009965
0.060401693785220444,0.14901512434746303,0.0026956578198317933,0.2854766773711944,0.10992087820396637,0.28486784115145153,0.03518199614895419,0.2845526071244336
0.09017718929606945,0.15087868899810544,0.20000962028804734,0.06767010165204067,0.03673762999412283,0.28431348037564846,0.209073383069382,0.40220540490880596
0.10594727915786209,0.1376905273435306,0.3336996381982477,0.18611242146054152,0.1471481080700542,0.25659625037139644,0.2336447493550359,0.17649847074297184
0.12040256969399578,0.13780978492470067,0.4383039254215495,0.19565156482595014,0.2142145230018186,0.24056178956814078,0.2743687271032838,0.07520339550080675
0.08034507523361613,0.14051912180920667,0.1447851009291117,0.21985018251647087,0.12104249955043604,0.20787313214256192,0.14613268247311742,0.3051015033174137
0.10353180230049258,0.13472144610187237,0.3231245177369543,0.17216737823208866,0.22497935172977362,0.19722060229917118,0.21326607820466773,0.19236658953429883
0.05489320898708308,0.14785305233416413,-0.03453963873113021,0.2824730438654689,0.15489934996793944,0.2278196386482906,0.012449257462215198,0.3223587100560858
0.12654335121100557,0.14248112858276865,0.46703273530255557,0.16411267944078062,0.17067405179109238,0.31650015919676283,0.2961664162278342,0.05254669334353008
0.11996539161034793,0.1353328610376132,0.4430955730233302,0.14898894907505547,0.1712327961912854,0.14561660528429757,0.322506672195354,0.21165497725400748
0.0735289518713464,0.14267122085720707,0.09482607487383109,0.18591766344697871,0.2772073737326373,0.2619058331154006,0.042965329955237795,0.23200379974974542
0.10959784665344595,0.13567689675551636,0.3655585279402361,0.2683256020165349,0.18156932567151407,0.0308227299938998,0.3002542116605104,0.21902813065754073
0.10563025556131832,0.15062478175957272,0.30293989493809415,0.12513664842395236,0.345623797909154,0.38284624329525085,0.12179145868566157,0.024601851685981224
0.1005316997859172,0.1504083102408299,0.26947779495041785,0.30916670146249975,0.003627935832786117,0.3413526442414308,0.22861684691232287,0.1172358715509604
0.06031989215074489,0.156710553006539,0.0020412929736234355,0.19863642365662684,0.007257660312112977,0.18976629682035215,0.11099516908694462,0.4933444501239634
0.11670286246772098,0.14775732907021785,0.3837566828294142,0.10290765162093461,0.32663762286931214,0.3646298633254663,0.18415841284635207,0.021666449337934858
0.08455232284130518,0.15945401014085697,0.15397745606784288,0.01943306493445118,0.013743787464086325,0.38555601226804076,0.16588616116107302,0.41538097417234887
0.12186398463086774,0.13637253443007455,0.4536396195128917,0.18108475275718253,0.19000419833291748,0.21512197854734594,0.29907182835090357,0.11471724201165043
0.10151876049184416,0.1379011962066184,0.3010761446161518,0.05806296399067476,0.26554026511672296,0.1561452736402032,0.21130781541223687,0.30894368184016224
0.1052742788279865,0.13461341591186932,0.33632813283356044,0.15917268440757024,0.19981036440452535,0.1753031019816196,0.23831054452672984,0.2274033046795549
0.09634485168074314,0.14012255144967878,0.259379031460153,0.18221246487025997,0.2315741925027506,0.2979716591084482,0.14744797318018593,0.14079371033835536
0.13547778670045746,0.1423289116850748,0.5303053737069527,0.32650283167412497,0.24888003569414952,0.03033568551544971,0.3811302169697507,0.01315123014652508
0.06889519422898745,0.146665873655209,0.06064937948618374,0.24054191986332576,0.24388387029504568,0.30633923908694316,0.017399329138516273,0.19183564161616923
0.1088303025940977,0.13552927870269552,0.36029338502726443,0.22631236618544617,0.17489301270209506,0.047775289430332615,0.2976239139270435,0.2533954177550827
0.10858698230640812,0.1400206680848304,0.34699864649247414,0.03342909398225397,0.19583066717554629,0.23594502470472972,0.24532113589472312,0.28947407824274696
0.09995894288619799,0.14609959570394168,0.27350481494261875,0.15257367263325555,0.35512625865445246,0.3224692981217808,0.11048001482103535,0.059350755769475835
0.09698426615370542,0.13746163992591648,0.26905154175112206,0.1585320665266478,0.14633758486831847,0.2096283741063062,0.21242002174742983,0.2730819527512977
0.07204242064059287,0.1503719506538702,0.0800842217463309,0.18514078968866585,0.03806104942707964,0.31164516226776906,0.11247536796971702,0.3526776306467683
0.11859533774373861,0.15839842800004447,0.3699237327261995,0.08157881457379425,0.6632693247133769,0.06299532047664919,0.15991546646744081,0.03224107376873888
0.11222448309168974,0.13340531187955773,0.3914722911396478,0.20098404361879563,0.2423674543224021,0.12372675457436451,0.26466407855374646,0.1682576689306913
0.07930323330182945,0.13732037719119364,0.14057078560855693,0.2077555587127532,0.2787913480874251,0.09787491118319015,0.11682514169467666,0.29875304032195477
0.06968860792880552,0.14289173383274556,0.06780383769537021,0.24152050891582325,0.2617648973487637,0.2417550212682649,0.034144512069219646,0.22081506039792842
0.10392239102076864,0.13527848860915848,0.3246812665660951,0.13862136664459618,0.3351228480743514,0.15974154749320402,0.18732627304217464,0.17918796474567378
0.1347838164106185,0.15237802673599676,0.4907782179131743,0.14397886263734735,0.03357274428821057,0.40080821759874025,0.35920127255774764,0.062438902917954175
0.0707129699274633,0.13964566824957433,0.07671537586341107,0.26551562896531666,0.21392747013656538,0.1398538974788281,0.0868297375939086,0.2938732658253812
0.06894204547552883,0.14423315070223863,0.06199715829538518,0.2890374717647258,0.226106845574958,0.2516296803990684,0.03759208853178684,0.19563391372946098
0.13501550851574015,0.14356494905878628,0.522519661014355,0.08144140433501275,0.08761504288354889,0.278045647770576,0.3831381958539927,0.16975970915686964
0.1057299679126627,0.13925115103074892,0.3283992094439836,0.06211187565619239,0.19395923034404208,0.2604633013229428,0.2237287459667008,0.259736846710122
0.09393939947488271,0.13586172818996956,0.2498083892133826,0.24768033145415744,0.3470754565737814,0.06465554837431219,0.16076790834328283,0.17982075525446617
0.08772626647489065,0.14926093163346865,0.18575702410176848,0.1950033955668013,0.354340997986213,0.3334484967407855,0.05130675930572537,0.06590035040047468
0.10816308535829268,0.14050712355003048,0.34278038110390335,0.11432706504053726,0.09294218148369304,0.19652402063277746,0.2885906982540225,0.30761603458896974
0.07942192443402867,0.13928503183386345,0.13944014068356442,0.23767555426564574,0.3047874125769309,0.19098402716389756,0.07575581225784174,0.19079719373568413
0.0955024097810889,0.13550766881821716,0.2619955762704117,0.24672958585132726,0.33001619372710994,0.09773615466551358,0.16371089239987757,0.16180717335617162
0.10679567057244505,0.14069826836091875,0.3325959240124046,0.3022014910640751,0.1398324913383184,0.2378372998403419,0.23648838339213693,0.08364033436512758
0.1274952072694056,0.1362046846128913,0.49554248050450256,0.18441781385865222,0.2883967931478988,0.15324282122583782,0.30478360329804643,0.06915896846956471
0.12340643043326358,0.13899517631897004,0.4561772006228239,0.02127781931372401,0.25577701135031433,0.2432177030402832,0.28479507421660416,0.1949323920790743
0.09641203504649284,0.1389261596626604,0.2620963188999704,0.263146411095854,0.23231714844919313,0.23722709844892031,0.15989056483666889,0.10741877716936359
0.08457340744863882,0.1393969620063783,0.17628366569075182,0.3204462161266511,0.14816662326036037,0.18475323522810444,0.1529660337630955,0.19366789162178863
0.09058546299691318,0.14891496252921765,0.20538878348716777,0.19331654629674602,0.019708443485308997,0.3624073715665433,0.18258820596029984,0.24197943269110186
0.17131165990080705,0.15755715205232326,0.7064843356894486,0.11680294898203043,0.0028429979296613807,0.20584135769045922,0.5912711080569196,0.08324158734092946
0.07762196749711076,0.1618446730831393,0.1088819740644685,0.5963854573410087,0.1410915451858368,0.1342483687271198,0.11910023606073974,0.009174392685294968
0.08246270932967915,0.14308289111268457,0.1569908823829168,0.28224937694829594,0.32000026086778544,0.22459939354937622,0.06882476186072765,0.10432620677381464
0.11530748365818279,0.1342780950074168,0.4118876102250922,0.1670669657845771,0.33500890647501064,0.08682900833477229,0.2568333776469681,0.15426174175867183
0.14331869554088084,0.13869860208347082,0.6007176300936216,0.15953606919390384,0.2442023972207577,0.03814047658734714,0.42780116853357275,0.13031988846441853
0.06383174265475634,0.15360491420713152,0.024945443148969557,0.256817951297306,0.024197401957622468,0.33813393330378155,0.06833317439386749,0.31251753904742247
0.10736789406780908,0.13514283197197732,0.35050245267637353,0.24139371557715664,0.28862635656989005,0.14251219301022075,0.2169177847722251,0.11054995007050747
0.16773487851285937,0.14680848747273717,0.7338463897250226,0.09851444545552597,0.2367510819459369,0.0885655387890016,0.5247410425219101,0.05142789128762545
0.11902072679480752,0.13819500828101072,0.4270829136953532,0.23269485992746583,0.24740668463580698,0.21250144706087323,0.26151423298021065,0.04588277539564315
0.09641864910227076,0.14154553019901372,0.2572928233838678,0.1578105153385866,0.08166423620946468,0.2673238145897706,0.2166827143768788,0.27651871948529927
0.07187092915161812,0.1485038741370178,0.07993683141670334,0.04867347313363517,0.3695387200438261,0.25327187019967345,0.014456584770321851,0.31405935185254347
0.10861138586011075,0.13842357207840505,0.35117852494498975,0.22622515070947405,0.07701823209189794,0.16964268619041564,0.29589554099848786,0.23121839000972447
0.072810495523602,0.14150822098600566,0.09052827768125842,0.1940280842256185,0.18313256716712206,0.22407256243470544,0.08704632845617775,0.31172045771637624
0.11122128121170316,0.13775174707056406,0.371837615863157,0.12353433815215847,0.2891543982656161,0.25665112896091613,0.20710903692781893,0.12355109769349033
0.10121437935602878,0.1433894707627042,0.2874296078840728,0.11093315161341964,0.41013776581430356,0.25703055079541026,0.11876345698268748,0.10313507479417906
0.11463106872194868,0.13624470032153913,0.4009775689844721,0.07694003240723626,0.361514393176814,0.10651865242794385,0.24497975355579762,0.21004716843220833
0.1084303721567193,0.14569957177180626,0.33239886409941305,0.20767471809786323,0.31428480193399694,0.31091408884014665,0.16162065996627134,0.0055057311617217825
0.1223711217766174,0.13774613896846064,0.4527976046638835,0.17799537706319635,0.25302195933259786,0.2328080447596767,0.2718642273454718,0.06431039149905705
0.07793125303332486,0.14516255300612352,0.12352533530164943,0.24595299473116863,0.06948379555455808,0.28551214159608485,0.12899471987751251,0.2700563482406759
0.08101602442241683,0.1492202993608378,0.14083891074093632,0.021927349223069974,0.18684168629761272,0.3229780580895635,0.10392994454696279,0.3643229618427911
0.09252616393006233,0.13469406019015556,0.24148179870844508,0.23787828294705593,0.2215800193774972,0.13332957601863246,0.18194105066538532,0.22527107099142907
0.0903693029592044,0.14073744862243717,0.21578693699839283,0.23381350302011208,0.3455834439786914,0.2146292711992658,0.10010157385581925,0.10587220794611142
0.14600187402018502,0.14931839951801734,0.5759630045445786,0.002827921029518564,0.1466434442611164,0.3649145929480853,0.3869605227149635,0.09865351904631636
0.09351753967131451,0.1388526401503176,0.2413892860447555,0.25187464291379563,0.13194652656135403,0.24082700660451856,0.18561844250471396,0.1897333814156178
0.15335945604979073,0.14873546022652287,0.6276879495152337,0.061876208950197464,0.16006158634841827,0.006413514128554742,0.5210415882653293,0.25060710230750016
0.0763864537679937,0.15419509839487486,0.10627091223113976,0.34977974661904027,0.15070570894618796,0.3643112383406006,0.05811409884971261,0.07708920724445868
0.14180637391781004,0.1393652979098594,0.5869924231118272,0.1740351264571901,0.20855396639224724,0.17803084323464302,0.38988135715075006,0.04949870676516954
0.1121207248157232,0.13759820496173394,0.37878927875707374,0.11030981691108944,0.26295932683516837,0.020979545269675267,0.29597010960795117,0.30978120137611564
0.12704417658351272,0.14141013833927055,0.47411152673269186,0.041687781414111114,0.13709783904673387,0.17528370399520632,0.36543638951074575,0.28049428603320303
0.10846734139760764,0.1340781462553686,0.3614857659599166,0.21066764204174074,0.24765875662631148,0.038571819702449786,0.27240784461368,0.230693937015818
0.08345498456826451,0.1414283994175853,0.16584352693556756,0.20627976028717288,0.3178955955689002,0.25021407686686975,0.0720658461456394,0.15354472113141776
0.06510096804704388,0.15743566547863103,0.032400333377675734,0.21204134082602075,0.023699197776110858,0.40972683117802466,0.055184876867483676,0.29934775335236
0.11422547492275043,0.14645076855443784,0.370264188149986,0.17870937743008822,0.009048681515756109,0.32645380055698014,0.30071492050664317,0.18507321999053222
0.0847349017437232,0.14371089711433607,0.1721157006211169,0.15510187268898143,0.08239602348968847,0.24618799227542282,0.173045341442859,0.3432687701030483
0.09659721695300665,0.13940958504968898,0.2625157871315843,0.27166022311620913,0.16162095592286138,0.2501619864077449,0.18296377210462866,0.13359306244855598
0.08865782164809902,0.1493529022577802,0.19187991137015992,0.3268105644238528,0.18025592664349446,0.3321721864606485,0.11150190191760466,0.04925942055439955
0.12203365692764402,0.1424814507662222,0.4353805817813179,0.25737075297159884,0.1767577765972417,0.26753479513420325,0.282199476891414,0.016137198405542112
0.12229086422542697,0.13836274525230433,0.4501996842563339,0.1944776491345585,0.14556226048628762,0.24295993647053601,0.3080742668924387,0.10892588701617929
0.11298721970761223,0.13389724300640293,0.3957304759820813,0.19743681513247022,0.2513102004908117,0.047668322313428525,0.2886624346022557,0.21492222746103384
0.10368767442498886,0.14715459530592548,0.2968828417091891,0.47726858666563693,0.1706583448233455,0.05435768937114632,0.25458407737788546,0.04313130176198577
0.09118145945866253,0.14919989604821698,0.20899116074843382,0.3651097728929614,0.01456820002740317,0.2837587539782137,0.1977460262499627,0.13881724685145896
0.08304529997027942,0.14507473664010762,0.1588512273329075,0.02671803173614499,0.252468547310062,0.2374760223936668,0.11397936656511279,0.36935803199501344
0.06291565856732093,0.14772955166481797,0.01973646121891871,0.13051979421217935,0.19301590419645936,0.23337529884967753,0.04301813093023568,0.400070871811448
0.1093701119558112,0.14114488424397473,0.34978321899696296,0.19143545778212417,0.04128841951869125,0.1979548907156689,0.306779595541674,0.2625416364418417
0.1349302773718978,0.1491266423784337,0.5024607017017774,0.3591794392706232,0.028693285568665093,0.14714897107392563,0.4236616219353008,0.041316682151485325
0.07767253601943855,0.1485146333969105,0.11899525060408078,0.3105399598609892,0.033358126557610904,0.30290547375543614,0.1309655815788552,0.22223085824710845
0.07826464190944028,0.14519625108969,0.1257927926676146,0.17467747430783664,0.07559947180731581,0.24671496957043557,0.14607628575009624,0.3569317985643157
0.10251416991483217,0.136865376466246,0.31062764749211136,0.1628821325950475,0.18643374888557995,0.2501158478070109,0.20780177820964266,0.1927664925027191
0.13265527638733088,0.13682148431551328,0.5310224249562024,0.1735808647374609,0.19972721578560168,0.17473536777833948,0.35500312785171134,0.09695342384688653
0.12354564723661537,0.14224288631631837,0.44674042324551244,0.0021930499645634637,0.24967561087804316,0.07761143117998286,0.3412148797486346,0.329305028228776
0.13708012535888028,0.14700253298060223,0.5243455591955781,0.04910808360249657,0.06809213682308086,0.3169263763182724,0.38992287503092393,0.17595052822522622
0.05608817843940628,0.14464067240548836,-0.0270451007696317,0.2971724710841817,0.24664233702934316,0.13466670039935716,0.010518599070510004,0.310999892416608
0.09955249233753467,0.13720526394386748,0.28827241171822776,0.07355726696325798,0.28582333012049843,0.14395750937284874,0.19766013931847448,0.2990017542249204
0.10863254298058618,0.137421802167401,0.35389248440610777,0.32561805158336066,0.14007672339322372,0.07875889615116592,0.2922589547216837,0.16328737415056607
0.0942277672397686,0.16473022912832547,0.20778072986898502,0.14324450925427862,0.6746126819265091,0.1477663169360926,0.01924961866040887,0.015126873222710896
0.09067837604056087,0.13662335903643366,0.2245470778710674,0.2760280044770366,0.2934860030816301,0.13796256233365836,0.14194088874148023,0.1505825413661949
0.06386892854724881,0.15336326872722605,0.025227217568830885,0.23538131740107648,0.020118262694219638,0.32153772404612163,0.07700748123733955,0.3459552146212427
0.06664978666235004,0.14798181481829148,0.044936512439149284,0.0808207036508244,0.36354913861517996,0.10527096261697445,0.03809464072919382,0.41226455438782744
0.08529915145887686,0.13926718579075326,0.18165909876924227,0.25446443274686353,0.119585630750486,0.20813341938332322,0.1650692968957907,0.25274722022353663
0.08252200189845826,0.1401571771411226,0.1606910352923356,0.12261555707874533,0.2038062735059476,0.18890041605808638,0.13773540026473327,0.34694235309248733
0.137500756902022,0.146064405604971,0.5305930392899528,0.09509115645863175,0.08570730229174778,0.33071908150200363,0.37691505256857527,0.11156740717904153
0.10483744322671146,0.13470400744503105,0.3328590149406533,0.13056954042055388,0.31632170103095825,0.08241434872886504,0.2233520705066349,0.247342339312988
0.09631194367153324,0.1374277886069442,0.26422562743397304,0.14228244753662178,0.29766781771518924,0.23389111968584267,0.14539267421959284,0.18076594084275346
0.09175491243745766,0.14308704924732335,0.22192722964445144,0.2455836021717834,0.20997599607852951,0.31156443742776746,0.1265438955727807,0.10633206874913893
0.13180893828747414,0.15321276706378223,0.46868769270109323,0.1160223141011855,0.02049986042675647,0.02333803592891604,0.47206482010152967,0.3680749694416122
0.08556485945021712,0.13887010320728183,0.18409188774100801,0.19007732504569477,0.17687195987873858,0.24437453731075737,0.13820344074729188,0.25047273701751743
0.08753579683868355,0.14041597371346776,0.19610159806229016,0.1280954592323532,0.3302508442061432,0.24898045651081424,0.09165024118711301,0.2010229988635763
0.10141048826693046,0.15181806441759768,0.27276390609897966,0.3271517684155184,0.08463650426634887,0.36288006008395624,0.19320219310361963,0.03212947413055672
0.10091101332326108,0.13947453396222168,0.2933224593841791,0.2710364733287772,0.18327745610790663,0.2505407388743584,0.19315305538575564,0.10199227630320222
0.07693243641359543,0.1429943917634553,0.11841329023312654,0.15643450532430608,0.20618796473894968,0.29299803445214634,0.07740116943492394,0.26697832604967386
0.07755235053183841,0.1404961097884456,0.12493122093037426,0.23836990245807096,0.17293660763201965,0.24022429049188443,0.10263451794184493,0.2458346814761799
0.0917142610198563,0.14908711028392874,0.21272302454221645,0.27066950130468054,0.016178083571158294,0.34927262047856633,0.1865896536146295,0.17729014103096535
0.14011608359029576,0.14734984974696647,0.5437133714616844,0.2788241346598666,0.07352951885488812,0.23093120781121027,0.409094418889576,0.00762071978445921
0.10874323234907984,0.14755876124106293,0.33033099450766795,0.12303705832283515,0.0011065815542370386,0.1874118011800395,0.32834065045795874,0.36010390848492957
0.103383374204548,0.1351037800344755,0.3211114758852604,0.26945487716010447,0.17347261098543365,0.07258907565165526,0.26345627338945643,0.22102716281335025
0.10966524003484698,0.1386001508957936,0.3583346750624229,0.17538978470944735,0.21239926514839935,0.28222076603970675,0.2175146932633521,0.11247549083909458
0.0978905625261422,0.1493033558199995,0.2537823903424057,0.41627368705142515,0.023514833292273007,0.22559364431989973,0.23721584371734933,0.09740199161905273
0.11107839477717317,0.15014222414596434,0.3402000674208482,0.008873636758833663,0.05126930937015345,0.2516245375616408,0.3083851564675387,0.3798473598418334
0.07662414949073498,0.1460255717318421,0.11384409794514058,0.12515053634184467,0.21657198424465,0.3386159170189327,0.06035673025116211,0.25930483214341077
0.12373093419491966,0.15157076514575543,0.42046983225052603,0.2958714853307225,0.03486896093874072,0.3375182950801605,0.31865082744133605,0.01309043120904018
0.11449912917221282,0.14761268319681684,0.36920356701020973,0.06005863235039287,0.032392962754967544,0.2207209513777422,0.3358115687697884,0.351015884747109
0.08153924900547221,0.147529683384188,0.14599942541312846,0.14137550105942864,0.4814847637886891,0.19450803859444507,0.024058557470803283,0.15857313908663395
0.06103316441991593,0.14406299431851405,0.007171615617204729,0.2454678881539346,0.18867175846565326,0.12656439896707,0.060694914111561776,0.3786010403017803
0.08847526510819134,0.13912583067894932,0.2046727409944575,0.327271620819644,0.10826713174551159,0.12537703578269094,0.2030488465688736,0.23603536508327994
0.09531353803297113,0.13624317915198195,0.2591949061433614,0.1327102577901926,0.3063377088177261,0.18957314991927793,0.15246653080850503,0.21891235266429834
0.08148749355708654,0.14015459130762598,0.15331280521466142,0.367846138586793,0.3067504334133074,0.015447749909030199,0.12829389564750016,0.18166178244336925
0.10010456840510121,0.13820190169609792,0.29018825293222106,0.0883066379007933,0.19659063550123893,0.2319903785121451,0.20533869076831607,0.27777365731750675
0.09038113049918359,0.1398775468291185,0.2171980506370956,0.09053346212761403,0.2906494659640013,0.2546527352567185,0.12030665861290439,0.24385767803876177
0.09165773578469188,0.14113049881882192,0.22431533970083184,0.043843469078177384,0.3325178967012658,0.22425179760157607,0.12313137049189293,0.2762554661270879
0.08730153466949261,0.14128101985948796,0.19324276322924022,0.34044732581316994,0.1111546156018971,0.016129046172116007,0.23008268199036186,0.30218633042245513
0.10504398239931757,0.13493685463773938,0.33381526878068785,0.24856007466744887,0.2631944407893546,0.14994190401625007,0.21373981520891658,0.12456376531802994
0.12110345382360843,0.14631845450539652,0.4176059269499379,0.3778904748113934,0.10373193463955718,0.18794421979581336,0.3212363645195163,0.009197006233719747
0.08422300561892113,0.13588752554307504,0.1782577578192979,0.22186141031821852,0.25658548358156985,0.12257283619175942,0.1375591121546028,0.26142115775384955
0.10063819593364753,0.13744666385193954,0.29566520419458026,0.2949418034330639,0.10956851939406834,0.12319155044863263,0.25814268497031556,0.21415544175391962
0.10041534028808077,0.14504248014658438,0.27864485113075693,0.053254775676620944,0.10174006921128544,0.2954357038543505,0.22590564103895652,0.3236638102187866
0.12432238773900059,0.1403419612091072,0.4583261284425212,0.28231394618081823,0.346712092365114,0.07957242811940433,0.2839600800704541,0.00744145326420938
0.10378180464201218,0.1357724290631542,0.3224646192464244,0.20938516574825317,0.14649165783046988,0.10824499490681447,0.2692090649441851,0.2666691165702774
0.0955255936307368,0.14264916825942592,0.24904171586986704,0.009923597246211818,0.27121170252140886,0.16367443049438885,0.1849568178125423,0.37023345192544815
0.10913538384361213,0.13547063671251372,0.3627013575486752,0.11196262953545091,0.34077686056463974,0.06491185897464057,0.2394790856143501,0.24286956531091858
0.12486096785126391,0.14285974879836016,0.45401849294031815,0.10077143234306986,0.1297629337320283,0.3335664306119538,0.3043999982935032,0.13149920501944484
0.12080506389031269,0.14680785065280416,0.41418128267618814,0.38799990065314516,0.04482003068570646,0.15168534236979933,0.35302185103848926,0.06247287525285979
0.09115743171479106,0.1373506660583394,0.22684587274995088,0.20376053439723135,0.1734800381171333,0.2279946925920991,0.16755100942869758,0.22721372546483873
0.11772028969234229,0.14568576705167302,0.39619717739392885,0.19771411583550844,0.2140108294685234,0.34834372329337443,0.22895423236409357,0.010977099038500072
0.09454730987871815,0.13621166408362748,0.2536296000136064,0.19668615154326424,0.24605204366372793,0.21619096061543916,0.1586508414214354,0.18242000275613335
0.06919607796182357,0.1496728767342479,0.061441178672283416,0.3706380755285059,0.03393567021383933,0.24975599866150283,0.10607841558072471,0.23959184001542727
0.12389521719783905,0.14298578182051383,0.4468641314144436,0.3537453126108852,0.08933925081397227,0.12036342849639917,0.3618993043401458,0.07465270373859753
0.09211243996594992,0.13808818036155054,0.23255024348840905,0.09282709602993484,0.2923793755124587,0.11449903626446771,0.17084643442768568,0.329448057765453
0.10614997066535908,0.14011361497402378,0.32937534781266625,0.07886504464935976,0.1352762338287388,0.21055915210175277,0.26224995532996037,0.3130496140901883
0.06299341796325315,0.14719725201675912,0.02033609950077289,0.3930709798983618,0.33346114981625175,0.09803700043474856,0.010652228741670116,0.16477864110896773
0.06818066974114174,0.14891941298251185,0.054933534703782594,0.0591355818542566,0.29678225277119397,0.2762038805736976,0.018370255881450196,0.34950802891940164
0.10265802866667083,0.13951827011054543,0.3057522762636844,0.11206616998272483,0.1947310318600261,0.3009238266058463,0.19346581508995017,0.1988131564614527
0.13562768483269586,0.14328785726662172,0.527802468927791,0.025629999609268837,0.1567775757592599,0.2986995276039254,0.3574079787826566,0.16148491824488914
0.08880630951466478,0.1438553084760751,0.20024502272334027,0.15257810686849121,0.25309041737119525,0.33959202128433363,0.09619692183863623,0.15854253263734375
0.11212467241248716,0.138052077570994,0.3775725315374684,0.34151210138601185,0.2615888583757209,0.04744704048490413,0.2693285576710128,0.08012344208235032
0.10214542850634974,0.14210145709466024,0.29658688494851077,0.19199388743881282,0.1991011774224517,0.3297146922790578,0.17403626122776936,0.10515398163190837
0.11877817382436144,0.14037602084500136,0.4187194755239742,0.12225158706820685,0.4627456780935493,0.09051685892770835,0.22541425559415695,0.0990716203163785
0.07545007810685339,0.13914985881884198,0.11103193519562042,0.27498831142763075,0.16868776637297042,0.12486732969919889,0.128407683500929,0.303048908999271
0.1191070361183017,0.13801001879303587,0.4282807627679586,0.16292591576979565,0.2112040050642576,0.2639178325516083,0.2653015498785938,0.09665069673574475
0.11773383488243695,0.1468903537225761,0.3930403421280865,0.3772684189034123,0.009853401470092473,0.14926554438229442,0.3548282539008005,0.10878438134340021
0.09220784431836297,0.14134738270007477,0.22786304000198468,0.11605253588294462,0.12860662471625559,0.260217312391384,0.1862800644672141,0.3088434625422016
0.12022228242069904,0.13681334050858293,0.4401784372549622,0.301240490335224,0.22694573137430674,0.06882659800875256,0.3139548690455595,0.08903231123615717
0.09051602614170019,0.16114147847898508,0.18937412284993946,0.14197444116770913,0.08521374420354551,0.5336166501129465,0.10775167928301359,0.13144348523278532
0.11206790423175117,0.13984714744068089,0.37232010223045037,0.10854867352939988,0.10189984876246824,0.218609113348841,0.2954920330834189,0.27545033127587193
0.058230831982516044,0.159299053657784,-0.01110595434725299,0.11114954337047322,0.10387719861192032,0.40896626689154425,0.0034876522231539306,0.3725193389029083
0.09796151924418578,0.13782624839258745,0.2754302586547616,0.07574677112267862,0.35925630012410714,0.12981957544863754,0.16700281550736246,0.26817453779721423
0.12816698255186565,0.14282901614829605,0.47726284469459246,0.26323584297462793,0.14241523738632986,0.24807865521996153,0.32730708243086787,0.01896318198821271
0.1549100748916192,0.14370578688480465,0.6604471326384347,0.0075696574580607166,0.3096093679452221,0.08910892367127717,0.44903309676683745,0.14467895415860252
0.08665663546573063,0.1576947417605627,0.1690394693451795,0.3283737601907624,0.14995906860988004,0.41609600767492777,0.08804161579572044,0.017529547728709145
0.15193758162193385,0.1489259876665214,0.6173373973372778,0.026574580073147173,0.4959555043319398,0.07395023218093182,0.36821648523719497,0.0353031981767862
0.11785539068908214,0.14060082018303796,0.41148686482599767,0.036315853410213324,0.17085997750762721,0.1560847778809587,0.3195020200241449,0.3172373711770559
0.07497213925849221,0.13886118570143322,0.10782090893767789,0.24828799892499256,0.19175603038963557,0.14489473388519705,0.1134349348155455,0.30162630198462936
0.053951053463345854,0.14627390148326463,-0.041353559830672945,0.2506096166672147,0.24070164747298683,0.09639376656956469,0.01941076663273398,0.39288420265749985
0.15938857320703032,0.14447306526127918,0.6879384266353478,0.1807730182370202,0.2550180489103183,0.06605508315777585,0.4822324966305788,0.01592135306430687
0.11162168321785455,0.14812929924433366,0.34849070022741785,0.3026879004669008,0.050914923662807324,0.3217688277579965,0.2648630625805751,0.05976528553172039
0.12466278969114888,0.13731789590359755,0.47089848898168857,0.24394885518381884,0.1347997958981337,0.0768440752751816,0.37043098060812785,0.17397629303473788
0.13216450588507409,0.14048639937544763,0.5136761010737816,0.18229627976201765,0.07770718162674038,0.17521653243523116,0.3986827611035409,0.16609724507246992
0.0662137773197797,0.14151419150294936,0.043909216833918754,0.3086819319787751,0.3069644448251191,0.047002344104965295,0.057516367588168416,0.27983491150297213
0.09693837428421707,0.1471786107631223,0.25097651141488087,0.1899321049498275,0.002115179036396052,0.13243947831034306,0.28900261504489244,0.38651062265854086
0.117723091479773,0.14885458441763688,0.38778175160410944,0.053207517091600015,0.04409395392726839,0.36781444844492567,0.2996263136254311,0.23525776691077477
0.09188818547675827,0.14391252962858836,0.2215803277105599,0.2990158784919089,0.1667140742131958,0.2948442621851012,0.14453576102426746,0.09489002408552652
0.07623932704078401,0.14382062621333414,0.11291375561594102,0.21433530988826066,0.1233867418126673,0.28853208957379134,0.1027512150853245,0.27099464363995607
0.07587888928962847,0.14409393854524602,0.11019817661963927,0.28070540033394775,0.07276758154121492,0.24016504915104847,0.13030142799166275,0.27606054098212607
0.09372261723161641,0.14096633152636887,0.23922462098907876,0.21552037229338594,0.3563740593698036,0.22358489863845823,0.1090714424097153,0.09544922728863693
0.11767758659515316,0.1362754546755028,0.4232426648841071,0.15431209664894194,0.27403247835345557,0.2194710937075124,0.2497791205089562,0.10240521078113389
0.12684312689595367,0.1459582210042176,0.4579606851608734,0.17569772198212735,0.016201857606422114,0.2983548763846587,0.3612568112704041,0.14848873275638785
0.10818262585805613,0.14881164079719386,0.3237826395834264,0.004909331702200873,0.07603016787803926,0.29219009841360544,0.2740783902104994,0.35279201179565506
0.09318682261584939,0.13980668603073168,0.23737650578853153,0.09864160195206191,0.29669405003547783,0.2673025597146534,0.12542317677786605,0.21193861151994098
0.09113009822287106,0.14487248658442742,0.21487929804207068,0.05371440107563162,0.16506146950365003,0.32139446793900917,0.1536189152451828,0.3062107462365264
0.09931446942746805,0.1406786592774046,0.2794629237256502,0.2602687592121362,0.08460691116751447,0.256235390053901,0.22311038108828787,0.17577855847816037
0.07641355976707886,0.14335004432590867,0.1144998583311378,0.10645294233699618,0.37080749300345817,0.06474747625665399,0.08788947174116722,0.37010261666172445
0.11707018139093048,0.13472960035092751,0.42359051939797127,0.10549540575384381,0.31973344804871406,0.12978925941147731,0.2618054951350936,0.1831763916508712
0.08618769046977515,0.14314712991389578,0.18294247663594282,0.21548019372503133,0.07960656622824633,0.2882630268687872,0.1622296505861058,0.2544205625918294
0.057418194513704814,0.15886824409666617,-0.016251236998152,0.22505603968728402,0.06178177075387652,0.41535314081761715,0.004783937340986723,0.2930251114002355
0.09378956751186954,0.1428419122839068,0.23655219236151614,0.06256758074924632,0.20359429544513188,0.3178388343292512,0.15070684438041343,0.26529244509595723
0.10729769448646313,0.13819239881168743,0.34225973999420145,0.14066768553652947,0.13735888466821794,0.2577483165439141,0.24654064104432835,0.21768447220701018
0.10339592803988507,0.13397788045693657,0.323903676426897,0.14862643167610512,0.2734213771567872,0.11232540288523428,0.2227053957718306,0.24292139251004274
0.0592103301631837,0.14379596495308164,-0.005491599413613264,0.27521649029050693,0.2965246621065455,0.13721114047557828,0.0058589714302419785,0.2851887356971275
0.08575563800610381,0.14587071398649273,0.17656483129635409,0.07898069934423879,0.28182835008843865,0.011316468523300396,0.18105083811721032,0.4468236439268117
0.12084654010404623,0.1419074950995209,0.42877608445821735,0.038639660790249025,0.16258589913316018,0.11786419153732487,0.3473140069442279,0.33359624159503803
0.08569374273651119,0.1488521275487551,0.17261253271704463,0.12161751371276715,0.041539370218820156,0.3208725705648203,0.17210155567223168,0.3438689898313606
0.07449166450316601,0.1587373382401495,0.09129335708805925,0.016712939877559698,0.06941190314542538,0.35714149994589733,0.11050326740760046,0.446230389623517
0.0967367240172516,0.15225358776700312,0.24128642586387247,0.024324946497462155,0.08946080025886756,0.41456829838558634,0.17979848806644427,0.2918474667916396
0.08530487803174472,0.14264979672749825,0.1773916164779698,0.06861842707720872,0.2291007052610455,0.2727659294777646,0.11813496074175218,0.3113799774422289
0.11262437893487846,0.1394844523984621,0.3772777397766712,0.2632161718714354,0.16973895463448885,0.2432486246433629,0.25158826617508323,0.07220798267562961
0.1185276291776097,0.1359574457650457,0.43048491274802253,0.1684568944339524,0.14365185080727558,0.16769158048583133,0.3183611143533789,0.20183855991956184
0.10254325524356792,0.13847689154287746,0.3072227775303216,0.31525907104998424,0.09846066447516791,0.1393726178911171,0.2638424025509142,0.18306524403281646
0.06348026513494046,0.15187608489510496,0.02291516230053036,0.2410838554132417,0.023507843663463993,0.175669102371966,0.11931658805725248,0.4404226104940757
0.09366279652668057,0.1391183599436295,0.24197235030890726,0.11198511887788452,0.32122205544684485,0.245587384220588,0.12381039991497848,0.1973950415397042
0.088628660993674,0.1392411697355037,0.2056048584485158,0.3284505207603526,0.3451878550728579,0.06267602969634518,0.1326926996534564,0.13099289481698795
0.09464072225651228,0.14498098248798816,0.2389328701051002,0.016067790778820333,0.22862185236736124,0.32667704560177196,0.14582202798801686,0.28281128326402954
0.0977168715296886,0.13793261708877505,0.2734441811207974,0.23176933279998613,0.13870288262666303,0.05208429834495011,0.2619076115530024,0.3155358746753983
0.04607945721939916,0.15797107649033781,-0.08812083255919494,0.43969768030253764,0.011461801365345052,0.13862576263941032,0.04454325009051718,0.3656715056021898
0.08896788074254179,0.1446271000252496,0.20029358769887845,0.25635727516353424,0.037473384713973226,0.28409826934126187,0.18825243892012766,0.233818631861103
0.06511023356496183,0.15879585929966475,0.03218115124348599,0.39242718915740377,0.03380546892204597,0.36407673162745247,0.05094300222136636,0.15874760807173163
0.09249618670153653,0.13482583753051777,0.24102343658114517,0.23874456385286053,0.2541149156387981,0.141987303218557,0.1665877453764073,0.198565471913377
0.08956444812742947,0.14638697666163908,0.20196091757373444,0.30885939798557605,0.04506691805641392,0.300444208321655,0.17849908712211013,0.16713038851424492
0.09016589255122323,0.1410488256706255,0.2138684417101497,0.1254310794975639,0.15067467845682816,0.2796385478727402,0.16221238791015796,0.28204330626270974
0.1111911908210833,0.13856980294020235,0.36942529854916556,0.060042336673323586,0.24116026811821387,0.27050155030671774,0.22617145928248117,0.20212438561926382
0.0708311143257305,0.14303854525609144,0.07572164766034802,0.17550219252665505,0.2675137538761493,0.2553072170341558,0.03799832335097466,0.26367851321206537
0.08621914411239387,0.14463901546306912,0.18127297139331291,0.14905688308485804,0.09132606759427184,0.3131002584270543,0.15552076884210317,0.2909960220517127
0.056307331307760534,0.16030915319963593,-0.02303467156139809,0.1628565650200912,0.0024294115973987574,0.30633134323657824,0.06196889053119186,0.46641378961474
0.07904001549838796,0.14244770465540557,0.13366319621960604,0.14724762425544563,0.23662314688566938,0.04642028207491673,0.152892773705261,0.4168161730787073
0.10527992859774118,0.14052894607078686,0.32221068942574227,0.04726735578035097,0.20179393487625205,0.286066966965977,0.21198316932247066,0.2528885730549494
0.11437392361997314,0.14565132152100022,0.37331569018502475,0.041769158001671004,0.09610627392859365,0.34287947144172903,0.2741021635988564,0.24514293302914988
0.10721042209035683,0.13697622408813187,0.34466143598746873,0.25670890046662237,0.16019026426282887,0.017232083635126537,0.3033793572150282,0.26248939442039393
0.07952862739467088,0.13830176991873594,0.1412030186319786,0.1644055879039481,0.31286825689019004,0.11689087465615157,0.10234281413577184,0.30349246641393834
0.06831970350973791,0.1410973797702869,0.058964266546145505,0.3444196545813748,0.22254945536580784,0.05649725379933943,0.09294352487141361,0.2835901113820643
0.11713899335801149,0.13870124657143068,0.4119573166819745,0.11477830257077995,0.24934724816456094,0.28317544401556105,0.24015515660097522,0.11254384864812285
0.05458147729786529,0.14990286867167787,-0.03614689131802094,0.4568551348854294,0.2035763862379045,0.09679453114202778,0.019343374689627803,0.22343057304501054
0.13533812808583848,0.1477803751747725,0.5097979213866511,0.38549660360634563,0.10196178326126654,0.08810724802973252,0.4137665533268803,0.010667811775775133
0.1342220544312847,0.14406869188697602,0.5151851763151497,0.35683553275674307,0.14593894670595448,0.01702384694643863,0.41678798409593143,0.0634136894949324
0.06472551491149098,0.15346001616380078,0.030793134456906616,0.5222682658058494,0.25939686369628223,0.06170607114881942,0.047252462680516194,0.10937633666853269
0.10485766460539223,0.14043544741100128,0.31941839067248357,0.03433165786537976,0.36587240499148194,0.23358540338573897,0.1649509111195906,0.20125962263780875
0.1111193613942575,0.13649696517050092,0.374509142605503,0.24707965877050428,0.24224020441521574,0.19035440217114336,0.23530630074165365,0.08501943390148302
0.10397379482497338,0.13672579775232394,0.32162031999718904,0.152394650693543,0.2454058381610283,0.24937006763180322,0.19261790133005438,0.16021154218357117
0.10661330967436936,0.13697857625548132,0.3402963510690168,0.3044576113806338,0.25350063767568204,0.13428886227797412,0.22453270237595632,0.08322018628975368
0.05565113986750047,0.15595225800070928,-0.027885842681929937,0.059380633684102554,0.2089220164831342,0.2388833101671284,0.009803249883092597,0.48301078978254225
0.06654619752615988,0.14509134896941164,0.04511776596370306,0.172833276263661,0.2792801107355443,0.03558890529144932,0.08420331511530348,0.4280943925940418
0.09537399726140147,0.143100505883987,0.2471968707789162,0.18854243441406143,0.2943527836477953,0.30936523951830314,0.11518457039897621,0.09255497202086384
0.09894518491003292,0.13413635315182681,0.2903402693970029,0.21123589231988313,0.24575183527072594,0.15495064915669934,0.19567900643336886,0.19238261681932264
0.12899534509521557,0.1448605106996874,0.47628815307886707,0.1437490512416699,0.23231521951705209,0.33700468078008855,0.2783694435794364,0.008561604881753079
0.16531174145247768,0.15098426237092305,0.6975014468313149,0.20325884797078106,0.08721553083958396,0.14063815317168718,0.546616125137356,0.022271342880591634
0.1221024976455088,0.14149184319220318,0.43891221037490113,0.11576834613325766,0.16304920763119388,0.32491090738537015,0.281309686289504,0.11496185256067445
0.07463164091924299,0.15027357842078892,0.09736668995977565,0.0773864552895703,0.11157355968731338,0.2367799183598438,0.12777247459645233,0.44648759206682015
0.08057830833446647,0.14861684247603124,0.1384655197326327,0.2076145275927189,0.026315633583495392,0.3264014919476711,0.14718296610446208,0.2924853807716526
0.13302204162550976,0.13998929393565807,0.5216259013283701,0.09944221616843207,0.20299415340878119,0.2746284059810139,0.3300611730237676,0.09287405141800516
0.1358483807781802,0.14525990967638544,0.522156326182204,0.1232195567769241,0.17083922661117676,0.3411787398162527,0.3316893636205027,0.03307311317514371
0.12598720839611285,0.13768695378157367,0.479255343979756,0.10743256572172395,0.4035010427333448,0.0868217779218905,0.28141202852405256,0.1208325850989882
0.08837732467336579,0.14039529976165793,0.20212446372165274,0.17883767283154234,0.2669729239761875,0.28025509147936783,0.10550785079117456,0.16842646092172778
0.09179910870831368,0.15014666483689432,0.2117869800362022,0.3758388632811073,0.051557257519589436,0.3026683343020713,0.17945246027924816,0.09048308461798374
0.08754243011500729,0.15114028148719613,0.18223090392577143,0.23169804757523155,0.043698800864312104,0.4000571840896077,0.14539902352731376,0.1791469439435349
0.11099724220533695,0.13742072215183138,0.37110299965526217,0.04620075923861368,0.3299263232595592,0.18828258926783079,0.21831298915394473,0.21727733908005178
0.08516856767702692,0.15889246161296336,0.1584000110611511,0.25995617570185336,0.12192492091230768,0.4718760262429366,0.08046191195739157,0.06578096518551087
0.09297921964777339,0.13933568274783997,0.2366889729708139,0.33024877621986276,0.09711842902837696,0.14266286511662862,0.22100174062268582,0.20896818901244582
0.11079763068143751,0.13682973786541625,0.37124700722149545,0.23753319296771283,0.20898970807332912,0.2160174813912434,0.23936861687458685,0.09809100069312783
0.11973097260129555,0.13807112673572824,0.4326101626998539,0.1124372889885734,0.15278371038163474,0.10724989300461911,0.3435690316668781,0.28396007595829464
0.1274347503419926,0.14560001159269903,0.46315072096720933,0.2881667445931717,0.009790487633843903,0.07487618642659644,0.42714222659638856,0.2000243547499994
0.08563876380187399,0.14180492189821414,0.18080305999729113,0.19443663659377,0.3127953931329906,0.26859365750175085,0.0786036097444101,0.14557070302707845
0.11539815737760675,0.13603580365295673,0.4072321836605159,0.14202122587064384,0.22655589647344454,0.23464153851578487,0.25438232495965996,0.1423990141804669
0.07581212540557107,0.14753491474933733,0.10717548068154555,0.3383779899359833,0.054489645614283024,0.2755124581215076,0.1212082609001524,0.2104116454280738
0.058353469734479586,0.16940316367967803,-0.009719595725105886,0.6498983471495282,0.2634091985792574,0.05348940244301703,0.010489647556279123,0.022713404271918244
0.06661937900050356,0.16844138595908173,0.03929781842398022,0.005331168165986405,0.07045986337974894,0.15290955064440864,0.14124624781258935,0.6300531699972666
0.11825752298447433,0.14241702776068194,0.4090629042081293,0.12167205617138477,0.05066418102907039,0.21692285019496088,0.3411351797523977,0.2696057328521862
0.10964267571672225,0.13713167235465507,0.3620073675491574,0.09978510765981423,0.1892749714510573,0.24091960629951029,0.24538460050270766,0.22463571408691047
0.08588377670155402,0.13677711324379266,0.18924055412266644,0.25677934409056064,0.2565714678264052,0.17071333296553173,0.12675346249095285,0.18918239262654965
0.06928084924011894,0.15872419834317697,0.058471545844905506,0.3313935673599448,0.0022892247770447288,0.4017802563115694,0.07407593577040247,0.1904610157810387
0.06487289139584847,0.14976249754960028,0.03253746081681499,0.4149511457128781,0.10708438907980623,0.22688070890557735,0.06308859132791482,0.18799516497382357
0.11755628272844976,0.1424071287301752,0.4041671455753039,0.06103465261137574,0.125293343176495,0.12868264437156463,0.3422117508758309,0.3427776089647338
0.091680741066799,0.1637598352519955,0.1934585548284677,0.11165693155926258,0.7061771428908713,0.05033477475994354,0.02936890915427374,0.10246224163564875
0.07769410027243066,0.14602734786737814,0.12116977080553723,0.3858108521184889,0.3759717863291831,0.07749411609473103,0.0646047314024999,0.09611851405509732
0.12272366123114888,0.13442636851257436,0.46660236325049315,0.21725344656635565,0.24007567934043744,0.09338030684437494,0.31884369485670466,0.1304468723921272
0.09671191396917406,0.13488762319331837,0.27216666066210715,0.25451924318615643,0.18126329905837302,0.12043813355301594,0.21802513296210313,0.22575419124035143
0.09652542611254315,0.16214783441820424,0.2252600304135944,0.163832261921714,0.1915997469364558,0.5278807571005847,0.09291430653520082,0.023772927506044726
0.1168667284108335,0.1356271493255936,0.41928720535382086,0.1304882429417584,0.23025492028035513,0.22176508084516303,0.26425840668130546,0.15323334925141796
0.0928448204860343,0.15617965140293144,0.21030153538566435,0.05773623184275212,0.3396671629800633,0.44912583984045423,0.0538493146980868,0.09962145063864364
0.1032795180765921,0.1436422580056176,0.3013007361308641,0.0039075269464802975,0.18873788982178824,0.28191636617536425,0.2132216441492959,0.3122165729070714
0.0860000375374315,0.1445951753595403,0.17981262149848098,0.02054638232802613,0.2943412733097658,0.26535283313673536,0.10242983180369425,0.3173296794217785
0.11245436059776878,0.13763898562131804,0.3811010402393176,0.08521088966839527,0.2631764927834215,0.2606444285380273,0.22421749140144334,0.1667506976087128
0.11782146467311529,0.13855143641426407,0.41732851112586866,0.0468922486083701,0.20787316045902565,0.1394216280553642,0.3095665573422674,0.29624640553497267
0.10173110263814944,0.14393591930973654,0.28992834337861173,0.2630073364644409,0.004283316436924929,0.23368895140198928,0.27105097169972736,0.22796942399691744
0.1219034104408912,0.1530730239301841,0.40440443947279087,0.08733565184538457,0.05452277777223585,0.01398318030038755,0.42176813204681135,0.4223902580351806
0.08685936274359904,0.13841449305297276,0.194050219389379,0.31163431743649733,0.12568871126737624,0.1048048953589121,0.1971724915461224,0.2606995843910918
0.08953004981622113,0.13513696282853643,0.21851941318001392,0.2561041124390518,0.2195656720197745,0.11664816379884264,0.17357885196563405,0.23410319977669702
0.041935596333705256,0.15397113468016543,-0.11732331325490841,0.3075121714872177,0.135818313265315,0.10638196666834863,9.887366453256172e-05,0.45018867491458614
0.125429543738474,0.13896199307520754,0.47084488564483185,0.06895523333564145,0.15134477445958922,0.18488432030540972,0.3478136346871827,0.24700203721217692
0.1008094685023852,0.14471933848038218,0.2819904301035569,0.39911427008186295,0.032913945355620394,0.0733182272300898,0.29531660802823567,0.19933694930419119
0.13105948021727754,0.1541917952588437,0.4608512411311452,0.14276724890487916,0.0323495002205472,0.43229744992151503,0.33388970452073574,0.058696096432322854
0.09889865387841454,0.14128845645690405,0.2753137436268861,0.022901263264642386,0.3432313600147048,0.23982600070712326,0.14697717918422193,0.24706419682930747
0.10529400753489171,0.14302858441813152,0.31667801033728094,0.3080678137434208,0.3176929157118244,0.19464819464386734,0.17509913483583017,0.0044919410650572505
0.1003449104315427,0.13568313870263246,0.29734652969639735,0.2597177364983679,0.16910965770612285,0.05694487675444936,0.25776858724109347,0.25645914179996643
0.0735468755893639,0.14206922960846155,0.09535404412833574,0.2505557152834247,0.2213944331749402,0.25273411159902615,0.06197786528910842,0.21333787465350051
0.12796489237461728,0.14271166426505782,0.4762392249058658,0.3389945318416104,0.09512129548971944,0.040545131294514446,0.4034104233862971,0.12192861798785846
0.0954824891236139,0.15598707875773832,0.2274706944074601,0.5440932190544623,0.002578456815208566,0.013135334567763089,0.29105501141257156,0.14913797814999452
0.07299126816464485,0.14131921150033014,0.09192853559485438,0.36624158360393616,0.30026207360946844,0.041137754214612916,0.0863405049996653,0.20601808357231732
0.08018599623908175,0.14387589788168276,0.1403014440659257,0.09413539318050758,0.40180242045830894,0.21102412511785892,0.04738713869389946,0.24565092254942497
0.11905335157643653,0.1508262671704053,0.39153227540742197,0.040489033349693775,0.05747084318688752,0.10680058062088955,0.3831147378349936,0.4121248050075354
0.08764097895459307,0.1383448444987193,0.1997976798828159,0.3055923929890409,0.12355885178389654,0.10076463667952551,0.20310587812328207,0.26697824042425494
0.08870616900776754,0.14505839201738394,0.19789388678958586,0.36780452916982675,0.048715149349716685,0.018250772226575864,0.25709103759647445,0.3081385116574062
0.08410245382232386,0.13913765116850801,0.1732274019282793,0.2168097241364036,0.17380245403702302,0.2443908566223669,0.1309044266998008,0.23409253850440576
0.07269714399281907,0.1408987680629684,0.09011536557327919,0.3373268005507323,0.29527312544547674,0.10796502863875257,0.06839012996158984,0.19104491540344856
0.07932073208408214,0.13937584674949785,0.13862324451960142,0.1856356289009721,0.35968634959297474,0.04099081134329957,0.1056162924813922,0.3080709176813613
0.14471187843522468,0.1414931621759985,0.598699450436018,0.05998021716845921,0.20254972914908786,0.24447294268415184,0.39314275322057357,0.09985435777772751
0.09437701455941042,0.14434375629810364,0.23816073130599316,0.289953401965682,0.15078516920593976,0.30896139634144143,0.15763393597960684,0.09266609650732997
0.07299300238791134,0.16067221010573868,0.08086651935241712,0.12053961911564069,0.003182937448100788,0.45227801105843685,0.09107194604071328,0.3329274863371083
0.0990697151484356,0.14029130979426332,0.2784899164868529,0.21337324199905605,0.09982489823041009,0.06344810289340466,0.28052398763499536,0.3428297692421338
0.05861482251102405,0.16556572266315525,-0.008366330099582863,0.04501107784079675,0.06972579715660816,0.43021729064425895,0.01693251168550702,0.4381133226728292
0.1467603809801271,0.14205463505541507,0.6107536086118002,0.0019025624566286533,0.357888951979996,0.12589244930478888,0.38448281350181673,0.12983322275676992
0.11156214642331475,0.14158356863413807,0.36418171204989874,0.2870981079737704,0.03511688424805055,0.10633005991886602,0.3394768921562602,0.23197805570305272
0.07743877920275596,0.1418001603645969,0.12298137856767818,0.25390860560061773,0.1173139027195682,0.2379959139076019,0.12284207933332424,0.2679394984388879
0.11192413910381975,0.14354584968906992,0.3617251158169391,0.296869473138931,0.10179947943384993,0.27400945243765784,0.2621597506470188,0.06516184434254255
0.08367787356862699,0.1646784996102154,0.14378242226320478,0.35091340805358556,0.04085470325484411,0.470314792837645,0.09811217786640286,0.03980491798752248
0.12344964373666278,0.13818017316724987,0.4591805197686712,0.12330394054134573,0.17774457507857214,0.26339230436799477,0.30015544929972815,0.1354037307123591
0.11625966398242635,0.14097470559375322,0.3990763005708968,0.028353598627358874,0.3513846760798212,0.26510357964450726,0.21009061823514955,0.14506752741316312
0.08959195935062371,0.14066307137759212,0.21037475622288854,0.16642152194336504,0.11218897369553905,0.2507632092404152,0.18016696253914521,0.2904593325815355
0.1093843732518192,0.14573632214513246,0.3388611193484041,0.22676402679590513,0.09940198542728433,0.3550716274925836,0.23246922839196732,0.08629313189225953
0.08635714168885023,0.1414067380411266,0.18639240289373296,0.20746448643038942,0.11902581449866965,0.28096548895740703,0.1508298628752345,0.24171434723829935
0.13775852659054574,0.14952353736007873,0.5200420479839885,0.03910285163362594,0.16209227516888142,0.4024395039502299,0.3309017966410493,0.0654635726062135
0.10963710247831665,0.13953699668742617,0.35572718101069395,0.10047653701998772,0.11930539747926217,0.23525895247648548,0.2738302963214371,0.2711288167028275
0.07449944462405711,0.1404092473471762,0.10326559609144371,0.20844408693369365,0.3314754782800614,0.17868401177164817,0.050644214983053944,0.23075220803154273
0.08835058981426386,0.13566970733965011,0.208967722936764,0.2440945110785198,0.20326064915478886,0.14833292688997785,0.1657896480869492,0.23852226478976438
0.12221622306704467,0.14314162346780449,0.4346480189323715,0.14651886125286392,0.11335662113284657,0.3342750785891263,0.2953492070420435,0.11050023198311952
0.13317180836564715,0.1373612698640203,0.5326960680989845,0.19404346383342264,0.1736665966029824,0.06238088030553229,0.40074677633543343,0.16916228292262928
0.04914418052946616,0.15320022816844248,-0.07086033487233417,0.3646083355669363,0.07887417472274348,0.22820933102113963,0.00998084140162443,0.3183273172875562
0.09369384157432402,0.14542571713427419,0.23169108076815526,0.3763386364962559,0.4052812844726524,0.033506801055651916,0.1367188453898654,0.048154432585574336
0.10891883300894738,0.13559919263371997,0.36076050350157135,0.10927414086829645,0.23731208445302981,0.21414476065618232,0.23152935725382154,0.20773965676866987
0.12684330200044247,0.14132845218567214,0.4729642260047269,0.12877828632189145,0.11532577149207103,0.06464633565836843,0.40047750994628356,0.29077209658138553
0.11317980576707615,0.14551456672228844,0.3654603588145833,0.07067793641711248,0.06715310324771775,0.3308349137464294,0.2814562210526216,0.24987782553611876
0.12106670083020361,0.1449312116120783,0.4213495502518412,0.14809549017593718,0.09535714477393972,0.35651274756984674,0.2901892387724397,0.10984537870783671
0.09752837586760278,0.13946645825301934,0.2690853151194174,0.3368587586531743,0.3016322471569162,0.11807260718155449,0.16953047791828507,0.07390590909006993
0.11110503979969093,0.1399050608463386,0.3652837109003579,0.03807084577455537,0.24777628298083823,0.09170804588063135,0.28113162041716816,0.3413132049468069
0.11470587649084828,0.1415945951597716,0.38635568277955534,0.0264145633215861,0.16307813376224806,0.27650983700171144,0.2719896113744856,0.2620078545399688
0.13368800824172783,0.13832783530636836,0.5327055691902046,0.12929069242235208,0.16813711532775333,0.2204154361825402,0.360811690059293,0.12134506600806143
0.09755961295132722,0.14364678542415243,0.26147200468442944,0.27844534230251655,0.08124538360949711,0.29833180045489793,0.20216978544183176,0.13980768819125666
0.07555574688309323,0.14926868295053072,0.10421306449289552,0.44201938254183243,0.19639051010764152,0.19757425884344598,0.0818292999989818,0.0821865485080981
0.06960740894663538,0.14370776330226412,0.06685379220903938,0.13005244793045373,0.28535889025208766,0.22742181542628315,0.038373475895830185,0.3187933704953451
0.0809784508851639,0.14150218120803498,0.14825531808814738,0.20870914688957437,0.3334721370329997,0.2325928947344122,0.06079575075098115,0.16443007059203252
0.059141041984285186,0.1622346238595361,-0.005294541912696166,0.6045244873099206,0.026348137565709636,0.01389923390299781,0.12062848480717842,0.2345996564141935
0.11013702306148136,0.13468873525784794,0.3722436250180768,0.18478832726875893,0.20969268671974642,0.059378286617112995,0.28968724806557095,0.25645345132881076
0.1274796528936437,0.14560058579405377,0.4634572898565875,0.3161382107476702,0.014665322955327029,0.08336321176225045,0.42052557842035376,0.1653076761143986
0.08992404871611462,0.13955029398128058,0.21443200055263706,0.17714031239423195,0.29530433392547556,0.25725256156200743,0.10867419711937669,0.16162859499890822
0.10274401111583446,0.1374935428429305,0.31088013467413705,0.19531542277816646,0.27382690680509025,0.23958750239591137,0.17602942729864582,0.11524074072218596
0.12451619606950537,0.1364753704395577,0.47273142297919857,0.12433329256389394,0.2995218930861958,0.013366020943575254,0.33649830238626255,0.22628049102007258
0.10672144870693168,0.15142476204786964,0.30854563068199975,0.35564429498798306,0.019839915009427313,0.3161666610974114,0.25311849812644965,0.055230630778728605
0.11640472134204412,0.1434352855440643,0.39324160110321116,0.1260804035403061,0.4038946235544474,0.2495043887416998,0.18754804084745186,0.03297254331609482
0.09677742884127599,0.13642090311240462,0.2695879297249122,0.24003576593650025,0.23624737423427777,0.20639684124105112,0.17151322347037753,0.1458067951177933
0.10533510289571103,0.1453515537696878,0.3118996785376325,0.22237276322147184,0.08748242100044458,0.35280731099547546,0.2206948357521664,0.11664266903044178
0.08325684410519263,0.1373993558998005,0.1692645788103465,0.18820377053306853,0.3372019333961565,0.06764090485324287,0.12256001282898099,0.2843933783885511
0.14355415988869932,0.14101842297135364,0.5925052778789934,0.15244837438532438,0.3829468349948869,0.06303677477538669,0.36853960282322584,0.03302841302117628
0.11467780118360502,0.14627425348172285,0.37380331727645477,0.006064120608161588,0.43255009068496697,0.2799507313388214,0.169426376675344,0.11200868069270602
0.11210042411632949,0.13827146880331181,0.3767980811026259,0.16513141877288479,0.1362525365418918,0.2654364097349815,0.26319272585289893,0.16998690909734304
0.07757480021768437,0.14610133959142643,0.1202918485677985,0.21641262342083176,0.24000041577496295,0.3334994837493298,0.049635307133092985,0.16045216992178238
0.09994574827718035,0.15426431527928583,0.2589435424833092,0.04662263826631287,0.04543869171818008,0.12130025639527132,0.30055949782826136,0.48607891579197443
0.11660202578790702,0.13569993691032442,0.41711165883084933,0.2814649069012838,0.1944916417980819,0.047743919526310775,0.31903231524572084,0.15726721652860268
0.08157873909116722,0.14028330507308476,0.1538225741111898,0.25743938548520817,0.4090951846553961,0.046601232369205624,0.08880532950331266,0.19805886798687763
0.07430928160274936,0.1406098430539,0.10176585999931866,0.24432759641539717,0.19468484192392635,0.2265734561273394,0.08417776571470785,0.25023633981862925
0.15661258237886547,0.1593436986346401,0.6063156761560362,0.05067506784688311,0.0261045618575487,0.42163312097651223,0.45694761660960176,0.04463963270945443
0.0591876197424021,0.17366182224393104,-0.004677943874484975,0.07928630232206219,0.023188891580849497,0.07305127555436375,0.14638543237221674,0.6780880981705077
0.09023239249886292,0.1367230941605367,0.22112133055857286,0.18785894438071363,0.2189951499549486,0.2183162347666212,0.15050812498199587,0.22432154591572062
0.08849102211532422,0.13914755722813577,0.20475402287237074,0.21064990325930938,0.11120890795884142,0.19838250391994208,0.18862388598284552,0.2911347988790616
0.0604557888354667,0.14765496803804407,0.0030868506595000925,0.323708071005001,0.1355343863321133,0.2517152622095249,0.03289517599499698,0.2561471044583639
0.1353582059184903,0.14642554837968447,0.5146520313728647,0.24696157275855402,0.02619120525839143,0.2415287098124505,0.4060269990182011,0.079291513152403
0.10276087335770247,0.1478542040213171,0.28920972278567986,0.31127329727194986,0.026164984515803572,0.3132851214311032,0.23820866930371395,0.11106792747742926
0.11412558936453758,0.13549618988812764,0.39946207645562837,0.13986147320530065,0.2651582774609348,0.21528486091658577,0.24040149679542983,0.13929389162174904
0.1037547437719781,0.13779486372689217,0.31753537532937004,0.2031470006063751,0.41222438058690086,0.08908689719293995,0.1740137042999345,0.1215280173138494
0.08036607089384641,0.1530500794010116,0.13306801913172875,0.39966280389579134,0.39908879165836686,0.15276148814128337,0.042514955939957064,0.005971960364601374
0.10479966594097183,0.14599574601562598,0.3068559678182466,0.16747014283477202,0.16076549258836692,0.3872396482854797,0.18406298414074077,0.10046173215064055
0.06769020891112956,0.14711168563918395,0.05227462983458085,0.36227982795066704,0.199616399685683,0.24356157465477574,0.03888880052490473,0.15565339718396948
0.08684612327502661,0.13658401214252916,0.19655392204332045,0.27654896600992895,0.1726572938788623,0.10089943135692368,0.18324854221267256,0.26664576654161243
0.07714683343613016,0.14803465047792944,0.11582986402691302,0.10418455906093241,0.192069956040105,0.364540837829308,0.06555340271664327,0.27365124435301136
0.08084241746760294,0.13666596974840595,0.1525062713561585,0.2324528796181714,0.2571152555235832,0.1328633650791991,0.118737866988636,0.25883063279041024
0.04791174055029418,0.15733202395089482,-0.07683279694843757,0.11963096670591168,0.23291703467289696,0.1044408078216612,0.00460935802959976,0.5384018327699305
0.11982929890341111,0.13818953926025587,0.4329509977649833,0.18530276103789892,0.41608042761728,0.06023200426473993,0.2521193768784121,0.08626543020166903
0.1254950335613601,0.1374733941862203,0.47641970251088067,0.2828685857539967,0.28058754048061885,0.04031650184137759,0.32654452676897927,0.06968284515502758
0.11842296501728025,0.13693044182094585,0.4266616264458986,0.16215601673222796,0.2607378951012801,0.2334277265209081,0.25304784676547165,0.09063051488011216
0.1542588289457702,0.14795900337966536,0.6370604477775538,0.06075244428894353,0.10838231893231656,0.2880047669218637,0.4564560614981742,0.08640440835870197
0.10599908030129192,0.13615065714650246,0.33785426574765215,0.2689018939584682,0.13188793670449772,0.13907154501831595,0.2697929727175845,0.19034565160113373
0.06676163444971545,0.16146954936406166,0.04187560116657133,0.40275649364670135,0.07733327289132387,0.3918026490121588,0.03185973222812769,0.09624785222168827
0.08589804543483762,0.13645425438334913,0.18979287638830727,0.24967005270500486,0.32530583950890424,0.09614655707490968,0.12449894233939468,0.2043786083717866
0.085420036415262,0.14572873954003554,0.17443392768986685,0.08795424489609016,0.337210805417339,0.3216132926745799,0.06040011959786849,0.19282153741412236
0.05890706236204509,0.1485944492238374,-0.007355171365173566,0.32228546858284424,0.14031041565261224,0.26333739935978695,0.02088587951336885,0.2531808368913877
0.08458781017528798,0.1415503184227181,0.1737036726534256,0.06202560057041117,0.33748066735276355,0.14442539183265207,0.11440030472098221,0.3416680355231909
0.08055144844146919,0.14865031850850774,0.1382536455197233,0.024906247145868452,0.19699330391383255,0.18377862528522923,0.14145870382472034,0.4528631198303493
0.08209036010404758,0.14556237291485413,0.15175872487987818,0.2538887856715256,0.02161241294521843,0.2416357275051948,0.17827976375850862,0.3045833101195525
0.10514268393157598,0.13536507799580977,0.3334884048378665,0.13410829300579283,0.24604877463652314,0.21459139028109706,0.20979420645942337,0.1954573356171636
0.14051446272291576,0.1383281525573977,0.582054059382505,0.07812669648351327,0.2871238162297106,0.17148024693745723,0.36417789763744346,0.0990913427118755
0.10349493648953192,0.13402217809265565,0.32453536503086744,0.17129950722071588,0.23602464471055162,0.16646079715083512,0.218601195744438,0.2076138551734595
0.12048171186398196,0.13456913871901807,0.44944712019201133,0.1913025859542995,0.31879926109054185,0.08300951912350071,0.2844833280862442,0.12240530574541371
0.06830646071606138,0.1412855887558805,0.058791988547491916,0.25206989762948306,0.17897141794338242,0.13937462435234274,0.09110165740315629,0.33848240267163543
0.12445209210193707,0.15590919995584848,0.4133950537889303,0.03141286516243966,0.019081799550741324,0.09516982087198689,0.4253792585718588,0.42895625584297326
0.13235015342243722,0.13763464855840682,0.5256681669931,0.22869001231291597,0.30731879850856986,0.07471192356435856,0.3394211402014706,0.04985812541268508
0.13796819032759808,0.14698090955550083,0.5304647424171562,0.052285229554615606,0.058017257556852275,0.2963270137864753,0.40379085124143127,0.1895796478606255
0.08146019048184909,0.13959983496330644,0.1537264745870929,0.3611445938527374,0.16043473569962832,0.05556181991065632,0.17208514415069628,0.2507737063862818
0.07418202775381379,0.1412513310303245,0.10040279019225047,0.2974506034702159,0.16397101351256393,0.212164430336865,0.0955532114350352,0.23086074124531994
0.09613792651937207,0.1515448129909317,0.23846363201843493,0.36037811469044745,0.01792934790537049,0.32403178780518777,0.20551731670875148,0.09214343289024265
0.07432752285349492,0.14664434312969615,0.09770252672360694,0.4348543297834796,0.2201183124097133,0.15105089161107974,0.08265355534959377,0.11132291084613363
0.08665083254944381,0.14974375611169657,0.17797625250941662,0.30691533453191894,0.2264178069881745,0.3365424834727288,0.08548328873479463,0.04464108627238309
0.12747751611492783,0.1478023985960978,0.4565387081391339,0.0024198964011257966,0.20188373940491447,0.39684386949935385,0.27626043459411737,0.12259206010048854
0.11561131067609179,0.13724112790851173,0.4052087848852688,0.314130487859221,0.28004834706383225,0.005522411177572586,0.2926364481484585,0.10766230575091572
0.11635843478842926,0.14026224565862028,0.40180758923251686,0.09604677313131006,0.14523848216731566,0.3006917645017462,0.2726414699853368,0.18538151021429125
0.12439760046063372,0.1424270714452133,0.4521443838393126,0.057438896517514874,0.2542220530756764,0.3302251042752672,0.25941194599616524,0.09870200013537618
0.10864997795124623,0.14024533891927837,0.3468919418366404,0.13942072167506223,0.12396251080882073,0.07784897180542205,0.3139872930966965,0.3447805026139986
0.08021246728281199,0.1367317078331138,0.1478257501726086,0.26228084619594544,0.25287918596165937,0.10867914825806481,0.12279790684543493,0.2533629127388955
0.10582079165856824,0.14215394912826576,0.3223321753602783,0.26946838360211556,0.16395940488984034,0.2886605788331863,0.2098113410691995,0.06810029160565828
0.06158781835667995,0.1430909555994616,0.011096566865655404,0.30670909340157215,0.31519667373895716,0.08119052745759082,0.023931203006529764,0.2729725023953501
0.07329777250155736,0.14701612295100686,0.09045111675260849,0.12529303468910877,0.23304045126151932,0.0379887135869825,0.13402442726846225,0.4696533731939272
0.07372497720450648,0.15719173471331546,0.08731360608455617,0.5170287046967258,0.1331045148006829,0.21590983014811482,0.0862822258983586,0.04767472445611795
0.09391615686183405,0.13554009680596657,0.2502296933606811,0.26141166252363013,0.1727321009454765,0.14282845162197724,0.20168911564017417,0.22133866926874185
0.10581720564595522,0.1461013751090865,0.3135987297295856,0.39530758438798935,0.008104685825617939,0.0915398873349856,0.32091768148805266,0.18413016096335455
0.06923618233944755,0.14380325429722715,0.06422790905939632,0.2677181261187155,0.18131711944544662,0.26065140296300027,0.05489244468711318,0.2354209067857245
0.09751489428412555,0.13711901021342546,0.2735936776799489,0.11568631529301222,0.356241745701033,0.0567676693319878,0.18588150761492794,0.285422762059039
0.09193659330063332,0.14281914972525409,0.2236156241097276,0.14834494448967087,0.1604971934981746,0.338202793972237,0.14583014099619285,0.20712492704372457
0.12679489240685524,0.1508647984184311,0.4427467050437853,0.027754035106725132,0.4285822068570975,0.32983848017653766,0.20559695421402147,0.008228323645618206
0.12669086098700683,0.1517352403381868,0.4395212400123171,0.41943114409617027,0.008973072938945283,0.0008532360356644218,0.4367492688546557,0.13399327807456443
0.11802219869493348,0.14107276073965297,0.41129271441715326,0.14091828453162542,0.4797492517137386,0.039434114509803116,0.23015862233140266,0.10973972691343024
0.09505968006271981,0.1462068017205322,0.2397951370944755,0.2514243553718738,0.28678154798557914,0.3125103443807453,0.11060661468689925,0.03867713757490236
0.09886432672497603,0.15580619036192866,0.2494401964048827,0.04087143688660308,0.2213601501706185,0.4913093973008815,0.11309716436005889,0.13336185128183806
0.10445379455687573,0.14008821097381696,0.3173271629914977,0.03490486868176176,0.20951136743270563,0.23521811033615173,0.22243726681094686,0.297928386738434
0.106110093780878,0.1398020555682244,0.32982414738799,0.2225349729798338,0.06151275647693209,0.13239996378498242,0.3030551126636836,0.2804971940945681
0.11338727190359033,0.13465463587473592,0.3964755580584279,0.16000336976056206,0.2057927765315617,0.19206041961305356,0.2655633164281101,0.17658011766671267
0.11522761888826982,0.14015653986801987,0.39404239673921454,0.26010449489780885,0.08308468570886203,0.22655796402337305,0.30139267397804514,0.12886018139191105
0.11246323739994041,0.13962679544581658,0.37573903513598317,0.34244571574046134,0.3185722719020842,0.02616401172571096,0.2555948646335344,0.0572231359982092
0.06494783965426935,0.14369054518231916,0.03443399597371824,0.3713778796841998,0.3115195134796601,0.0421256952491501,0.04674361889204014,0.22823329269494977
0.11509150676569112,0.1511180242627677,0.3645594695567001,0.2445401391815827,0.024749642132010297,0.38404536770268954,0.27499759853420863,0.07166725244950878
0.11394545588634597,0.13771972888880013,0.3917046331822471,0.2283044800438472,0.2605197811586451,0.21540016487607425,0.23414131836267082,0.06163425555876269
0.11959567451519264,0.14258611869718354,0.4179626674722707,0.09082714673663714,0.07185851748206723,0.26364059096843845,0.3266518939917213,0.247021850821136
0.0996400612488781,0.14256805741900871,0.2780430761736174,0.36591952429444907,0.26514042080631395,0.16092759483664928,0.1767445963994133,0.03126786366317443
0.11422267616713207,0.13860167497078238,0.39121227199139086,0.013825892125368727,0.3056715833735538,0.19269583693597972,0.2427065064515233,0.24510018111357446
0.08705892969722909,0.139531811936688,0.19392659868494339,0.11399953236426551,0.19558851594976007,0.1934791807580178,0.15964088954042388,0.3372918813875328
0.10503052304367475,0.13752507839102962,0.3274349927337468,0.12170647239134542,0.16283977678956554,0.24157644208355952,0.23367608595373654,0.24020122278179304
0.06875663834178561,0.15639018194592358,0.055992251130019606,0.15392601146423382,0.019943019450945725,0.14883047261988824,0.15888709704947332,0.5184133994154588
0.05599035603396223,0.151807222069725,-0.02641273525311031,0.39290343279165557,0.04944493727340336,0.08192731687079353,0.09421081058817456,0.3815135024759729
0.0838385379757179,0.14551983696206638,0.16381641481588555,0.24134316644490597,0.2821120840711497,0.3086916971550627,0.06619402795921867,0.10165902436966283
0.10007854199498906,0.14311233612003155,0.2800495266975048,0.08500823792304199,0.12690297565626582,0.3235400176246237,0.2034317571901204,0.26111701160594797
0.0932634596654006,0.1477728036675132,0.22509865712667224,0.266385842392324,0.01568463138577912,0.03489103743499848,0.29236779392486695,0.39067069486203154
0.09306756797992595,0.14057769069366613,0.23522628531424472,0.07409292342245784,0.24840133629735336,0.2789413919394547,0.14172950148982144,0.2568348468509127
0.12760688780350107,0.13750919631309338,0.4916535738422003,0.12690574957153236,0.2130698356231394,0.23997136384447396,0.311564008841448,0.1084890421194063
0.09936089143842652,0.14361610037816364,0.2740701866627986,0.1718991157264906,0.06926305881226175,0.08534427711486749,0.2899809299437453,0.38351261840263495
0.10979038432069303,0.13702001327289254,0.36338037875919077,0.24582135028353466,0.11203509883996858,0.17760431948064478,0.2834769914919658,0.18106223990388617
0.1010459259808504,0.13947539155100275,0.29428794229870225,0.10109872488334574,0.318552039646637,0.0033954732745632276,0.23339212571294293,0.3435616364825112
0.1147249457149109,0.13698108489604005,0.3995073170609188,0.10087101429367039,0.2285806194073147,0.2534390054798099,0.24818176320676577,0.16892759761243936
0.10545895890278252,0.14573451472933044,0.31192994320674455,0.14653082516149024,0.3534230345783583,0.32066581204637734,0.1358245107724801,0.04355581744129407
0.072754304817671,0.16347344708588604,0.07802065133532128,0.0631251852923303,0.08287692521122755,0.5123937352017016,0.04541562312955638,0.29618853116518407
0.11246335298520808,0.1419311546250522,0.3696394433188653,0.2687934873626413,0.10504368227362573,0.2724008512959864,0.266033940805239,0.08772803826250754
0.07699226507772597,0.13893252228783748,0.12230588488505055,0.2796983012901233,0.28697240723729095,0.1525299186641272,0.08075255318335567,0.20004681962510285
0.1026958798677266,0.13594165983310572,0.3140750224776123,0.3239912213747259,0.22490856178834587,0.06080477303074138,0.2400779563864213,0.15021748741976568
0.10611883193510022,0.13385167260232497,0.3445517791333087,0.17518060440750374,0.21739225867629855,0.15250109323443295,0.24106046109891752,0.21386558258284727
0.12984420436581198,0.1469248697929726,0.4753736005635217,0.22996095450550635,0.056377764414788305,0.3125410304037374,0.34991232382255816,0.051207926853409705
0.12421098719000175,0.1440665471011698,0.4457036590521601,0.2065171099403622,0.10950522511261403,0.31914962390200813,0.3052361996785148,0.05959184136650087
0.0909392804387268,0.14690485837666248,0.21060760536182419,0.3321428823603492,0.06853711061090335,0.3019334967607512,0.17306505601652408,0.12432145425147212
0.13325895671515034,0.1492841165197339,0.49073510580387986,0.0953099356811762,0.10095663808465632,0.3986668360961787,0.33153266759220046,0.07353392254578829
0.1507138733975763,0.15815175968064984,0.5735875059547334,0.06632840881944208,0.04255844207551154,0.4377448204541758,0.41897872591969604,0.03438960273117442
0.10982471651296632,0.14376525479078517,0.34656994546751857,0.1776355554833778,0.026846866409392114,0.2865357065640506,0.2876046993461478,0.22137717219703168
0.09839532531140027,0.13954065828410503,0.27515511094427636,0.26908861940408163,0.23575403528463945,0.24071795327969603,0.1655190376659589,0.08892035436562395
0.09055713376148368,0.1469041268384676,0.20800732027823565,0.13571802746344508,0.20388944901535572,0.39163685305095053,0.1075881527770176,0.1611675176932311
0.11328947062936497,0.13937692658978645,0.38234069248926905,0.1580741970039684,0.07870601905477516,0.19879759836381966,0.31177635429714695,0.2526458312802898
0.06714936231720033,0.14142680312679914,0.05055167874218593,0.23645814417352812,0.20675830745018003,0.1731312264946507,0.06619565167786777,0.31745667020377333
0.08245321501136864,0.1555684803242263,0.14433010443100702,0.1517896139899517,0.055765519559331095,0.45806045651224514,0.10725453838027901,0.2271298715581932
0.05245671781461714,0.1678362388652236,-0.04494429949327148,0.026947687408331603,0.13058771198868793,0.16501499497153327,0.05183775257888049,0.6256118530525667
0.07819306459221918,0.1489554010031864,0.12213766315079777,0.3190258022911324,0.1422892924303763,0.33334511763090646,0.08131711849804467,0.12402266914954009
0.1064098493185861,0.1374791564349984,0.3375773500656383,0.058741117411902556,0.24182743615965466,0.16362014684676912,0.23899209052256687,0.2968192090591069
0.08997293777434215,0.14391998156409158,0.20826112850073125,0.19723169811851407,0.22684243453133338,0.33802453395773624,0.10808985821553858,0.12981147517687766
0.08791587957996165,0.13611732265219043,0.20508689883133274,0.3052073521686866,0.2599610760944792,0.07592211208231599,0.1599587387193679,0.19895072093515026
0.11337045519091657,0.1440332164580288,0.3705426880227221,0.15163586967819964,0.06445758374256208,0.3342397650917094,0.275626297865107,0.17404048362242186
0.08043587678201689,0.1385699933829616,0.1474769268808355,0.27130900845264466,0.35796915562847087,0.054326406018281405,0.09988583568697781,0.21650959421362528
0.09067991580687429,0.15225007379140432,0.20151002257580783,0.3034115405992872,0.01376722264763807,0.3736653160376492,0.17274358150786578,0.13641233920755966
0.13083695858085864,0.14421869861035413,0.49117735261392054,0.11139889681098776,0.0663530008879362,0.30124051428679693,0.36359138559030746,0.1574162024239717
0.10039569676186841,0.1356532586493788,0.29778640899647413,0.28292974811425214,0.24472048236256572,0.14290289477821935,0.20022880449057617,0.1292180702543866
0.05235806162158055,0.15709232146951252,-0.048646161104077566,0.2559496314597421,0.02659086472679534,0.3189563517164395,0.024198821973399707,0.37430433012362335
0.08619752187977044,0.1401060158611433,0.1869835618317372,0.3348460560780246,0.09622969901322571,0.13137476104063092,0.1953639394900871,0.24218554437803172
0.0913397169075455,0.1533548040223954,0.2043608422137774,0.23255349738585637,0.47949549247239875,0.24099719118230564,0.04490828889845392,0.002045530060985312
0.10279518452033484,0.14401885507578396,0.29714987317331226,0.036196695359906196,0.28350526265019665,0.34404619229863903,0.15278896496389097,0.1834628847273672
0.10193962549139207,0.1417944848467462,0.29577755112775445,0.06151977898633883,0.230846099378171,0.06060094352494122,0.25605883141677793,0.39097434669377085
0.1256369221069133,0.14483449140316615,0.4531857119876519,0.13312731351991539,0.5201076827769613,0.015987929302669256,0.25543848793822005,0.07533858646223417
0.10682366444828946,0.13809707245812902,0.33906341108343463,0.21792297818186626,0.10729168018346873,0.23080114418593972,0.2581394407334876,0.18584475671523776
0.08519031087840934,0.14173368359509994,0.17772988212436627,0.26920275898492363,0.37671221240218006,0.16423663575710262,0.07885710862466928,0.11099128423112439
0.07070340575449392,0.14275432703723412,0.07497780261121047,0.3443530034365502,0.23049843767808822,0.1834710356954733,0.06033700794928639,0.18134051524060174
0.08023753924558909,0.14753895128838626,0.13716743320231337,0.102905786722165,0.3485089069309267,0.3266734018578896,0.03100289046267534,0.19090901402634347
0.11206418857529613,0.1437988949989237,0.3620625080303003,0.09478482561605733,0.173001515267485,0.36929039185811924,0.2221662638780675,0.14075700338027108
0.11528401108434584,0.1405009077665391,0.39347796368837396,0.08967349093325484,0.3452233980716343,0.2693883975825991,0.2019019487763239,0.09381276463618778
0.09770056069708427,0.13726021646610467,0.27466487863505684,0.12215263107834283,0.3507813668735383,0.1900704366236679,0.14643830198156216,0.1905572634428888
0.0924506869814469,0.13769655068647585,0.235668118189355,0.30573221844145143,0.1334836892730551,0.07013738763538828,0.22957183033118525,0.26107487431891985
0.06177395430955955,0.1427318740604374,0.01242857855848233,0.23760567945545516,0.2940367156509924,0.12374189900707051,0.025121789044807476,0.31949391684167444
0.11294575206262233,0.13864806514890263,0.3818715537484108,0.17566686063659628,0.2516843405591414,0.26906794263985645,0.2206935981455417,0.08288725801886407
0.1046065154108844,0.14018652065901888,0.318194040348448,0.2782019632075086,0.29610995843624055,0.20372152483190278,0.17999063091521195,0.04197592260913612
0.1280573821505978,0.14332215122384478,0.47485599099265385,0.03396594911047322,0.13738432400347683,0.1257650475389008,0.38583925444258627,0.3170454249045629
0.1268451195546395,0.13620227118645895,0.4907783032716797,0.24455795167921998,0.19183254389976945,0.06202387271717412,0.36260122755795654,0.13898440414587998
0.1494837155000289,0.15010894272672312,0.5961251466738802,0.04505964156416817,0.20809236269406597,0.36831251103318885,0.37391432536397523,0.004621159344601869
0.09913080430397554,0.14095008750972207,0.27762170989270574,0.30473555724471746,0.09334456900294714,0.01339988950797972,0.29149619863981885,0.2970237856045368
0.09948457404587273,0.13688209201443005,0.2884568278055707,0.16289575916689814,0.15694053220208795,0.22215186121743857,0.21482692844994358,0.24318491896363179
0.07261874828109002,0.14430515685207357,0.08744488801620191,0.15871553645758915,0.27784954610368456,0.2860329420778588,0.033464542220138144,0.24393743314072927
0.06554213586693045,0.14643140575103564,0.0378480001506866,0.24229253310722904,0.18787564658833902,0.29719133279194676,0.027129717465663703,0.24551077004682145
0.11532154592857101,0.13992622138910127,0.39536225147347515,0.3025200054153746,0.07414982001281469,0.14811444481567618,0.3263461254729656,0.14886960428316892
0.10018396774837145,0.13726634221276507,0.2927445075070598,0.1302661818993197,0.16013451539766332,0.1888204247991829,0.22972805567737284,0.2910508222264612
0.08731408919193492,0.13701243535879964,0.19935481856377846,0.16148034833475666,0.29198509645006065,0.19063255434219237,0.12089733255413716,0.23500466831885325
0.07605497036247603,0.14303154605793367,0.11224775795944422,0.4015079352115146,0.312183564702162,0.03167152866606064,0.09503581919442615,0.15960115222583643
0.13774108863902862,0.13827254343968315,0.562230842834974,0.14163720034040503,0.33748335178919403,0.009195391410828676,0.3787082592506713,0.13297579720890085
0.1518375160941623,0.14099011409229648,0.6513755711555963,0.15319575501663518,0.26086401864789266,0.10669856291419687,0.437057105257379,0.042184558163896296
0.09132947252455023,0.13900436287598758,0.225384814378098,0.16943450698352427,0.32386848726550077,0.234809514243013,0.11145966085839464,0.16042783064956723
0.07879266540680473,0.13949461234060423,0.13471965039709669,0.18056824770612012,0.24867890827885036,0.2282068427629211,0.08749537832283728,0.25505062292927116
0.11401530999125166,0.18582939390837985,0.29067150710227807,0.0031426128759619453,0.024775452933991197,0.7387333442347133,0.17885711491574627,0.05449147503958734
0.12306754799189633,0.1413491927788794,0.44618258337390365,0.10512948691163503,0.18889333549972728,0.3238654066103913,0.27677253570420707,0.10533923527403925
0.08006887308401053,0.13990619776219476,0.14344520403679725,0.14176845286380935,0.26090930083132746,0.2295831039772624,0.09104074350066649,0.2766983988269342
0.05192205852328701,0.1563458675067901,-0.05166712498085158,0.41622483321951464,0.03668109559238108,0.020652470653478614,0.09891836369161516,0.42752323684301047
0.14776730670352342,0.14065992591761275,0.6239680998760829,0.08948327564535842,0.24910078987464643,0.045418906214883245,0.4484836815133169,0.1675133467517951
0.1055701444607117,0.1464820541145483,0.31109711518023947,0.3867802656840567,0.40242963473909077,0.0026102369354154345,0.19767866327495903,0.010501199366478083
0.06358284993282479,0.1473832242414799,0.024309754052838955,0.4552956571804122,0.2597453314474105,0.03755029728268472,0.055253565709192216,0.1921551483803003
0.0945983993450124,0.14790131747177715,0.2339289462490051,0.32305651294565646,0.23807772147675949,0.29810650112659504,0.1259114029352878,0.014847861515701184
0.0917180748480695,0.1643825720124376,0.19295278361789855,0.4203431500976276,0.007408825126402892,0.4088388281610843,0.15905596264815888,0.004353233966726128
0.0861640062731363,0.14874028625590385,0.1759039661125958,0.23145436189118912,0.3293157496298224,0.3243066679367547,0.0540509066984898,0.060872313843743746
0.06927890459519946,0.14290269307163783,0.06493162861911848,0.18347837972447367,0.2067614693186861,0.2398901246785176,0.05873835721862228,0.3111316690597003
0.08157102664581442,0.1371993217350353,0.1572240035375192,0.18691279072927863,0.24786938007304665,0.15803818072402606,0.12122887540591211,0.2859507730677366
0.10305769600833167,0.137435515067766,0.31329380900636206,0.16051521422389256,0.2390333113042652,0.2628625934231528,0.18622352324691197,0.15136535780177737
0.10608578909388389,0.15048080994965757,0.3062569181366156,0.005124215674213644,0.05841013348903801,0.29314971659769856,0.2714861286649614,0.37182980557408835
0.09082927769912813,0.1493719137099402,0.20639273430609162,0.24856787268110517,0.29350786264732454,0.3428018535116007,0.08059102637643785,0.03453138478353173
0.0934196538585241,0.13560506958441426,0.24644841052730956,0.21617808864561738,0.17235844223819394,0.1424661110437823,0.2035064077326522,0.2654909503397542
0.11663057876442301,0.13878253642491092,0.4080526284015807,0.1300765270044107,0.19498708449765,0.29001500955595433,0.2553594789195513,0.12956190002243367
0.1193730561419238,0.13993509688711042,0.42428995629182087,0.22370828368837953,0.061441286638641165,0.19449384380460752,0.3405080414675209,0.17984854440085088
0.10472400780584132,0.14905246267183622,0.30005547713967434,0.3138889716795522,0.13783167365724766,0.33798343163077754,0.19599318117039555,0.014302741862026968
0.13126125270673022,0.14065066414390778,0.5066542212258504,0.29479362286261745,0.13794907200582457,0.016319059771342657,0.4124079102449431,0.13853033511527219
0.12392516933375429,0.1395681030977971,0.4580213380772334,0.304645527146744,0.11023081649762802,0.07432146378728452,0.3724884250592587,0.13831376750908464
0.11127179611956883,0.134508576075621,0.38117864016896386,0.17892946651295508,0.18148982453122048,0.16675954128498388,0.27215247011045224,0.20066869756038822
0.09245068000959383,0.13700550572596193,0.2368567586948046,0.1372325032088768,0.2931309000830201,0.06154491862518676,0.18499100104719005,0.32310067703572626
0.1006583911141625,0.134706223368381,0.3018300869661681,0.16119386546915962,0.2105705173899948,0.1684527964866176,0.2163446543309272,0.24343816632330073
0.13420458399993992,0.14203734315785568,0.5224301042963847,0.14707788384316123,0.09143058351331772,0.2608232624133424,0.3782346001527089,0.12243367007746984
0.12525835952147646,0.1487057595436578,0.4388421788217125,0.0017003024056351775,0.14216760932794587,0.4016515344672529,0.28810657722813343,0.16637397657103262
0.05807618180166014,0.15381654823431085,-0.01250722513555096,0.11121580052755169,0.2056475267275878,0.09808501052819746,0.061393325448718984,0.5236583367679442
0.07313979135441354,0.14988083171095706,0.08766825753778461,0.496917595769958,0.0817434221371272,0.027157028701196104,0.1642350858923844,0.2299468674993342
0.11902630209541451,0.14071305707188297,0.41947992122195915,0.09335706937924376,0.13738880514182641,0.0915564350669189,0.35290624696758904,0.3247914434444219
0.12631745823987942,0.14267554886058853,0.4648130585057688,0.20652979395499632,0.12594981231349273,0.29568247912799467,0.31535849756325024,0.056479417040266024
0.10191517117636074,0.13660887066326646,0.30682613049103813,0.12001968272383112,0.28288113539668375,0.049108715561093454,0.23488533215177698,0.3131051341666146
0.13420739333325013,0.14005024969024496,0.5298626278594843,0.20391536833585058,0.12924872917211885,0.21187250698690108,0.3744955894291522,0.08046780607597717
0.12144838560003718,0.15158750826986073,0.40536576068421737,0.4606907934936737,0.03053069650602254,0.046725657971833055,0.3882254251128976,0.07382742691557309
0.14873927250493366,0.14964219248055588,0.593009705577952,0.013425296564537819,0.10303999009227635,0.3393448530522947,0.42254666397849355,0.1216431963123975
0.08324629164924924,0.14249483471079366,0.16313778458306732,0.2641391361315751,0.07212638950880214,0.2424778547098941,0.16283297759821808,0.2584236420515105
0.12307768525201795,0.14195657520164673,0.4443449355017001,0.3444184293882144,0.3246073591719019,0.0014820483690509137,0.3064776493319301,0.023014513738902665
0.0669630765681183,0.15824547866239494,0.044001741010076575,0.5234167034741706,0.15477970337536645,0.20981493921708816,0.05032804058260848,0.06166061335076641
0.09840645723733026,0.13425495456852896,0.28607106054865267,0.19330051842547946,0.2511761685938602,0.16244861832502316,0.190403819102291,0.20267087555334623
0.11683485186730466,0.14424044328596322,0.394028544093053,0.2913586330572229,0.05014203836915989,0.0020761433498364666,0.38873343519017284,0.26768975003360784
0.18445787645051076,0.15849730760724062,0.7852365338528007,0.04383970530631586,0.12629580798812037,0.08758334818416408,0.6436049866346834,0.0986761518867163
0.07630436811467538,0.14352157197478338,0.11360221247813565,0.25699001246175807,0.28349807914435154,0.2597819427836711,0.0473478787138643,0.1523820868963548
0.11179875163632558,0.14203543361327017,0.36468893936256547,0.02712744558975935,0.20935136462917384,0.09978884474825217,0.2971631986014565,0.366569146431358
0.12922919236450317,0.1369870832756802,0.5053702196518967,0.22036231572192938,0.17982678564170926,0.16040312711433444,0.3485627224486375,0.09084504907338962
0.08383687482168253,0.1376126966087637,0.1732171188349819,0.2740906485559112,0.2827753142081452,0.15649132646455854,0.11098512482009788,0.17565758595128714
0.07731340772147613,0.15649885457065635,0.11062961303438452,0.09894596358141924,0.04875442432780239,0.11846605539657602,0.1986532086291567,0.5351803480650457
0.09949161589296958,0.14073267479246537,0.280614405653888,0.2158591375233675,0.05990266864400821,0.23772765946953495,0.2427472668813694,0.24376326748171995
0.09365561630356128,0.13846442229984735,0.2430632775160063,0.3487560575913383,0.15149454677046495,0.030265140988382944,0.2368526799985332,0.2326315746512806
0.09322892645099377,0.14161443303469456,0.23464364287539052,0.29459551100895726,0.3452033622224238,0.1761236816292901,0.11964524385482228,0.06443220128450647
0.13206362417557088,0.14078775603076144,0.5118600239627751,0.002000804333494877,0.21222376251875794,0.231567650480357,0.34387515129968094,0.21033263136770916
0.06613476260521056,0.14411850159160913,0.04256748812581148,0.2704622505436121,0.1853559600285388,0.2479946312749785,0.043765855104550416,0.2524213030483203
0.14533502174012491,0.1485084417023889,0.5746139462639869,0.3386120716317071,0.08537878171397154,0.09517413381027648,0.46467770078578896,0.01615731205825585
0.1224676468074711,0.13904355478758568,0.4492667560384356,0.17512997880049352,0.11869140197163437,0.25181880775902127,0.3179095525140057,0.13645025895484514
0.118659036775965,0.13622132494672204,0.43061566754623276,0.12097989533660357,0.27826594042463926,0.22215430683032913,0.2542589157537013,0.12434094165472667
0.08442957479394596,0.150059059661887,0.16279973264520425,0.1343774184290574,0.23644073289753378,0.4110908398131814,0.06282131651666499,0.15526969234356242
0.06878936636514985,0.15693290812402347,0.056007159175331445,0.02324337861673817,0.21548253763343195,0.4123997679002646,0.012292406483456371,0.3365819093661088
0.09945854659796696,0.13969174110137145,0.2824687149495309,0.24536533486558793,0.062342242649591824,0.18251442137299284,0.25657615334361117,0.25320184776821614
0.11436459611788513,0.14655795303116548,0.37094265438003576,0.12291351692798962,0.05249259339964117,0.07758051690721117,0.3673007679864117,0.37971260477874635
0.10098528963632586,0.13629956585507316,0.30070007471561117,0.30039051927947,0.14973195931218047,0.07564019217893542,0.25874468386520233,0.21549264536421184
0.08878545800256288,0.14083512081084687,0.2043911904703381,0.36192291474668553,0.21916965164356028,0.16816098125173004,0.14573496940677952,0.10501148295124468
0.06706871973729481,0.1527993664302699,0.04626144664363268,0.2856205739158168,0.10192245988828087,0.37279717582544686,0.03930473463075626,0.2003550557396992
0.101374514325482,0.13820744780231994,0.29936530182266696,0.24576572226840995,0.10711339964564794,0.21991999590666683,0.23593000830160946,0.19127087387766584
0.10016615013417651,0.14351832937065837,0.27986773752390326,0.27083015153078616,0.006056718479452944,0.20866786334813786,0.27085526632643286,0.24359000031519024
0.10951595867120163,0.14069271019692225,0.351944024689666,0.08476598278614011,0.16500566019913046,0.08706781416896765,0.3035897147654005,0.3595708280803612
0.08795591994077889,0.1399960158460452,0.19969082528407275,0.11232373883202075,0.191120809633995,0.244759387767223,0.149260103147671,0.3025359606190902
0.06977504994664538,0.14996373453765963,0.06518275886354792,0.34288295164512594,0.02873788400610744,0.27603304226093683,0.10458055379201654,0.24776556829581314
0.08626063687060855,0.14214306346869257,0.18474793092096634,0.345898325802222,0.3177654385858219,0.14622555813513,0.1053771276325624,0.08473354984426375
0.05610910312577496,0.15762877370979886,-0.024683925292652092,0.3500573941847981,0.07510309684956779,0.36107494636557846,0.0008766898192759395,0.21288787278077967
0.11153645037324654,0.14724947726540197,0.34999411427693844,0.09315722097005594,0.41137756928799196,0.30803685101699857,0.14810211585145822,0.039326242873495315
0.11275318354949279,0.1387679197973284,0.38015402714502905,0.1901517158502419,0.07853605683840771,0.19737399614720183,0.3073633943840656,0.22657483678008292
0.11341369844887336,0.1379051212938743,0.3873220801934495,0.1786975475943349,0.15254426058965517,0.26144386582307494,0.2627512891795822,0.14456303681335278
0.11601374468462845,0.13452801289526434,0.4163723486218256,0.14641262078257747,0.22007277235144565,0.08933306733166509,0.3047128309777962,0.2394687085565155
0.13306847762615173,0.14397575641408036,0.5075054262330367,0.04622855560463508,0.08845042765568185,0.21464269116942353,0.39720975042996143,0.253468575140298
0.08623302683439571,0.13897935298899025,0.18875484933703682,0.25256211595334077,0.1256366406211313,0.21175269129678392,0.16578927656795087,0.24425927556079313
0.08315100893033685,0.14749100740059345,0.15696556243227408,0.023778212514297525,0.23192617076701266,0.1391615772000029,0.15335661678879725,0.4517774227298895
0.1341134841855951,0.1401247657353996,0.5289106732606075,0.08000544723433445,0.13630006929344285,0.22329141674789033,0.37793550860730846,0.1824675581170238
0.09305787141680102,0.1369425913341207,0.24139948787842389,0.2796946418730037,0.32199815324559333,0.11656669002327218,0.1476747534167148,0.13406576144141594
0.09866946832916115,0.14341485977139953,0.2696336236760927,0.3426719175492481,0.018246164661023308,0.1268974110859994,0.2795372630189546,0.23264724368477452
0.09740082435042385,0.13387079435047497,0.2793800136309654,0.207141157213923,0.2563562421125963,0.09380907162707205,0.20449533670862588,0.23819819233778286
0.11033615598026106,0.14979807757871308,0.33602671538832907,0.3344631121778696,0.09680514133107125,0.3220818079130835,0.2391007377527389,0.007549200825236819
0.11623385449321008,0.14856625651166086,0.37851027422768996,0.24752186293366543,0.01214392272819058,0.3406885984536284,0.2980779985665691,0.10156761731794654
0.1060795731796726,0.13508090764746067,0.3411257296251876,0.15270888273961797,0.22628943358386525,0.21129559615703583,0.22088893403713689,0.18881715348234412
0.11114777653675137,0.14244006985994434,0.35908278188183246,0.2126976859526734,0.05624959271916302,0.28969342379366864,0.27819487168214396,0.16316442585235097
0.09987152815453879,0.14148001426615184,0.2818173885643846,0.38856573125514454,0.11261725138397775,0.008004097918867251,0.2821561220844397,0.2086567973575707
0.09685331692802178,0.1373201333558827,0.2683751903481749,0.14789404889127164,0.23451209599732242,0.25291817186863663,0.1654402488361588,0.19923543440661043
0.10774416823796942,0.14882654655059857,0.32080411287200833,0.045178298174611005,0.08663634807883015,0.3952459665803961,0.23253456006798007,0.24040482709818264
0.13153388271456296,0.13608850445178747,0.5256423604824426,0.16226758953879908,0.31935127413438713,0.09736078320313371,0.3296359732453826,0.09138437987829756
0.17830483974767872,0.1522441889173699,0.7770729417586397,0.040672458507640875,0.21051690657899863,0.1472917127406431,0.5665004209844693,0.03501850118824814
0.09399189862922606,0.15803826157433332,0.21508651316844543,0.14022469274310967,0.435662926093405,0.38194942896098905,0.03640479452376274,0.005758157678733451
0.09389119803841252,0.13951787031128934,0.24291653795169887,0.35939007226419106,0.23963802539950183,0.13290921627295596,0.1711103784498109,0.09695230761354023
0.07535902764196671,0.14475599387577578,0.10610287858026286,0.1188719214944799,0.22371420098480724,0.3042896845493938,0.06346637721803246,0.2896578157532866
0.05597410220895005,0.16632543227856206,-0.024204944102038283,0.08489545046138686,0.15015110026959533,0.02596331304605794,0.09834335247749881,0.640646783745461
0.10893123422262999,0.1450539041781035,0.33733138380439653,0.1467618034431853,0.024809361475182902,0.3065724051359089,0.2807827969426783,0.24107363300304444
0.08916469403625213,0.14179165301113864,0.20568695982379906,0.2629706790123258,0.062013144643452034,0.23561543816295555,0.1943789417142568,0.24502179646700983
0.08141493434795417,0.1465164751587367,0.14616058927675626,0.3176397202268598,0.13810891905541742,0.30866628772419163,0.10461204258493664,0.13097303040859443
0.11757619271083952,0.13898525670475578,0.4142611531318587,0.04804476934499574,0.4163406860254377,0.12956856997941824,0.23180594039608007,0.17424003425406823
0.10655546579363367,0.1400766858519063,0.33235699081896936,0.28530689953842575,0.09958228965651306,0.23139700743810254,0.25424417272467514,0.12946963064228365
0.12083181194232456,0.1404365743839221,0.4331621745203214,0.12518632044378758,0.24752650613369745,0.30219620911670514,0.2499052606188552,0.0751857036869548
0.11611931974399284,0.1404360264666459,0.39960771574038656,0.309304824510762,0.13495422051190104,0.20064052981865096,0.28950220130255383,0.06559822385613212
0.07662637439336813,0.14588118041600795,0.11397203084013208,0.273666274119312,0.20796372698467813,0.31163074575632355,0.059989663601576135,0.14674958953811026
0.13086031791918382,0.1493421902067369,0.4744829161879218,0.37259746124468796,0.008603882225562558,0.0501966634088985,0.4431592056554112,0.12544278746543983
0.0968863043871139,0.14064882331456321,0.2622581797546726,0.33297068744488156,0.06230134801897526,0.12324812032331331,0.2569680749200483,0.22451176929278158
0.08249119582615656,0.14370242042803386,0.15651229644681003,0.2208011256935418,0.20133853820831812,0.3204705229730786,0.08927019016996449,0.16811962295509686
0.10030874821262838,0.13654675791852106,0.2952010639218622,0.0860263515928721,0.3297904490951391,0.13864975828278905,0.18474616491849122,0.26078727611070857
0.09178825587144802,0.15453171666567594,0.20570700020255922,0.01275763053727887,0.04381339399313272,0.3268823353198672,0.20442737362067429,0.4121192665290469
0.05301813967861205,0.1564203153442209,-0.04463525281881425,0.3166028384325627,0.0036920749736050816,0.28107203600109665,0.04271592704262244,0.3559171235501133
0.07564241922330953,0.14407697315109846,0.1085698767901293,0.3442259462238159,0.18441854737224536,0.23704346652583047,0.08238936778003192,0.1519226720980763
0.07924468805179911,0.1429845908996055,0.13459274129274174,0.34989274438708823,0.06842704597779173,0.10852644358891662,0.18205216781303749,0.2911015982331659
0.09002348598957617,0.13800566075825685,0.2175525686744692,0.1516987489226416,0.3744129654449713,0.03812085171918445,0.1496486672153765,0.28611876669782615
0.08790077194271954,0.14955746830939626,0.1865555244957742,0.18468812571287563,0.5364549162838437,0.13420662991702828,0.045749997163393376,0.09890033092285908
0.07936989900567128,0.14160801096546266,0.1367853334963901,0.2903122787112891,0.17223943768985692,0.24859434360041613,0.1038443724378476,0.18500956756059025
0.12350404337941936,0.14117059421766848,0.4498390315018692,0.16692253656746828,0.31894999205249447,0.2521194394891353,0.24637539837895725,0.0156326335119448
0.08888046165316207,0.14746286294210065,0.1958490502419013,0.22238717349171547,0.18893694765121552,0.37538949436795777,0.10411627310260811,0.10917011138650319
0.12461848210927692,0.1395163663943621,0.4631605866699821,0.1870103132416932,0.11064315394007314,0.05873087453913547,0.38980644526659225,0.2538092130125061
0.10770701950827753,0.14032888131941354,0.3399657936393568,0.3305946561072091,0.31899303963402165,0.10824904913728961,0.2102239487016336,0.031939306419846075
0.07781588159196733,0.14149855314245718,0.1259085778356387,0.36955835662854514,0.1632322940082044,0.15895768815148856,0.122245885726335,0.18600577548542704
0.12953639654272525,0.141930501477948,0.48993271931424304,0.0981519343129359,0.14614142559473087,0.3118705969374308,0.3252462301869934,0.11858981296790908
0.13500647436691984,0.13807116376282438,0.5432450362753828,0.18731828762879252,0.34899229858670927,0.021037046366383684,0.35511297922862667,0.08753938818948798
0.12615463188644443,0.13885984033365315,0.47641299116784047,0.24452181369964512,0.20993125834408374,0.1992605081703396,0.3096833714035056,0.03660304838242583
0.07662601283160647,0.14409498288725528,0.11538231587573886,0.12777443516771772,0.19818267005133042,0.29871355483047335,0.07969354262651972,0.29563579732395867
0.06790151680921228,0.1525461669547913,0.05179754409400517,0.2046065166005206,0.0967199301259878,0.3885851301332722,0.04653833003633071,0.2635500931038886
0.12025158894647787,0.1414514517717877,0.4259524253146971,0.032225644419261255,0.17981454583516496,0.303246175973818,0.28056300232245857,0.2041506314492972
0.11344003036719283,0.14013961576053124,0.3813342150053448,0.1471656822397292,0.07778313032325507,0.1563700870047817,0.3269713485704086,0.29170975186182546
0.10646614011181257,0.15382923370648427,0.30206313190425726,0.06683132946523684,0.013704126495858109,0.4295767983085041,0.24239269184654175,0.24749505388385915
0.11050699178345963,0.13731592926969374,0.36781597045643527,0.24260018473735834,0.09778640125607105,0.1497478806289653,0.30100215823123366,0.20886337514637174
0.15019526098437327,0.14565377176040253,0.6192442522720429,0.09897800560711764,0.08576874086815894,0.1315016045277801,0.4935937859243242,0.19015786307261912
0.0878727882656184,0.1638895380918393,0.1700705767441924,0.015477110327187692,0.6832107880367905,0.12280574588476163,0.006916366449707264,0.1715899893015528
0.12391803894143989,0.1416586210197545,0.4512117828150144,0.08066878925857413,0.1448446084580027,0.31590484835243615,0.30176211059622493,0.15681964333476223
0.05579777347290736,0.14741941657828167,-0.02850524459144904,0.18670715568247284,0.2521883472222107,0.11062208961971275,0.023712128674127062,0.4267702788014767
0.1405860731265131,0.14728582455532632,0.547140727017092,0.13651502464304482,0.145071385685336,0.34546483195283695,0.3594695918131537,0.013479165905628527
0.09117360966089927,0.1454636079404377,0.21430521422006654,0.07949114747743977,0.20316997414620674,0.3673457020915655,0.12272162006473684,0.2272715562200512
0.07657076468955486,0.1404316050565895,0.11799882713636553,0.23272761494451585,0.37104484281471084,0.13615552574948558,0.05576921486933143,0.20430280162195635
0.060567173622993464,0.17108435638065692,0.00331516939942495,0.5603455361263588,0.08243959238033566,0.31868570334949575,0.013346104483027723,0.025183063660781952
0.10476662376226993,0.1414120874381443,0.31656858033335733,0.1800489206727168,0.11117036502654684,0.3150628375897574,0.22448799646904616,0.16922988024193295
0.10883163813012779,0.1401736738149377,0.3483652586190833,0.1438054930659768,0.1752891181480093,0.014255508284361436,0.3147277680145388,0.35192211248711364
0.11716884525365595,0.1461387482793154,0.39119566799894157,0.10265599799052144,0.06809316859043325,0.08121285634305267,0.3739019636495996,0.374136013426393
0.0933545652425445,0.13475868557902101,0.24751328717128032,0.25306785615958566,0.22438692136333305,0.13421247635035186,0.1829102169591421,0.20542252916758727
0.09695444799864036,0.13679199173933063,0.27015066838898266,0.18086569294218746,0.16778393948381065,0.227555485679591,0.19664686723381777,0.2271480146605931
0.0928786191369398,0.13581786968442344,0.2420787427555312,0.19294040561791978,0.22641918118241247,0.2023689379379856,0.16362657257536053,0.21464490268632158
0.10327630313752137,0.13983276002189463,0.309486154251302,0.24386079229129062,0.13111568695614628,0.0007694375131545245,0.30380151186125753,0.3204525713781511
0.07940068900136625,0.15326376913119005,0.12658366103967947,0.48602583881846095,0.18073967146645484,0.19706717140125726,0.1009000722691811,0.0352672460446458
0.10272847786560378,0.13943336039701815,0.3064437215307733,0.2769511373970517,0.08947858791454226,0.21821417368368334,0.24647828296130506,0.16887781804341753
0.10110885884846607,0.13652147434441012,0.30111642908835373,0.2606146706030626,0.1319782819918663,0.08472777761613941,0.26646228941611344,0.2562169803728183
0.06735026248508287,0.1679356341104459,0.0437683313849212,0.10660294796053656,0.016871019150575588,0.05847798509877637,0.1862156015085179,0.6318324462815936
0.09893222102369494,0.14368127649410722,0.2709623826685007,0.21573751556127507,0.1441794624315999,0.3432835401554884,0.17503254974896365,0.12176693210267302
0.08589679793051823,0.13763271493000612,0.1881587378675789,0.2391231581992603,0.2158256826192052,0.21433963091691396,0.13014938801654002,0.2005621402480805
0.08494254588574185,0.1462926832334836,0.17049756238275748,0.06356142104888345,0.2031457114019039,0.3486672633608137,0.10311338123639838,0.2815122229520005
0.06770408294847739,0.1540552301227598,0.05000857771812325,0.23430353147596733,0.019015336892888444,0.3644974719897035,0.08052616638880786,0.3016574932526329
0.1113852075029205,0.1508743474217588,0.3405827987396473,0.05099494525248489,0.5636596670738867,0.17365999670115695,0.13481192092202626,0.07687347005044506
0.09081534584777425,0.13857144103311655,0.2223787644700168,0.2804050228985932,0.2110157741772845,0.2198361060347475,0.14802877673593356,0.14071432015344118
0.12672604818264968,0.140191395714532,0.4759639337532679,0.040892411884178796,0.20808029474893355,0.09177328618045784,0.3631828575384546,0.2960711496479752
0.08065380177974504,0.15861401287247506,0.13021423142702157,0.2486327509722479,0.09111166317944265,0.4727916045221982,0.07347977552348162,0.11398420580262962
0.11044036111173076,0.14913420245689574,0.3382212817767912,0.1082249465866899,0.2849343421833511,0.4026992995630131,0.16081991158188755,0.043321500085058424
0.07109190326413233,0.1410841657672261,0.07861905128625696,0.1785680837914197,0.28757276892668815,0.08520734194032173,0.0845387588018763,0.3641130465396941
0.08251525870374854,0.14644135643418485,0.15374931817070117,0.3026710386916139,0.3141897195294219,0.2562010329886394,0.059694676369760884,0.06724353242056397
0.10835758219397026,0.14184129848490834,0.3409273794762632,0.10876876273048701,0.10170580425669062,0.30579841554097437,0.25226406023496234,0.23146295723688576
0.0780668477754437,0.1453247284114361,0.12432053355911839,0.0628642505528566,0.30746209600080504,0.27985883352020124,0.05531858122094953,0.29449623870518743
0.13702163825770455,0.1506803554495434,0.5111591224212098,0.15480253126955065,0.045983304476627906,0.3734753930127121,0.37175953023425906,0.05397924100685017
0.12320669605659092,0.138949937885099,0.4548882642096468,0.10870866902793298,0.3384880868119795,0.2313013692773029,0.2489103007334032,0.0725915741493815
0.11204441606257513,0.13708021558991296,0.37966394959773336,0.07634805170607346,0.26834664608892833,0.24120852041759402,0.2272977201929249,0.18679906159447918
0.07642312889386828,0.14709256257398745,0.11165166073986547,0.24233108167392037,0.1383364645090427,0.34587755819448585,0.07755673838957583,0.19589815723297518
0.13466058378916576,0.14685540520646265,0.5083952046858686,0.005888282662796663,0.207666981782897,0.024073448945436164,0.42152448047884095,0.3408468061300292
0.1280039934384213,0.14518018111087824,0.46841099741076037,0.2313346684862642,0.040869595498942646,0.2796367279175337,0.3581396663727036,0.09001934172455581
0.10131659594754767,0.13529689153273117,0.30537727422623245,0.14824183172851613,0.21242228655481624,0.20043080962488913,0.20949535416363022,0.2294097179281484
0.09840409660572884,0.13720349455385655,0.2799061112153675,0.27580737324018495,0.11927893723516028,0.1672962636118797,0.23256253532381352,0.20505489058896162
0.07464402386371877,0.1569374086732527,0.09331123782098355,0.521850050726736,0.00716980199912683,0.1861602418168819,0.14731437234119946,0.13750553311605596
0.11660619797006967,0.1371393559226109,0.412764064620612,0.09077484129612776,0.28926736631140726,0.03457527189624268,0.3025187165917891,0.2828638039044331
0.10662349971076632,0.14193474983843152,0.3284854467552112,0.09050526319444623,0.09123768361244479,0.2269308412970997,0.27503732021144334,0.3162888916845661
0.10270349874448285,0.13367275707366172,0.31946299065972483,0.207052306708126,0.23444663071551358,0.1412645167185835,0.22078452633707082,0.19645201952070612
0.07942905980858517,0.1493123443920009,0.13012360021336616,0.2845716063929357,0.003698133826183577,0.30722981199386984,0.15061821335051978,0.25388223443649105
0.11983863096286457,0.1377073650837286,0.43453471734414195,0.10516906796645425,0.3273538328251647,0.22443663827948,0.24113590988649067,0.10190455104241028
0.05827839804765214,0.1537900944213344,-0.0111944918092789,0.4261133863010047,0.004887628116756114,0.16526276451654975,0.09223380868559601,0.31150241238009346
0.13753395474606955,0.14196855599819952,0.546134700046205,0.14319377867587688,0.14586673318999505,0.2750297869014284,0.36759145196848186,0.06831824926421781
0.09513493823145418,0.14941753879311326,0.2351460110723867,0.07335665783670957,0.10330900297609164,0.40698719974527514,0.165993612599349,0.2503535268425747
0.06335116276864337,0.1450203668907719,0.02310822155875142,0.18444054055857306,0.3745117435910534,0.05659692555446071,0.0265288795059847,0.357921910789928
0.1314697224394535,0.14339621922654386,0.49840729989221266,0.15264410466767356,0.05241060349062851,0.2632782121775374,0.3801764291838452,0.15149065048031535
0.08972782491235483,0.13748251023740665,0.2162298670646937,0.1725247074803088,0.2660072781204506,0.2296987338431714,0.1280491648469019,0.20372011570916734
0.08648315698749293,0.1399170810873309,0.1892775119498323,0.0850410289082025,0.33987454712896775,0.1852075205376379,0.10696157596340171,0.2829153274617901
0.12905454556327775,0.14028061362453095,0.4922600762790087,0.06671616485394112,0.3559421768750759,0.23232980582668805,0.27047325406449874,0.07453859837979623
0.0874313030619755,0.15651309896581808,0.17526522216499207,0.06687067027454058,0.27912225482003067,0.4712562013572366,0.046048969906116004,0.13670190364207613
0.09217264172993102,0.14834792327955526,0.21687288246902564,0.3161474529349141,0.026279110953434232,0.31848425602212305,0.19063769083635976,0.14845148925316887
0.11956149635287716,0.13919459846838692,0.4279009171925909,0.12283068948964727,0.11784758100165806,0.12129253939021892,0.35094540958522413,0.2870837805332516
0.10409946991941765,0.1338553580744627,0.32945614246450605,0.2388714891653363,0.28489150954750114,0.09170561817330927,0.22043860695184897,0.16409277616200424
0.11380317232169705,0.13886691270082863,0.38744414544312117,0.2591519155218336,0.10242848771139104,0.21302671418024738,0.2921969206829051,0.13319596190362284
0.10590417284208227,0.14207517165531067,0.32309778202098977,0.0261068187228411,0.20222190272036222,0.13557427242485004,0.2634211392092964,0.37267586692265026
0.07864364576363392,0.14694146652519485,0.12687804337679756,0.2473319360321041,0.23744183925689888,0.33339570169717125,0.05271375507709683,0.12911676793672905
0.06669531694315561,0.14272977880975884,0.04690904027869087,0.36909339087813436,0.26907176690351364,0.005399585870173892,0.0821845578361888,0.2742506985119893
0.11302468307609087,0.13356212971608455,0.39700387519131664,0.2261261092449376,0.24844894767580622,0.08643232951959615,0.2754187515714826,0.16357386198817742
0.1358921351574452,0.139471061628236,0.5441425215485761,0.27839198456676234,0.2385039616415022,0.04905661608097499,0.3849366550524485,0.049110782658311994
0.12060273634110125,0.13591565251997428,0.4458848941787262,0.083815394345275,0.26755342979706914,0.2034194534561755,0.2756170103420474,0.16959471205943286
0.13639335753586354,0.13901520848689988,0.5495323739564976,0.15565117916909244,0.3806071981020825,0.014967684932867525,0.3534749852756649,0.09529895252029276
0.11094795583699185,0.14126934808455047,0.36064409249272694,0.2896909280724243,0.04751062822064712,0.19804050395903083,0.3031292509509294,0.16162868879696823
0.11318103397841028,0.1353622160387946,0.39287945731598156,0.20398573576542417,0.21986185263480795,0.20123361827376457,0.25282948439203884,0.12208930893396458
0.06658558623141266,0.15389208971010093,0.04279353307774599,0.14815500652270086,0.0409151219419625,0.21091217887912594,0.12254367251697167,0.477474020139239
0.13691993474641453,0.1537320732462127,0.5003505977781348,0.10989757125444106,0.023135051337546238,0.021385750201431238,0.4941323181073149,0.35144930909926664
0.12571401847740613,0.1361772122933851,0.48256251813871376,0.12266876093428228,0.30633439969646237,0.024047151049314736,0.33582750630143515,0.2111221820185056
0.09148102219178508,0.14100251877858058,0.22326567258859,0.06289721375208197,0.23280586461295266,0.26171067786912344,0.14719196919510372,0.29539427457073825
0.10213933778163112,0.13406229946025897,0.3143265328976606,0.15496783235125486,0.2866726318521133,0.0961194004390448,0.2168032902543582,0.24543684510322883
0.07910139759905986,0.14503918626442647,0.13169818509761477,0.3214971618551117,0.027366101722692972,0.1497469244070027,0.18652841746811127,0.3148613945470814
0.09224736321815333,0.13700455178174462,0.23537439303129912,0.2230895044395315,0.16846107869751414,0.21707337058069798,0.17599946588636747,0.215376580395889
0.10785677128607843,0.14242989217583313,0.3360022994821768,0.32350564356487505,0.03648379232581749,0.18383830121224615,0.2957536099694955,0.16041865292756596
0.06753631277010663,0.15074455755992738,0.04999392941340936,0.10561487914326459,0.22306342756522754,0.3606345558589363,0.013514351426026028,0.29717278600654556
0.10463047802394182,0.13660929271967914,0.32670162574901185,0.18531310664666273,0.24716543756961282,0.23864186843478538,0.19544258027982228,0.13343700706911674
0.11517541129302748,0.13872253893330463,0.3977393415467609,0.06382889328410925,0.17037357097973424,0.2391548240107934,0.2798759454761258,0.24676676624923732
0.07865663653004297,0.1487340559102999,0.12543621173952665,0.14609737854743618,0.4486811777619761,0.24852989889497426,0.006887617057320285,0.14980392773829335
0.08219980198182085,0.1442534771071784,0.1538943977435407,0.04604186275339245,0.3426968335588085,0.10512313247874343,0.11577415266027247,0.3903640185487832
0.07941342540541071,0.15607202152758293,0.1243876078197638,0.42373734496507726,0.01071468204401602,0.3172788862438097,0.13335124779124682,0.11491783895585023
0.089247174309042,0.14401747367134576,0.20308073432662307,0.03719351255774673,0.2847615849685003,0.09088596238518833,0.17339473832446053,0.4137642017641041
0.08942905590776624,0.13661863480533376,0.21541026192875776,0.14205246453680842,0.30653905654655966,0.16669095006511972,0.13351551221086438,0.2512020166406479
0.0976012271314992,0.15111504482572005,0.24882517273422008,0.03497881827828455,0.04277203790458486,0.31165342371224475,0.2327651210242292,0.3778305990806566
0.07888342899652034,0.1403226908721088,0.13457145725441405,0.27081723040087535,0.11478750376403277,0.17627769541508329,0.14798820226965836,0.29012936815035023
0.11349824585067277,0.13592732048020514,0.3935797870632168,0.27381881034811095,0.3003917922417473,0.08379786648367717,0.25452561049205236,0.08746592043441226
0.15354209728347668,0.14491711620045347,0.6454868806117187,0.09127496534999548,0.4128907491357091,0.008441068229296056,0.4221268134909608,0.06526640379403853
0.0678850033507374,0.14391720403313207,0.05478846954893692,0.3644644527023282,0.12272307636974829,0.1559831482920017,0.09640811475723815,0.2604212078786836
0.08475807850704502,0.15229578476530164,0.16256575022873374,0.2937089002951745,0.5546815754295511,0.01320257204734626,0.05431691493670871,0.08409003729121911
0.08498372794823614,0.14231419962476657,0.17555330398589605,0.14245922074214096,0.27703335847382704,0.3019833888408196,0.0832364507655055,0.1952875811777069
0.10661125101247876,0.1422276749953168,0.3277227938515732,0.3615748127104409,0.1359164563998123,0.19246959090275,0.24657015351164646,0.06346898647535035
0.0882208929481922,0.16704136205746276,0.1689455390005987,0.024306225141202335,0.1429485958157946,0.5864164807608329,0.06886928683921814,0.17745941144295202
0.17188067799717532,0.15613193808269565,0.7165777826822175,0.21967204928228445,0.05063098969164984,0.1246425556282478,0.592506140881201,0.012548264516616897
0.10846525596486699,0.14026249168973404,0.3455325467344041,0.2590229066863909,0.1523811662059072,0.26664052554037365,0.23335964300093173,0.0885957585663964
0.07656882996411336,0.14117903915930666,0.11736041031853936,0.23849040321487386,0.13848175914817268,0.23154479463078279,0.11429297580597994,0.2771900672001908
0.08758857546185468,0.1356560410210371,0.20337152149071147,0.22141065159796863,0.2775789982890549,0.1477987457880369,0.1361216233546295,0.21708998097031015
0.11440620434224848,0.13676401035157199,0.39781082905063503,0.2769658067431312,0.30334893618707715,0.1021136801660393,0.2512962083555069,0.06627536854824531
0.14107104591865355,0.14360357802233417,0.564547534505337,0.2537237741220981,0.08363983984119427,0.16155996019453908,0.43313576123489284,0.06794066460727555
0.08308565504946182,0.13651763852751503,0.16910382642466323,0.2829465756067338,0.26529750717750344,0.054020327463487186,0.14584839278923664,0.25188719696303896
0.09909148098260606,0.15198437593843392,0.2572072342386122,0.07925822331058636,0.3390131430649057,0.4116463849257654,0.09093693222883073,0.07914531646991171
0.06528336047712872,0.14333401724560502,0.036860478612523694,0.2224184702654783,0.3655836170247571,0.13767498009526208,0.009719318548021693,0.2646036140664807
0.10630612550476658,0.13690458012131224,0.3382364962788999,0.2787686516960693,0.11402431181517411,0.12243390517100498,0.28235340267076675,0.2024197286469848
0.09307850963291461,0.13858234260356767,0.23869209461655502,0.18726570757737576,0.1465223903271784,0.2537792114609543,0.17937445210942946,0.23305823852506224
0.07687219301339729,0.13751640085532948,0.12269222367990301,0.24876808259886665,0.26147966888005286,0.10329875809351856,0.10794694766097807,0.2785065427665839
0.1458813864609075,0.1391547584754311,0.617164568440328,0.14570757563407366,0.27636712010830516,0.12245281622650285,0.4012070929944251,0.05426539503669338
0.10181899416044676,0.13703456796044233,0.30517113150981456,0.3394335341585763,0.24665445192203742,0.07648878292221467,0.22181654336946233,0.11560668762770923
0.1708454618797695,0.1503119992462761,0.7374358829341141,0.18422674567587052,0.20020836778205792,0.03606267946059041,0.561542056880984,0.017960150200497044
0.0810485957125366,0.14038495125738568,0.14993484361401047,0.2444878145913358,0.13699783348388825,0.23840360706598956,0.13146983838690118,0.24864090647188516
0.1119390178178772,0.13579168533570682,0.382490413087315,0.29516165483969076,0.27950457355384767,0.04612667179496643,0.26588076372614744,0.11332633608534756
0.10299276099903924,0.1420726651700378,0.3026110684105484,0.01405511605354364,0.20243804793709344,0.21156974489988073,0.2279817429408622,0.34395534816861995
0.11840727338563992,0.1384848791697675,0.42175921108353576,0.15925334153371307,0.1625723869022201,0.031223384955009172,0.35415498204974094,0.2927959045593168
0.10088265086609637,0.1356483896151229,0.30138692381157856,0.13582876534138097,0.2741215352275859,0.20888206649323546,0.1824052116601396,0.19876242127765806
0.08243241241959263,0.14399003475616293,0.1557914230493823,0.3380001198513178,0.3505643382775364,0.1534816771253149,0.07475668082548857,0.08319718392034237
0.0721029872298207,0.1396277916810281,0.08668035986323767,0.2245144416087241,0.3064989862537835,0.14378970720510018,0.05952497130771497,0.26567189362467725
0.12221296317529445,0.1401091602883041,0.4440320893172022,0.26047473950424027,0.2755223814017543,0.1898693776032658,0.2693103686948353,0.004823132795904422
0.06929892767274393,0.16271773568410866,0.057147597547672124,0.07253686873352258,0.06262067250689712,0.4820229026848124,0.04706678754538303,0.3357527685293848
0.08044935203575901,0.15013421633195365,0.13620713875472967,0.21716561042060917,0.14273986808319367,0.39987161302075225,0.07829847719376369,0.1619244312816813
0.09573065129033567,0.14381436821186183,0.24844980188418062,0.23996316199127238,0.009429738445149258,0.2085885438841758,0.2530516556788848,0.2889669000005177
0.06621482820238737,0.15267538356031501,0.040706157452895374,0.4138924833367813,0.15085152578067332,0.2769515474299647,0.03650726745668914,0.12179717599589154
0.09576344991168773,0.1487176676895414,0.24047882452235902,0.042952098483076157,0.14368089308788648,0.39896177408493605,0.15825905146916075,0.25614618287494056
0.08398253653271087,0.14472257112990333,0.16571386443365554,0.1555930504139729,0.16476090766724558,0.3480972308711117,0.10632582706719104,0.22522298398047874
0.14285630801783508,0.14825027790101025,0.5588947905592456,0.22312474320411044,0.032479024993666256,0.25991792190751134,0.4320236825892073,0.052454627305504736
0.12131278604487554,0.14729629256029342,0.41625478129246274,0.030567832569816357,0.06748179231518403,0.3357585047029025,0.3180109526023305,0.24818091780976662
0.10501320623906772,0.13527344625306087,0.3327571484714,0.12491185158866987,0.23698454713067768,0.20453704435920142,0.2166071992238967,0.2169593576975543
0.1299546408173598,0.1442046325570498,0.48510675126670816,0.2204692939089562,0.15711135151338562,0.2966077568706112,0.3176454837186771,0.00816611398836982
0.13771004931943095,0.1401196730121466,0.5545977067238409,0.02022058411697672,0.37603330691174985,0.10870649370441078,0.34254841687659543,0.15249119839026726
0.0883981159788235,0.14793745714455095,0.19196028191207487,0.10882057194764892,0.07350017482603928,0.14299975528242181,0.22832499779711105,0.44635450014677897
0.0963311282272154,0.13515928682628484,0.2688023078570283,0.22133433625139237,0.31122527099454755,0.13930277182242076,0.16349602782342595,0.16464159310821336
0.06544149485338908,0.15675457735394807,0.03471346703389925,0.46289832600532504,0.44428257310710423,0.007529775194971528,0.0014801008856398135,0.08380922480695968
0.11775295182238743,0.14014304830278615,0.41210001153684955,0.03582635285452687,0.24866807803286559,0.07228869259680863,0.3156303198270117,0.3275865566887872
0.09998300739544826,0.14008414741437736,0.2854213566162923,0.3397845171499416,0.32696737989168545,0.09466551168489336,0.17749304386611256,0.06108954740736687
0.08506583525060607,0.13810177353745884,0.18150263105641576,0.21568108689325358,0.23767752540115852,0.22774088717718743,0.11593641172475778,0.20296408880364267
0.08516112043707365,0.1562153174523113,0.1610669225490946,0.04220616405013248,0.01740717202546401,0.32579924392572934,0.18397998841211163,0.4306074315865625
0.11549822637218148,0.13761760214799687,0.40327854508391675,0.03160536690552608,0.2780591727726871,0.15598337574401397,0.26880464959700284,0.2655474349807701
0.07817240628773295,0.15968757301110076,0.11379975251092135,0.38209683803773453,0.12424513243859327,0.39619923447853467,0.06326634501313055,0.034192450032007125
0.1102072660832484,0.13400381025571767,0.3746704365154883,0.13109715945083442,0.2515914834525013,0.143795028102535,0.2518841965102048,0.22163213248392447
0.1408719809201299,0.14040382154143333,0.5759955821164346,0.08647582228263268,0.39180609789747767,0.025097369241245795,0.37091187962514477,0.12570883095349908
0.10310985726268652,0.1358840444646792,0.317254740484945,0.30396455319079846,0.25668397539889615,0.10443229930128645,0.21766343986305256,0.11725573224596629
0.12387891174124212,0.1415775708014852,0.45119372637641,0.09074276346826068,0.08325247757764856,0.21764459058124844,0.35513143862258933,0.253228729750253
0.09993275871611564,0.13699026299375414,0.2915007084695962,0.26773512868672256,0.1908016832258426,0.20662696282530865,0.20011261655955803,0.1347236087025682
0.1157907460240598,0.14747435516661686,0.3783081198153217,0.26092143844346194,0.02638505897765077,0.32546213222681875,0.2944094497078434,0.09282192064422518
0.04157438097987842,0.16015286791655167,-0.1150501971011991,0.41666488244026756,0.006858731030049916,0.11785832367098302,0.035337569060999406,0.4232804937977001
0.08950271281531468,0.13642242137543584,0.21625999977029378,0.27189123101810075,0.2926684286891882,0.0016120846485145454,0.18029559930140956,0.25353265634278693
0.086771744718159,0.1415844620975814,0.1890867424400543,0.10049059363121364,0.42018907117119264,0.05439004129889951,0.11725489427565336,0.30767539962304075
0.07679915010692165,0.14704954949195875,0.11424142518600708,0.45774125483742584,0.10216321500619512,0.12972594932871293,0.14318929983290024,0.1671802809947659
0.09218332048128752,0.1413351767956776,0.22770920312226034,0.09100381733520219,0.15872640223859985,0.2626190389058263,0.17595183060753075,0.3116989109128408
0.14189565435336832,0.1509399276513691,0.5425711780021877,0.38828803157872865,0.06830395880193926,0.026366534363004963,0.47394568079547095,0.04309579446085614
0.09483551853984341,0.15249442567527283,0.22843797985129918,0.06264103813690888,0.009346494645608746,0.26533544293904204,0.2459248896995376,0.41675213457890276
0.08683676546690049,0.14532762301825652,0.1846638987794438,0.4186367738566984,0.1939201489265896,0.17539047879678876,0.1401157274892575,0.07193687093066571
0.10068467975951692,0.13813076821358747,0.29453741759118734,0.14821205420528638,0.14198668100530773,0.12248504271970326,0.2581535334683115,0.32916268860139114
0.08426969446777348,0.14367480181805103,0.1689210227588028,0.28637670559116324,0.17228045629527985,0.294125009883791,0.11092781838257894,0.136290009847187
0.11411784616727819,0.14602873541883524,0.37059723904380193,0.12568287810808168,0.07081749118755269,0.05543603070904978,0.36595219761531234,0.3821114023800035
0.09192572592216722,0.14837470256831198,0.21516960350750194,0.03841723919312614,0.12861140472031515,0.36229812451396765,0.15939652605586502,0.31127670551672604
0.1272970405059829,0.1387878510944154,0.4848914366445639,0.09903669086521132,0.35021450084335404,0.20843142149684318,0.2699651249548848,0.07235226183970651
0.10974313335827804,0.1343334086285241,0.370296070546636,0.1237418981937787,0.28419105683930007,0.09504265217480741,0.2533144509492212,0.24370994184289266
0.1169603367765188,0.13989639366811837,0.40716086585940175,0.28556093737671906,0.23698589142963608,0.19783984323409948,0.2569244199041871,0.02268890805535837
0.1113063071552014,0.13487362510371745,0.3804028186811691,0.11677626105590563,0.2495980829594729,0.19417691282635635,0.24274011186098945,0.19670863129727564
0.08397341827196371,0.13761525933331314,0.17420610467258232,0.2308804262594364,0.18645242300284462,0.20069567494271107,0.13806612367890125,0.24390535211610678
0.0947979032524975,0.1463111839802802,0.23783488251443277,0.3076044032088601,0.31463089546210293,0.2509221809907801,0.11355844148292527,0.013284078855331585
0.06138450471586429,0.14305117092116298,0.009678387859036179,0.3343324918757312,0.20943515468020432,0.10653378509461646,0.053289626343723875,0.29640894200572404
0.09059836485992764,0.14003920170216977,0.21849856674421156,0.28201779176008657,0.2745967641520723,0.21747806866905905,0.12339552833753084,0.10251184708125122
0.12641909749289196,0.14180126974338,0.4683956470424535,0.004143899748159226,0.40379649070578405,0.04235208288709495,0.3055354429664538,0.24417208369250804
0.13513563549604582,0.1417784529779111,0.529951018070086,0.22795847572533776,0.40109420110952126,0.013683416338850871,0.33473490526482386,0.022529001561466193
0.13905580144224772,0.14393297307852235,0.5492542796230505,0.020626318833037092,0.23236484899913012,0.03409923189569605,0.4266211369929162,0.2862884632792205
0.13898435411382398,0.1517442855829303,0.5205095784029242,0.015076315334626571,0.02102709083311859,0.3180844065736113,0.41851602735476057,0.22729615990388288
0.07992966575275619,0.13924967206251865,0.14312181463384996,0.19787170217839856,0.28537528198926226,0.2178256510699841,0.08019336606958392,0.21873399869277105
0.12674233766626347,0.1371563091418123,0.48661514795688665,0.1994670267853015,0.23306529396418402,0.19711599100176877,0.3077163246513983,0.06263536359734731
0.06852404384671695,0.14761887195125312,0.05774359154791384,0.3600674234238852,0.20380655323621777,0.2543916383157002,0.03765453903988966,0.14407984598430734
0.11274264011595961,0.1411351572883518,0.37370305974295026,0.357634188155946,0.32859682790417877,0.018658183764927387,0.25407602555275555,0.041034774622192405
0.0975031707336794,0.13556178474204958,0.27665002201794103,0.26971073892833386,0.2430174860957708,0.005709337545744559,0.23255060229660826,0.24901183513354255
0.11797664707430466,0.1347510300641783,0.4302501216257267,0.140816396988333,0.2865737238228776,0.17608759615486447,0.2609756513517587,0.13554663168216616
0.13585689425444153,0.13704992276935457,0.553498263418239,0.1556454293469593,0.20480329613299944,0.07024122617298593,0.4010518573790236,0.1682581909680318
0.09218647556545669,0.1364504305233467,0.23588401621019123,0.12156762166095038,0.27161867816745344,0.15087702921707014,0.16534731250763093,0.2905893584468951
0.11802736049664397,0.1414492648317677,0.4102344438881224,0.3086336856641623,0.058984525503920436,0.16470706361222687,0.3380690371247836,0.12960568809490677
0.10979073155486316,0.14233089062002333,0.34982378974770867,0.16957039232795773,0.08900362314259772,0.05217227745771799,0.33784407680106754,0.351409630270659
0.05418533252770165,0.14539671333493837,-0.03999173942057123,0.32178821580660444,0.25683543516268176,0.08081209211492313,0.01332184670167974,0.32724241021411093
0.11650242658058921,0.14591714744579642,0.3872226641600026,0.144359789335272,0.13228390111594232,0.3841481452043676,0.24809729925555327,0.09111086508886487
0.11313961632977754,0.13572289344071684,0.39153023474988535,0.27595375989927134,0.30831494917991586,0.026902908485088077,0.2676218471944221,0.12120653524130268
0.09359247361677019,0.14645782267269952,0.22936619569882485,0.18151063600978493,0.31684327367302145,0.3371264375402996,0.09079954199901767,0.07372011077787652
0.14622581859793382,0.1468147212945864,0.5873104402447501,0.07055422318840512,0.49228645358011885,0.011921119950486317,0.3609340107037218,0.06430419257726785
0.08276889010644513,0.15730543026107097,0.14474319207326083,0.2228446279805187,0.021959791889387674,0.4593085819411608,0.1153411506527922,0.18054584753614067
0.060312519335967325,0.14344761078488985,0.002178630471831093,0.33170898617930505,0.2845166698734632,0.08350917783623503,0.02741191677101117,0.27285324933998567
0.09482748610695434,0.13626652802212855,0.2555835729615027,0.16284123284319216,0.3192951038922392,0.18559476917798054,0.14421062620628433,0.18805826788030378
0.1137181081361601,0.14333422031764442,0.3747751794171333,0.33158855423546135,0.3996557734829494,0.022045333876224135,0.23216525556480713,0.014545082840557907
0.11720138883742172,0.13370802418064487,0.42780819766015216,0.14288003256229925,0.2700398418260919,0.11029670421779646,0.28442748005872437,0.19235594133508804
0.07674021379692736,0.14212422740819744,0.11778578573269922,0.3860020106801922,0.312868562783633,0.04274040989729647,0.09551397767354665,0.16287503896533173
0.1366299664344049,0.1385274993889203,0.5531751224301238,0.06733243005006835,0.19589801785459743,0.1865789496356015,0.3785105858112325,0.17168001664850013
0.08007035243323757,0.1425666982794503,0.1407786858744314,0.23740516682333204,0.2846318745906075,0.26501346260489184,0.06305636714202889,0.1498931288391397
0.12549210980197653,0.13592626941652067,0.4818208436316912,0.14568656514475725,0.16752193106347416,0.15116104015902415,0.3462055279130524,0.18942493571969202
0.09234691801248665,0.1366349332650917,0.2367397358750775,0.1851726842273497,0.34738282050276564,0.021208025647519474,0.17253657407748593,0.2736998955448793
0.14214540692599628,0.1383535972946461,0.5937352445636416,0.06881438771756264,0.27839128811072805,0.10901302405110624,0.39487370811191985,0.1489075920086832
0.0930108123322934,0.13521878451645483,0.2441288941498827,0.1815679177719236,0.330067122044699,0.10128502308885035,0.15719380709635944,0.2298861299981676
0.10108584040827327,0.13644175892701793,0.30112364961704946,0.1310259516704613,0.1944716450570739,0.22217196947975063,0.20995529649741015,0.24237513729530397
0.1337335057132599,0.14651713434221306,0.5032415221897808,0.13364319057737103,0.05490180636478072,0.3303879998672623,0.3694595724102971,0.11160743078028865
0.13046285112515094,0.1405106713039711,0.5014768662852408,0.19022264867736996,0.232967405926823,0.24920866920746249,0.3081612525703884,0.019440023617956294
0.11343380860151744,0.14231530844369805,0.3754607229949308,0.2850985913140305,0.024488437976699154,0.18504872041960543,0.3270621901500566,0.17830206013960812
0.12066226605326247,0.14008427579772176,0.4330412225627471,0.04649995452344736,0.30722453673212363,0.27736134701719317,0.24056683416932984,0.128347327557906
0.12998284587258277,0.13768531970522874,0.5082811008639805,0.06446071384112623,0.3300813013119163,0.18665505154811463,0.29885623317230064,0.11994670012654217
0.09106310748435657,0.14621169220739802,0.21245296470746164,0.15219403303164028,0.44735641783239244,0.23687039534038545,0.0638644500738381,0.09971470372174361
0.08220241231465109,0.14616946625058855,0.15189500847316456,0.2205466240348697,0.01943547486383492,0.21166411416920886,0.19171508479677818,0.3566387021353083
0.12758675925924737,0.1412142255071587,0.47861154934296,0.16141454280046397,0.4468270167808901,0.08220750656524992,0.2687589947065408,0.04079193914685536
0.09747285514276575,0.13731044189693895,0.2729060851096215,0.20452141378600017,0.27722907117477585,0.2282867069833964,0.154869671046473,0.13509313700935457
0.07977760344854964,0.13947080878809828,0.14180460858012436,0.20132520428390957,0.2256627696603265,0.2384970780966209,0.09560536112367286,0.2389095868354701
0.07814872915503746,0.14981645839764665,0.12113975559925892,0.1013713910162092,0.16483878192244128,0.05787151465096173,0.176663717781168,0.4992545946292198
0.08828077112636092,0.13624603403713542,0.2075713346536947,0.24470269580508622,0.22346311038226518,0.18105180801468113,0.1474562075310276,0.20332617826693994
0.10978752905360646,0.1354690005249081,0.3675197193504963,0.1243476013018818,0.2676706635353377,0.21545479902963746,0.22201354156430336,0.17051339456883963
0.10515891779012791,0.13888317974043457,0.3251575739735192,0.31742485375625035,0.09036728508587842,0.13667168640606575,0.2788465847337082,0.17668959001809728
0.11138249051415078,0.13758717005336668,0.3734540836490843,0.3006082149347814,0.11710395877314989,0.12485597515822339,0.3004465462339949,0.1569853048998504
0.12785437954459597,0.13838334527023796,0.49033631476452955,0.2714519850951349,0.17501466479276329,0.14551255127038012,0.3449914712991465,0.06302932754257522
0.09933490000915358,0.13449151658928202,0.29247123541090536,0.27950001436272526,0.24769028139478227,0.06063436976011425,0.22061255603838553,0.19156277844399278
0.1161819394096447,0.139700372627258,0.4021602688172259,0.08370108718764155,0.12391917084909092,0.18550738665061967,0.3171613030395654,0.28971105227308247
0.09636576858612746,0.13612052759574875,0.267158592671097,0.1536726550858042,0.22186387996147802,0.21884005781177984,0.17839503949859983,0.22722836764233809
0.11656486890458391,0.1351544112500547,0.4185203307935761,0.10448781481532438,0.2754709144616451,0.19221552829647526,0.25706366005210707,0.17076208237444818
0.12111604873279663,0.13522136971569387,0.4519703421233979,0.09475673939495097,0.23529311550280832,0.16098523046056848,0.30256942592365843,0.20639548871801391
0.06819216148672728,0.14159631446314913,0.05785575364575835,0.24590577778494427,0.19942518228928813,0.20132861288672638,0.06386668266238027,0.28947374437666107
0.10542940338731173,0.13904602795075946,0.3267220506536131,0.3195874736257753,0.299588338776667,0.12538405361018465,0.20338150018177542,0.052058633805597665
0.11046857148697346,0.14054128269692448,0.35910140080198577,0.2365553877852176,0.06408992930275952,0.24295249428890903,0.284987005132308,0.171415183490806
0.1305460529615325,0.13771857047521793,0.512247932273063,0.20388308428081567,0.3581039966504318,0.04439758533939777,0.32378417905253204,0.06983115467682281
0.09009143059492292,0.15212823252580693,0.19780306452859253,0.016206812657174136,0.08193239156250468,0.3377715337966016,0.17886579080229978,0.3852234711814198
0.05778086536372981,0.15648227461155523,-0.014181380234782949,0.2425513849745301,0.010285450946144477,0.33130813833425704,0.05095628055937996,0.3648987451856884
0.13602363596768938,0.1427973363490533,0.5323883337841644,0.06464275174722711,0.13283918052095206,0.292742020240388,0.3669435164562095,0.14283253103522317
0.1075894989667411,0.1461617852427171,0.32559467502202233,0.30975395043639653,0.07125469285464579,0.3014553365715217,0.2455526020890575,0.07198341804837854
0.07196730464978475,0.1467157678695542,0.0815679515812162,0.18169623285293038,0.07914697721626995,0.23002562722318928,0.12231969087192547,0.3868114718356849
0.07978707682366708,0.14651426807484386,0.13505221766906175,0.3276453734828525,0.003956487208825397,0.17820911476135193,0.18899772943437546,0.3011912951125948
0.10016602705199919,0.14329111796632085,0.28031065443595615,0.27406556626412243,0.2944827400332142,0.25545934636373435,0.14564552078180548,0.03034682655712356
0.0832220733120178,0.1466454094242522,0.15835526937522623,0.22058154669858848,0.028387348566878315,0.2971398450264957,0.16586818275503293,0.28802307695300455
0.09438929387455197,0.14912606970572317,0.23060551345860475,0.05382883415480051,0.37381622123530717,0.3585415045220571,0.0761542945508853,0.13765914553694988
0.06306716446643768,0.1495583785976993,0.02050814200579238,0.2750625107676083,0.04290138308873625,0.15897223176598368,0.11258743259276223,0.41047644178490955
0.10069919073494932,0.13536610130248372,0.3006601382720222,0.22341342949991388,0.15195402350243567,0.13636470291352293,0.24391090601346951,0.244356938070658
0.09658711283886144,0.14353669169245786,0.2548972838056843,0.3918958660415969,0.050690126186970094,0.06491281004595638,0.27360164269636256,0.21889955502911412
0.14055403882741527,0.15492254969660263,0.519963291239208,0.008414004587938817,0.028238975569753893,0.404654548693205,0.39590168487612754,0.1627907862729748
0.09675697261269668,0.14509314186890268,0.25333363203278103,0.3146964410748122,0.20967095417252699,0.28462540077980086,0.15095779559894582,0.04004940837391439
0.06100510667510358,0.1468422667559474,0.006844804955061579,0.17082892565998442,0.1801133475964242,0.21699638514189193,0.04158509571363883,0.3904762458880607
0.11165474395306996,0.14010789076894414,0.36867833545688905,0.12542213170466135,0.10200372735418968,0.2706381808887723,0.2759837488101714,0.2259522112422052
0.11956597790300014,0.1419684003973,0.4195720860156496,0.2916086939047469,0.19518389416689713,0.23033333892682473,0.2734199838303768,0.009454089171154487
0.08223324374615448,0.13881051559922086,0.16016973678238597,0.203537117172543,0.3153740968515303,0.006202209212950125,0.14452017537398415,0.3303664013889924
0.09665707987917811,0.15706300742360188,0.23339092050054333,0.17160047275033313,0.22289990606994653,0.4769386024407291,0.0968530144471328,0.03170800429185846
0.0860003548631431,0.1356209958131131,0.1917133457637475,0.2420922815620056,0.24463955002732576,0.1329804467415722,0.144847935565669,0.2354397861034274
0.08001059987044935,0.1433374063199952,0.1396048692675272,0.31305315686284424,0.11238868688958951,0.007160585096577598,0.2033304704791723,0.36406710067181625
0.09642608582762963,0.13819104533621823,0.2635922301550373,0.23849028365947433,0.2545677934972226,0.23415847978752555,0.1544199567592075,0.11836348629657005
0.061926225416575074,0.14294924238530102,0.013474890698498335,0.25270493608829875,0.24128104259858213,0.17550690848473594,0.028480431660220813,0.30202668116816245
0.12069399131043113,0.1394056257257529,0.4353769153465297,0.19528365131365397,0.1557347506607074,0.2698497254882723,0.28882529533750756,0.09030657719985885
0.07739202813658326,0.14122418574713272,0.12315190945922216,0.3415352307888658,0.11831656854297226,0.07618135795357361,0.1658423054419695,0.29812453727261873
0.08171557564364385,0.15254637506677957,0.1423539276769934,0.32986023935803177,0.2765005440265955,0.32128117806147555,0.04803964089129467,0.024318397662602423
0.09252466269766788,0.14123604830025568,0.23028584479029918,0.1680454551544792,0.08747132174657324,0.24950634158084803,0.20248080242677005,0.2924960790913294
0.08396344624822141,0.13981998805238152,0.17138784362679146,0.12302348393839957,0.23455513026825095,0.24201805288398415,0.11548369454068039,0.28491963836868495
0.060077387554687896,0.1443220541719458,0.0005362143376624767,0.247401333911038,0.2493187520233344,0.20244612594355585,0.009448402394518184,0.2913853857275537
0.08746682057727986,0.14578515256314017,0.18840615861333251,0.2546338425573743,0.0010024921128874334,0.2338952894640419,0.21162911596965384,0.2988392598960424
0.10474783440345381,0.14024702576231163,0.3190644091040598,0.04767026802858963,0.1835499339796725,0.25034750926114224,0.22783967891443335,0.2905926098161623
0.08954956082856953,0.13976061573513723,0.21142981284920367,0.1552864858085084,0.17833285972627594,0.2784118628638574,0.14693582741253267,0.24103296418882555
0.08282055852277552,0.14609186552815245,0.15620690748437266,0.20442572878695928,0.19649231608106948,0.35758109022907764,0.08223876912699528,0.1592620957758984
0.10195261298867511,0.13997353703623824,0.29971817442759807,0.10230414934063138,0.16388483789430233,0.10513476766025164,0.26441985187319167,0.36425639323162295
0.09848120365480816,0.1430762773560639,0.26895586302572494,0.25106308631955543,0.1163376781265071,0.3155824017847368,0.18954034324898655,0.12747649052021415
0.07702351969024257,0.14262827798252536,0.11935585236700588,0.2804620909179484,0.2449938581921298,0.2515062222206053,0.06583730233196322,0.15720052633735332
0.08747010820440715,0.13781500998985638,0.19932595300344308,0.24767956143983702,0.14485476652874185,0.1964165124122992,0.1689654397963124,0.24208371982280952
0.1102673320399403,0.13661205361561002,0.36795678499482337,0.11829841013393028,0.23923815554653421,0.051231453038850926,0.2869363107350157,0.3042956705456689
0.08781177967262908,0.1455959346484301,0.19102030382775506,0.02553910289979642,0.40289855854198964,0.24723335224548118,0.07398508591434562,0.25034390039838716
0.11218028966033575,0.13859585638316685,0.376492422082781,0.07748431492566688,0.16577696535737468,0.15332233482364382,0.29456266877353093,0.30885371611978374
0.1219525761431453,0.15602482913250051,0.3970687004600626,0.26610449210066844,0.009945281120953145,0.4081342930306664,0.30082559883072585,0.014990334916986169
0.09036828230434044,0.14257811602433149,0.2129939934060987,0.3295376189406249,0.08059670275034472,0.23310637840078605,0.18779604402415795,0.16896325588408626
0.10235298880714418,0.1381444056990205,0.3065849000025375,0.27211756822811733,0.13376627605617583,0.023043882083140788,0.289527993795888,0.2815442798366779
0.1324616900288434,0.14095679519318322,0.5140702151289241,0.32415895302246756,0.22160185268040186,0.043979824438238356,0.3745117469173731,0.03574762294151888
0.06852018086951354,0.15017926232976142,0.05673340471472725,0.05731283439141314,0.44895844007814173,0.13377946869302343,0.00645826780119773,0.3534909890362241
0.07044318179893061,0.15582793446015084,0.06701739219678356,0.10594115474950352,0.12392895739404403,0.05938031094591425,0.1583465053655522,0.5524030715449861
0.0698051085671633,0.15622721703330947,0.06276184619657361,0.4325846717164094,0.24199840467289394,0.2708864124063509,0.01746271549220664,0.03706779571213917
0.1139485105061318,0.13874063360836936,0.38884434287949965,0.10147859943338995,0.21428946436832594,0.2913742961923091,0.23836396102297167,0.1544936789830032
0.12353036883149487,0.13665683650466443,0.4648897959036717,0.04710510336881549,0.31082773778409467,0.14482411845518828,0.2930249065743693,0.2042181338175323
0.09550476051839711,0.13828482838951955,0.2567509460863458,0.20441189252422934,0.2510766262185897,0.25487891998702056,0.14808150638716222,0.14155105488299816
0.08443647048927043,0.14330883503127526,0.17051614775835347,0.11969150306643853,0.42158963916428027,0.20629836634038026,0.05748146421845659,0.19493902721044445
0.12038142632801828,0.145659940631253,0.41453694177232664,0.0793950410313238,0.3140299332475979,0.3507387056089408,0.21106215301155695,0.04477416710058066
0.07956675483175463,0.13960792547606582,0.1401550432400711,0.2561475861281432,0.20995420341537274,0.22774410026533587,0.09959947162259998,0.20655463856854825
0.10628284899211475,0.13968451723811315,0.3313384325423749,0.37524497210454616,0.15545896515566404,0.09619252962286957,0.26676109259926883,0.10634244051765125
0.08794174141721896,0.14998449561982932,0.18629753229989732,0.4453919346581856,0.021946369210660847,0.19682250562588177,0.20170796987957748,0.13413122062569435
0.08158556624423167,0.14636855190687514,0.14747407119232264,0.23521787091257754,0.06174355409892199,0.3227263426076192,0.13686432167066584,0.2434479107102154
0.10212106406277116,0.13768946802882007,0.30591347810244074,0.20820588685820407,0.25865518998829246,0.24316143618373834,0.17697956497776957,0.11299792199199561
0.07920083647257056,0.14670162948455173,0.1308835937271746,0.19074343105267663,0.29139457715445916,0.33264009188913235,0.0393393031482236,0.1458825967555083
0.08400048765779974,0.13750048205031817,0.1745483892123141,0.3038633108425305,0.16899926374584975,0.1300730180869123,0.16104007662880435,0.23602433069590315
0.07705329982796427,0.1550718467564049,0.10997031495183329,0.5244223669912003,0.2585866437041864,0.10936047559029986,0.0854170304737346,0.02221348324057892
0.10214323360243689,0.13475723658242425,0.31273447475794736,0.20357197865672777,0.19838260393278342,0.07476483177592796,0.253302107102059,0.26997847853250173
0.08765111783287328,0.1468793909700496,0.1882573017919966,0.09495173814608494,0.12610226551780265,0.3629782257084085,0.1371567267181091,0.2788110439095949
0.09839580557747869,0.13628587001760326,0.2817299076750901,0.12797429349162795,0.2242589831910079,0.21738387082530256,0.18875813135941255,0.24162472113264913
0.07784509080421088,0.13839301609147936,0.1289450241652012,0.32235610752777927,0.19906035350839044,0.08150345527551471,0.13681638630866091,0.2602636973796546
0.12144006370229457,0.142340334815906,0.43164197823306566,0.3588187026170249,0.09801657382550402,0.02824730707885882,0.3765027052197866,0.13841471125882562
0.0818532199410879,0.1466843593761948,0.14898125494785666,0.2404611506705206,0.35936418154058497,0.2707775842542778,0.04008850885215226,0.08930857468246449
0.1223237393372568,0.14164261458398003,0.4400069817992876,0.1253503288964279,0.14737444322457216,0.32313905052056807,0.2880262586077506,0.1161099187506813
0.09335546330247249,0.15270610367201648,0.2184291426498161,0.02639623248190231,0.06698504641148306,0.38463501134104633,0.18307901525217327,0.33890469451339506
0.06983761357625334,0.14311350200200065,0.06873994024767713,0.2878973014931826,0.17350771401293202,0.2397088577105398,0.0653815874880482,0.23350453929529746
0.14489880907680866,0.1418353718131231,0.5985728946984261,0.1321455701619948,0.4036694018550889,0.04061820730057299,0.3750830939807262,0.04848372670161689
0.0923331972226785,0.14215893260214785,0.22744400672427387,0.3271427369152037,0.11293635291711147,0.24294445214098848,0.1809859029172018,0.13599055510949457
0.11533377870353455,0.13463004867364656,0.4110061553767081,0.20411363797588436,0.2996433647198737,0.013051088172317057,0.29057676391036086,0.19261514522156398
0.11331954158978244,0.13703216836651683,0.3891023708182875,0.2739694645656208,0.13027146348374613,0.16012421314990558,0.2948524199703202,0.14078243883040717
0.09964348348983645,0.1454531170770491,0.27255162547555856,0.2580258978437199,0.009746039320690373,0.07653915762025297,0.3096769377215719,0.34601196749376484
0.08494333605330259,0.14187924357622225,0.17580680178846742,0.2881206946420638,0.07087284725081286,0.2202717389839361,0.17560931383494754,0.2451254052882398
0.11287775830423467,0.13515190334267427,0.3912468636876274,0.28145436325330353,0.2509046332141989,0.027161235228191066,0.28791571740058375,0.15256405090372263
0.0747760059945236,0.14868983333281066,0.09937468933367247,0.33367104619807836,0.06281679626527067,0.3008617757829959,0.10600774630312498,0.19664263545053012
0.14335518624946592,0.1399310182308261,0.5956876988629186,0.02808997705137913,0.2525512750484614,0.15338663739496503,0.3993631145379213,0.16660899596727313
0.05480831686308347,0.1548648887246431,-0.03352395226362498,0.2853755350456785,0.01197739201890019,0.25478460941883974,0.05803438447502591,0.3898280790415557
0.04884355766108454,0.15276351114356815,-0.07303080595228374,0.34144096200426677,0.08251686349596976,0.22483113459502493,0.010247801907093743,0.34096323799764483
0.05732554906797106,0.15323854405166867,-0.017452860496554763,0.37938749103709796,0.031355106929471944,0.2484576795503211,0.055748436083265865,0.2850512863998431
0.07463835565801795,0.14416385553359742,0.10153970704956956,0.3549025706127945,0.24893055515759716,0.20328202914026058,0.06312506182769755,0.12975978326165016
0.12837086130267583,0.139169471669738,0.491277724075336,0.05055199837257985,0.40762267237742206,0.06826861508735443,0.30054249402609645,0.17301422013654733
0.09726707479081356,0.1367255154085299,0.27256854493809124,0.0975960249304768,0.2761749884094186,0.19737112842581908,0.17281567465185138,0.25604218358243414
0.12984836330633526,0.14349548565192466,0.4867634893808829,0.23964217748407385,0.14804072638139867,0.27271217678011983,0.32658389725420706,0.013021022100200653
0.09018092354866078,0.14674072408830577,0.20567517119854525,0.21803756714455827,0.02699696559177896,0.0872415741587949,0.26232963530151643,0.4053942578033513
0.10626142547597833,0.14886566522382033,0.3107595388528579,0.41999742648928223,0.03327607076969581,0.19939049081649968,0.2773670675901933,0.06996894433432901
0.07256990727008143,0.1527839358300496,0.08227244050096778,0.2901366020807715,0.2821019083178801,0.3424108451453932,0.003216617562267434,0.0821340268936877
0.06676012738093778,0.14675284625060445,0.04606471052284577,0.2715381444187916,0.22012933664188722,0.2935987209149693,0.01877019664637818,0.19596360137797364
0.11695092747299311,0.14616558089888668,0.38963295683400456,0.29652412994439603,0.018589559693874862,0.2675909034197512,0.3176145643761819,0.09968084256579575
0.13084917390831094,0.13615028388208972,0.5203747791643863,0.10584433438076893,0.24796854356765047,0.1813451786738866,0.33225779455240423,0.13258414882528977
0.07223301070815319,0.14811109775008022,0.08259347809841323,0.09001526229631822,0.33245735962726986,0.30756855323207116,0.00978696800838966,0.260171856835951
0.074344146176154,0.16019215532831108,0.08954337462253326,0.07354768398196383,0.018321263128664982,0.18244176896998807,0.17954235920593647,0.5461469247134466
0.08725187793210669,0.13712739155847606,0.19873402113454122,0.2018383238881307,0.27878926833419665,0.20207850023141752,0.11878977159571259,0.19850413595054264
0.11729992887300666,0.14014223320984748,0.40886981433502895,0.2836714073076023,0.201555975455483,0.21618416327859732,0.26633139181636517,0.03225706214195212
0.08066785462088176,0.14337946088251977,0.14414794485673438,0.21854676824455715,0.263826669018684,0.2959435400294009,0.0654195289168448,0.15626349379051313
0.0816660838662979,0.14497778167769584,0.1494441673446513,0.3210874337216751,0.11675587716336853,0.2833045585493452,0.12152629657946533,0.15732583398614586
0.10801690422857785,0.13520790153714574,0.35513386187260765,0.1996143099072337,0.23925128699150644,0.20316208366526023,0.2229778356155847,0.13499448382041504
0.10488207384755659,0.1513595236009535,0.29652626263468135,0.08979288566456775,0.026746067282692194,0.11070037186199605,0.3287161825445273,0.44404449264621676
0.076896435631554,0.1542534985412564,0.10953680656413062,0.07410947651663989,0.04753379580659615,0.32809633470871213,0.13362153715913647,0.41663885580891546
0.1122401489080872,0.14175814164729916,0.36851603936839916,0.36945064135738226,0.16900069183222058,0.14975369271664474,0.270860754798644,0.04093421929510831
0.13802727011069843,0.15808457970699957,0.49357926152770476,0.07388573360533594,0.11041615934431799,0.486426898162809,0.3226364132028559,0.006634795684681259
0.07418484710859186,0.14090517002265854,0.10066945809235271,0.2837104351278212,0.1784742022565018,0.21519018589481828,0.09019379645310042,0.23243138026775845
0.07224295855200766,0.1561860897209142,0.07838699703593552,0.5356235808181153,0.04017625310474409,0.15531057661967884,0.1329263240259858,0.13596326543147602
0.08405630853961016,0.1439142918732308,0.16715718936935425,0.13265415100131042,0.28656941388254153,0.31975828259098954,0.07083237503319445,0.19018577749196416
0.07556298181381468,0.13961141362154053,0.11147356373027574,0.28020220633949106,0.22957677125489712,0.19097088971634515,0.08445917273504722,0.21479095995421935
0.09195252863679736,0.15086609066401077,0.21179397236425945,0.18379897185831143,0.36445245284220945,0.3498118375167925,0.06138561721774693,0.040551120564939806
0.06508737718647303,0.14860694388152407,0.034233778406269594,0.3146614813478597,0.18554548400343457,0.29721493326083065,0.02014847579082519,0.1824296255970498
0.08611748086134947,0.13902667764785434,0.1878594907338819,0.2515134400674921,0.40131162119055264,0.04551171619552621,0.1121103416961316,0.18955288085029745
0.12137486941468474,0.14206780620618253,0.43201110127379316,0.23011880274126073,0.24953147950436996,0.2638411388203148,0.25492941025260435,0.001579168681450108
0.1188481597094234,0.14956226417643018,0.3934693021229175,0.021047010136245846,0.06511821883375567,0.15390398959844778,0.36612660759386045,0.3938041738376903
0.11815441410659366,0.14833321522244441,0.392052542105177,0.08154662946946312,0.27046154918579723,0.4003961549113141,0.2024025488303154,0.04519311760311022
0.11603077626442729,0.14431362619763347,0.38825700483539033,0.24517791521950047,0.20125352460781956,0.3093594591580187,0.2349196484551791,0.009289452559482214
0.12000171986459765,0.13956413219295427,0.42992220796130004,0.31842098210964886,0.17411972934776512,0.15172466218892292,0.3058057284792111,0.04992889787445202
0.13667217397491896,0.13777537854649974,0.5565012760900657,0.08125816965515557,0.34695958245144387,0.11200023603629099,0.34318618986153865,0.11659582199557104
0.12682289560876395,0.1407481849425652,0.4747691463021866,0.015465349435959532,0.24092751769967147,0.09165536714921052,0.3531544029955423,0.29879736271961604
0.10231140187192352,0.1344324730080732,0.31474093219562027,0.2774196189471284,0.2351837421477564,0.05429910311596975,0.24034100464320143,0.1927565311459441
0.09082922295173389,0.1357003610286958,0.22718600538737407,0.21051552684532315,0.2619087075602236,0.18057938526603262,0.14664882961883915,0.20034755070958155
0.10221054775267627,0.1523219595270896,0.2771140017087908,0.21118164854993124,0.1294183645572087,0.4370155715698621,0.16574342269910533,0.056640992623892626
0.1380379259350104,0.14001397888965572,0.5573581049111652,0.000264084828914202,0.28988161944331514,0.17257426870335218,0.3584977266907366,0.17878230033368187
0.07761603990615946,0.1420045590672607,0.12405263621019097,0.16971942161167858,0.1421599504766615,0.22719011081603288,0.12436893772988271,0.3365615793657444
0.08801452913104775,0.13966398082759332,0.200585211484341,0.25369525965768563,0.2298150419127134,0.24940080932623734,0.12171658032067434,0.14537230878268922
0.09233457243443717,0.1371009557380339,0.2358449819724128,0.18354395473735582,0.17217982960459988,0.2202941701301395,0.17717227063339427,0.24680977489451061
0.11722391751182308,0.13717848634083288,0.4171493580242959,0.12032542608797332,0.28760155014267313,0.2408660267683123,0.23870870628881075,0.1124982907122305
0.10401543970123917,0.13506124414952494,0.3258924495950157,0.268843028980168,0.30812024540125055,0.07479009205532201,0.21405305579728137,0.13419357776597804
0.07731562916765636,0.13989757767635672,0.12377361677923301,0.36215384309146026,0.1752427608829337,0.08356039164097777,0.1397518764286141,0.23929112795601404
0.14314917349111914,0.14855371775818138,0.5597246218130398,0.03008730891881828,0.2386766655523093,0.36822550252839864,0.3362510089324282,0.026759514068045425
0.06321540747340719,0.15486431202349502,0.020762740178120385,0.48741065536853817,0.3428331162770044,0.0796237254128711,0.006092003037985966,0.08404049990360057
0.10286783957382911,0.1442884223492193,0.29709826246541576,0.34402530583624985,0.008881757634196151,0.09569419790357139,0.3108324668089176,0.24056627181706514
0.12465077900619352,0.13755342678991475,0.4700048593113904,0.29000621056311876,0.2764512686216822,0.01874798394170507,0.3306784794789786,0.08411605739451541
0.12479111406840601,0.13480280283672944,0.48063625314141106,0.19549695065651024,0.22760768089457298,0.05957128906389067,0.34487322187013253,0.17245085751489353
0.11958041845503868,0.1386902709309726,0.42959335254808456,0.020546013712033875,0.3340752652907718,0.20896779757326442,0.24921861970896064,0.1871923037149692
0.10400165218899213,0.1542128144069708,0.2853307123548816,0.49612902471829096,0.01969297333299078,0.15951149202987516,0.27913691918426375,0.04552959073457934
0.04920927738489602,0.14819688458090285,-0.0728134241527403,0.33687637582864,0.18786605933315748,0.13012400697903756,0.0016124704819460583,0.34352108737721887
0.07114197544377496,0.14267428640495927,0.07809378777721836,0.3154840796508061,0.14946942723955875,0.21348021341646173,0.0861486012039109,0.23541767848926257
0.14074131865185857,0.14265676691247237,0.5659830963461953,0.004965181705670619,0.19989405322396517,0.26353106145150024,0.3756131536227832,0.15599654999608062
0.09206009656971886,0.14301137220015142,0.22417865150506486,0.25443897709399665,0.19874127495192648,0.3082475609953014,0.13246746743094726,0.10610471952782842
0.04142833431542104,0.16014346489818376,-0.1159689263398071,0.44395142483099015,0.024643317757855904,0.06825118144351919,0.0412375540779593,0.4219165218896755
0.08025747874356577,0.1542656304877579,0.1313155670483151,0.006134285223469475,0.49829733123050884,0.2609686888447687,0.0023278234244282284,0.23227187127682464
0.12626411204666937,0.14538458653360314,0.45578498812426427,0.09253946965177114,0.3093224293730606,0.33654828196122266,0.2415168077054768,0.020073011308468936
0.11874465952304161,0.1375627132932171,0.4270391163179985,0.20195045311614454,0.25917184668413645,0.22170923335231918,0.25545346688751064,0.061714999959889154
0.09689591924385069,0.14083143530122963,0.26198638936635577,0.2953411302126156,0.10705171441323194,0.004453871871636811,0.2802245715415695,0.31292871196094607
0.08014170061148423,0.14198959676826553,0.14185335454087208,0.26189190763900044,0.09245766567849291,0.10057053400941168,0.18640129617206622,0.35867859650102873
0.11160935519324379,0.13796942854730296,0.37406370191313415,0.04993693729705392,0.2757168555256226,0.09723929149275115,0.26991276388861324,0.30719415179595916
0.09539033132567225,0.14032580552331828,0.252201162813146,0.1522035854695136,0.12997149683958795,0.2856203774755787,0.18851543477551239,0.2436891054398075
0.06448139090041838,0.15082131020538853,0.029713247380729026,0.2266015461549264,0.055624955857864006,0.3073568009626429,0.07122809963340682,0.33918859739115975
0.10309053353804355,0.13705359189173763,0.314406451835877,0.1320955045208556,0.3868854124215238,0.15006387046459196,0.1675292633820764,0.16342594921095216
0.07888667438734417,0.14182817915406104,0.13316588071562635,0.23466782902853078,0.17471312772760134,0.27704597130633685,0.09644502711441881,0.2171280448231123
0.09523979452054844,0.14196532476284204,0.24822818233549446,0.35126654260195816,0.07066962888818744,0.1868834587272352,0.22524463426068111,0.16593573552193805
0.10267822195835324,0.1369780577984277,0.31156976996386593,0.11227997686129931,0.23926791680811832,0.07524534724081894,0.24727495124111193,0.3259318078486515
0.1294957594331286,0.13636045951254866,0.5096474423858421,0.23594242577766408,0.25524400163541433,0.02877604438298968,0.3608769855241598,0.11916054267977194
0.10876175507595756,0.13484236044110764,0.3616204501051748,0.18306755759822876,0.29142888197902084,0.17724900421344608,0.21570692533254968,0.13254763087675467
0.16327419969324955,0.15253589780696394,0.6770484927026444,0.0373425434536969,0.49339803161258794,0.021650418094521066,0.4334296333470651,0.014179373492128966
0.0961416821567575,0.14187515289353478,0.25474285961741844,0.3330767039872316,0.06088898573004771,0.19864410813114594,0.2306572893173141,0.1767329128342607
0.10635054355381655,0.13379278385752463,0.34643530254348437,0.17775605435587943,0.2440309072409545,0.16244708545492298,0.22854238255113027,0.18722357039711285
0.10490703132710193,0.1492206713390928,0.3009437695468751,0.2275909737120401,0.0956356949055095,0.3973991365985451,0.20132905206857998,0.07804514271532535
0.1110549772474865,0.13508805530077744,0.3779385019187013,0.18399598943076148,0.3341605952611493,0.00841048444661998,0.2620916939407524,0.21134123692071688
0.08533157929751828,0.14085322042164108,0.17984380635166697,0.06842958579112662,0.32991410604638227,0.14887308621182527,0.11857153188867219,0.3342116900619937
0.09913347493776876,0.1343956498636657,0.29118111320914586,0.17054934507731756,0.23992402388004017,0.168241251892494,0.1978715903715851,0.2234137887785632
0.08101270020786983,0.14907055291886398,0.14095808861262227,0.027064251794000856,0.3836924392750739,0.30342742468574274,0.034365893657540274,0.2514499905876422
0.14767019370823126,0.1420231205983944,0.6172952216431047,0.03296192588902688,0.2941887285580215,0.2184594818622091,0.3811830331048689,0.07320683058587377
0.10080728727704497,0.13947790179764136,0.29257170312362013,0.21067446375747295,0.07355196739704871,0.2134664527703367,0.2512135887816383,0.2510935272935033
0.07995904315431951,0.13793517459611374,0.14469871961783015,0.2935843430963456,0.3074432331781495,0.02783277255242911,0.12364259437508511,0.24749705679799078
0.09545320483466116,0.14090983934100365,0.2516020527769104,0.24447146540844306,0.09349400354589005,0.2710096967787264,0.19977763851581684,0.19124719575112367
0.047311823271083735,0.15089342767221506,-0.08408700713246914,0.3752136082477259,0.1888678474206386,0.012258159786105375,0.026904667954139788,0.3967557165913904
0.1059969638896675,0.13447791668977324,0.3420410207259366,0.2657424021153967,0.19044284452146304,0.10079952537993643,0.25965614430650913,0.1833590836766949
0.10033592068721428,0.13883889070552013,0.290523213504835,0.3181171069380165,0.28854795540589034,0.1428472223736799,0.18035924234435552,0.07012847293805786
0.11407575404250007,0.13853508978642531,0.39033976248087593,0.09259259292263783,0.2467301150506736,0.28346500116376006,0.22971380134533634,0.1474984895175922
0.10546598542258658,0.14879770240655688,0.30555569533164434,0.0543835435024622,0.035799993265173496,0.23531756627587877,0.2915787976148121,0.3829200993416735
0.1299933642799452,0.13961046382754655,0.5013475520459865,0.0023656647078255,0.3607897058779183,0.1326688550560029,0.3091611068682819,0.19501466748997143
0.10875700963435181,0.13919703172238856,0.35027334298041424,0.048674684601349334,0.297618936367096,0.2648785148391629,0.19681763599170446,0.19201022820068733
0.08990888143377662,0.15620041200594545,0.1914776091156418,0.04349341096371925,0.32607723372306197,0.4530559975403142,0.04635982932433734,0.1310135284485671
0.08844390218805052,0.14080254881934692,0.20201269385076787,0.3036293790893931,0.09568259100835082,0.2200540358587112,0.17996794013461728,0.2006660539089277
0.10995421250084574,0.14008791513092614,0.35659187628110917,0.1844108187939377,0.1330523073274687,0.021525570677818035,0.3301037062492547,0.33090759695152067
0.05514631131187013,0.14492489406419445,-0.03349106252221876,0.28073975774534476,0.26940011834377015,0.1020105306157937,0.00935272186161827,0.3384968714334731
0.06095540873224019,0.14395899279088611,0.006636672803261484,0.374487001063623,0.23396024344942856,0.07772180618829175,0.04782442991430685,0.26600651938434994
0.10088292074366736,0.135102076697634,0.3026076411480012,0.18092361005276553,0.2065504680324712,0.20161056487751902,0.20683758653849355,0.20407777049875073
0.08410794143015078,0.15070858041987614,0.15996396066491858,0.2602798534664869,0.10832092021190248,0.3939789378432556,0.10550563419047662,0.13191465428787846
0.08156712369214494,0.13900085574075366,0.15515820803556163,0.13905758826273107,0.3070134370764754,0.19186164171758743,0.09190212772699681,0.2701652052162093
0.08214562238196128,0.1498667498866564,0.14776875056481792,0.3253997805403991,0.21244562986513887,0.3270486851601651,0.0729331022904917,0.0621728021438053
0.10412760450594102,0.13635528880451628,0.32362224371952236,0.17737283920081537,0.14278184292215534,0.20344223316646753,0.2448763228010958,0.23152676190946606
0.105241883815941,0.14359596748000353,0.315063748724289,0.42664049756745825,0.18032400921546013,0.09344855212722324,0.24944426173367718,0.05014267935618126
0.09226235178088678,0.1515703167966573,0.2128540235498029,0.2787166474072938,0.20059420621481364,0.38265009446461146,0.10731448977316405,0.03072456214011699
0.11518176652064863,0.14015923947960918,0.3937076622670791,0.23882697176341783,0.22190201871402662,0.25757728971805316,0.24013327255091185,0.041560447253590434
0.1303189243199986,0.14891517022647321,0.47220793028041513,0.13159030563662238,0.05855610721159307,0.3810891243794957,0.3376585749706231,0.09110588780166577
0.12481417478171908,0.13723323776591806,0.4722921053008611,0.11500295329527516,0.3256975364930557,0.2001999148517269,0.26994657281012435,0.08915302254981788
0.1131032267334156,0.13697247803022797,0.38769267736907287,0.07209753831648218,0.2690678176061908,0.2354155113818805,0.2337355381782544,0.18968359451719194
0.07992352629894581,0.13737112712612445,0.1450343075415945,0.20173306301400679,0.263343176861639,0.0966474816431267,0.12627359454848985,0.31200268393273767
0.12929920229770794,0.13789762399559174,0.5025409451574254,0.10319480936656714,0.18252723806007087,0.23475854613593242,0.33408442112546566,0.14543498531196397
0.11162399721822035,0.13662105171270714,0.3778626834668028,0.13089564300351522,0.25763369057384916,0.24629432874695104,0.22353711740885743,0.14163922026682707
0.1340020807928487,0.14288623462704986,0.5179090973039003,0.11564427385551357,0.21731303893557385,0.3128063273717065,0.3155031178503453,0.03873324198686083
0.11047471665057267,0.14130814057210722,0.35719609957514264,0.14491208796779695,0.15721672552133922,0.33072998779444945,0.2293686072814242,0.13777259143499024
0.12701402636800957,0.1432094611564839,0.4679441276214555,0.011456595996143914,0.24857693233644823,0.042240711254649475,0.3668738149218395,0.3308519454909188
0.09346223060444259,0.14720975811885217,0.2273098674438845,0.1981078885004137,0.18464353949783952,0.3860290808839066,0.1240928079107964,0.10712668320704392
0.08334214405241595,0.1482276408401152,0.15747497511340555,0.32301925427963185,0.27832485224169196,0.2822387049310882,0.06713323325182424,0.04928395529576376
0.08297728727255937,0.15390056611483452,0.1492995630400387,0.012973239442614998,0.11814250629169293,0.3858598667194047,0.11963617903234154,0.36338820851394577
0.0911354379025787,0.1505496601332311,0.20681174487557763,0.11188238267186505,0.175564967900232,0.4366610971973335,0.10873053237115311,0.1671610198594164
0.08680791453335497,0.14503163940047958,0.18484183619637362,0.15251221345598495,0.05552926328327154,0.2481501864677538,0.19182135616266846,0.35198698063032136
0.11791705041906946,0.1429474197565556,0.405163314718826,0.39528757550720367,0.2631318309492327,0.015566206592696625,0.29923428248809975,0.026780104462767084
0.10222819910934804,0.13499912958694957,0.3128034916858476,0.19084690110259556,0.212110816381506,0.061236232069178366,0.2537001202499608,0.28210593019675934
0.11767221704112121,0.13946683863591788,0.4135192107686341,0.2765301834420769,0.10376737552442158,0.19951678849434237,0.31112785247658786,0.10905780006257133
0.09840638950242143,0.1482658508717437,0.2590373256997972,0.3483093585090294,0.004024591363781971,0.0015489483077472377,0.3226898818304306,0.32342721998901075
0.07015711994170594,0.1402780162007452,0.07240706859705351,0.2654147261938009,0.3128643290725727,0.0396641017638146,0.07804057229858177,0.3040162706712298
0.08568112883669744,0.14667171568981455,0.17509257811511944,0.10079482975280485,0.38798610973412,0.30167611611681955,0.04731252757705888,0.1622304168191967
0.10442046667141322,0.13577912364798914,0.327152403683017,0.16270901733087453,0.26651125007404314,0.22123181970848846,0.19444927092188158,0.1550986419647123
0.06570114267604543,0.15372536319461888,0.0370865454962542,0.28003916840303605,0.11180126023402616,0.3835401921141778,0.02673827775109344,0.19788110149766655
0.10755178790719068,0.1356455881192723,0.35055904557233886,0.21261360662602302,0.20579093496594267,0.02177612335346195,0.2895884807317247,0.27023085432284777
0.16379880879130906,0.15176285154666067,0.6839539962083232,0.039530590378477934,0.4773589977441651,0.050300171989617254,0.43265347662593573,0.00015676326180389467
0.0734708239909324,0.1495837601978255,0.09005539086005825,0.31969944219041646,0.007145554201791923,0.2745973876598064,0.13106066906277994,0.2674969468852053
0.05496374293087801,0.15868035216380566,-0.03173837844727659,0.17986983645170582,0.031746978484701135,0.34362900144711966,0.031901336176349375,0.412852847440124
0.11703111461257927,0.1465005807481007,0.38928934152582634,0.027349319427560213,0.2571744600536747,0.38793278380554347,0.2109902230090955,0.11655321370412612
0.08761968834469733,0.1405331392300136,0.19653505568883362,0.22669599201259652,0.23422287337649944,0.2755549273408551,0.11233847747689357,0.15118772979315545
0.09271384148195766,0.14419407620693747,0.22687368540028646,0.16976198512825885,0.12018535390899561,0.35110674737595493,0.15878671197066152,0.2001592016161292
0.10864642212125188,0.1385122144827523,0.3512067314995486,0.1272427363047817,0.22463929141016561,0.2893000933532602,0.2101694378273435,0.148648441104449
0.07725004922831182,0.15527102968082326,0.11109637943260373,0.4826690319867121,0.39704180926603316,0.037544340822541204,0.05925763291303938,0.0234871850116741
0.08350368270046643,0.13740527621840617,0.17105371312748752,0.15810129169461054,0.2858227415025655,0.10835613931174438,0.1329554520718423,0.31476437541923724
0.08025510543687489,0.1526000644285559,0.1327332692336962,0.440045724525132,0.3496838017517373,0.1402860321030318,0.06154067633171789,0.008443765288381032
0.08848959382495988,0.15654075553994315,0.18199473821812776,0.09292145342964342,0.2540726653535515,0.47914038336512493,0.055573715819477607,0.11829178203220259
0.12059976794472631,0.13915070236721533,0.43549739177604,0.08119774854528151,0.28338482465079795,0.27612409614641126,0.2469668848603986,0.1123264457971107
0.1099694623402649,0.14640433101950198,0.3413113668994441,0.14431094441680614,0.03759807040761113,0.08805984800807433,0.3490752231840132,0.38095591398349526
0.062097019766350944,0.14406710382401003,0.014555854256032182,0.2000688301373272,0.2832163184868744,0.1985497056550553,0.010254742285988617,0.30791040343475445
0.09935682665615295,0.1388999869441566,0.2833465108385934,0.04774893796653995,0.3294053849684505,0.12200484446089901,0.18914852434197227,0.31169230826213834
0.0741260310230317,0.14475667201219392,0.09758466277700664,0.1879505868953682,0.10788463604985307,0.14401186473880062,0.1470699417303487,0.4130829705856295
0.12313778324799182,0.13911427742734897,0.45385552378665733,0.32930033698641603,0.18907814168076026,0.0823942198453402,0.33441463272682753,0.06481266876065606
0.09306924593636064,0.15965249981410154,0.20713265357489724,0.12301655508817304,0.21393724342423515,0.5145693312673291,0.07703017768256372,0.07144669253769906
0.09735702334792216,0.13886820577798553,0.2690106287370517,0.2219404828478306,0.12418986873207706,0.2555266095789487,0.20291809553815718,0.19542494330298638
0.1441453233677653,0.15114366623528097,0.556724111990103,0.05102047123135591,0.06426927527496079,0.3741243601657936,0.40365236833548324,0.10693352499240638
0.1330923647754399,0.1487382202468444,0.4914161582284403,0.06089099358268856,0.02866719417120509,0.326455864348851,0.3839095305091401,0.20007641738811524
0.07799836311448834,0.15207064605517023,0.11835527487637983,0.26291622739018655,0.2757909336453938,0.36181461738714943,0.02509480317383575,0.07438341840343428
0.1293536122279431,0.1471918482792946,0.47117835015119536,0.028703035536482256,0.36357098361749723,0.33198583804435333,0.2406965933978212,0.035043549403846075
0.1069065320621535,0.14700255225128003,0.31908651478358985,0.18684458050876612,0.2035302772023775,0.38334097934220707,0.1764065970951015,0.04987756585154765
0.05900751572555483,0.14627619227114888,-0.006785002118495292,0.3029152383414121,0.12397458567175247,0.18751792656105332,0.052920312207996915,0.3326719372177852
0.1074258619346571,0.13387873829660968,0.354244912508696,0.14898559452592647,0.23751670952218262,0.13052867292906184,0.24801230335702404,0.23495671966580503
0.10653408976227972,0.14287838613676493,0.32569019724044707,0.2568250805353715,0.4160693147611314,0.1439428827770658,0.16290133099715215,0.020261390929279074
0.07846942538618247,0.14345645164905962,0.1287458679890159,0.21996439703236118,0.2695134527555489,0.28877532318998606,0.055930411252687794,0.1658164157694161
0.14954396542566878,0.14034808268830995,0.6380134570454463,0.08296678070899804,0.3106048674760586,0.07409286470235593,0.4241444515436578,0.10819103556892949
0.0729764723909241,0.14534244673422314,0.08928205546624109,0.1374955113278236,0.4014924157813562,0.21632377567673877,0.011322268970661319,0.23336602824342012
0.09365056797876628,0.14339776227647333,0.2346659211730753,0.03411412813553349,0.3975969937764383,0.23730922588168005,0.10351361877050182,0.22746603343584634
0.13007628550342115,0.14211532146199363,0.4930945149510983,0.025467116415041468,0.26501486421340237,0.3065737647589815,0.2897153145257179,0.11322894008685674
0.10659084799438617,0.14599847929421725,0.31911872109637485,0.16235581528176835,0.01748690980427578,0.3246439106058074,0.26658502504887566,0.22892833925927272
0.05237083127826479,0.16619850564688268,-0.0459039549846777,0.656816406008862,0.12148728075968308,0.00699509257991054,0.053056199115240704,0.16164502153630353
0.07815571223158377,0.14731621298547465,0.12324313708345137,0.018691484740287832,0.28237165233005784,0.17637734935964686,0.1013501494142502,0.4212093641557572
0.09424788307187121,0.1389239348334726,0.24652255288423822,0.07608861133242864,0.2558991337635435,0.12998243720304098,0.1904818338322133,0.34754798386877356
0.12451146824691275,0.14595459476568087,0.44199683025040126,0.016550091631269723,0.2216616081050063,0.37858525751318156,0.2605248133138359,0.1226782294367065
0.0847554316346012,0.15780706001777853,0.15687150899213417,0.19106757062890062,0.3268364767066657,0.42799431376545793,0.019730511640794677,0.034371127258180964
0.09503186441150852,0.13722742511770405,0.25528325975263794,0.262168529473209,0.1877471819929395,0.21367855803803276,0.17846410781929078,0.157941622676528
0.10279725372457102,0.14803901696963,0.2890944198403507,0.07871583075625818,0.562813832212479,0.0868905891445607,0.1231765756776048,0.14840317220909724
0.06505152816616791,0.14374761533085026,0.03514164846868095,0.27285153050863664,0.22100157662893027,0.23094026087756406,0.03063557963722264,0.24457105234764628
0.10910247919960875,0.1392012765425899,0.3527444605336317,0.14334629261761486,0.09229628844846463,0.20218774796343675,0.28872824320702967,0.2734414277634541
0.10260569672949034,0.144502894921543,0.2948432054086034,0.35674985538408555,0.37203590978488044,0.09544972453095057,0.16990075298837296,0.005863757311710613
0.08177819843338549,0.15023310393483352,0.1449627136961252,0.3391280836991063,0.05961385912715776,0.33224508822972165,0.1270348456939613,0.14197812325005313
0.07587927310894077,0.16358871622550253,0.09706826653649897,0.023206679755817708,0.19384958758718818,0.526828105494691,0.015150426783282388,0.24096520037902072
0.07774868090917209,0.15282791361271067,0.11613507303482505,0.018418576767048812,0.2175784116185917,0.10126854725000657,0.1479477263324358,0.5147867380319171
0.08015060967335305,0.14689116448135026,0.13718054278146483,0.2563963560010318,0.16099285116421516,0.3465301746040855,0.0835587014958878,0.1525219167347797
0.08790937378449679,0.14140022759359241,0.19737856338331317,0.20035656953311237,0.08712032752924666,0.2490951212826148,0.18027254491804037,0.28315543673698573
0.08421484487800221,0.15366651262687564,0.15758049339480576,0.5072327973471272,0.06194608643371307,0.1790182413857306,0.17093245354688374,0.08087042128654527
0.10804319185854773,0.14077461432724558,0.3412773822051909,0.3055531300189849,0.28653883436498384,0.1826695616179703,0.20278527481532385,0.022453199182737003
0.08090562571799678,0.13826643900065974,0.1511981205930749,0.19467366373172806,0.27732009864246693,0.20109385705140118,0.09297476057940783,0.23393761999499607
0.08824749455315299,0.13735646421293854,0.2056510024119576,0.14494439467420944,0.21847539732471344,0.19549689723504776,0.15283803076394648,0.2882452800020828
0.08357899336153087,0.1488329538897192,0.15842589121090883,0.29123230403665185,0.0017174960894210914,0.3076214938892726,0.16854141616796928,0.23088728981668522
0.08039707489965614,0.15129507119877567,0.13481651938851266,0.34300585448397397,0.18725420873661744,0.33472741062885475,0.07120487226987533,0.0638076538806786
0.10115320408532977,0.13707533098183095,0.30022326986600195,0.18317689245905855,0.24242894717872512,0.24863722086418846,0.17935134866916616,0.14640559082886168
0.1159722131084989,0.13478090975874427,0.4152829448078982,0.11398822898299264,0.3370876337621899,0.10996471106229028,0.25597533426756663,0.18298409192496043
0.08814217419616364,0.1414551863711272,0.19894763082301395,0.17504668685955582,0.11318992551304556,0.27754423323363187,0.1644520416866865,0.2697671127070803
0.11013819317188767,0.14203100418087902,0.3530087917144892,0.0025755388871837002,0.1942898825153497,0.24331991311620857,0.2527832634827548,0.30703140199850326
0.044173376371056075,0.1820288705756087,-0.08694567833606412,0.0029724102738034113,0.00022295682647298086,0.3189199135139294,0.019782063704620233,0.6581026556811741
0.12010333055290774,0.13523995235714362,0.44441993290700077,0.13394590442669088,0.28510325761849803,0.03687716979217412,0.3148906504722865,0.2291830176903504
0.16329765723418468,0.147545803781236,0.7001056931943833,0.022681260072543914,0.17019784448536504,0.19879660626381698,0.5027463564059202,0.10557793277235379
0.10655781286785627,0.13481844096767887,0.34533712549767553,0.12711328893837368,0.230370085696717,0.1848016401187134,0.23178218604202477,0.22593279920417125
0.08768414284269262,0.13673254809052213,0.20246929666201105,0.19223819586650095,0.27346113135508743,0.04337011751532494,0.17323555493156256,0.31769500033152404
0.07640043070534171,0.14087740700717552,0.11641633001171267,0.16391269170033448,0.2279304159890772,0.24189504030800985,0.08221631752112214,0.2840455344814563
0.0856940636217923,0.14515218389830245,0.17701465408053563,0.17008068583760028,0.07774398153242774,0.32010297196311027,0.15454424212818538,0.2775281185386763
0.10444262222098985,0.1401702754129412,0.3170616743818333,0.20186768554496962,0.1406622532579766,0.2983175391560825,0.2152891829929893,0.14386333904798204
0.14221874205848928,0.14194431132993868,0.5792323854908008,0.04841618918128563,0.3955738335084169,0.015669119745052876,0.381323485845923,0.15901737171932168
0.09413157019927332,0.13484217166087867,0.25312237098281476,0.20998909256819423,0.302894012110794,0.049827628707805584,0.18621335465175196,0.2510759119614542
0.0969397804960156,0.13604896012839168,0.27151828621957064,0.21605067930173058,0.1499017366887314,0.17816560870226603,0.21603446985449654,0.23984750545277542
0.10170562056082669,0.15238570713107535,0.27368459513695326,0.29625105579483435,0.1376641312732939,0.38760327154109636,0.16896779838509196,0.009513743005683483
0.11407137499675045,0.14238944064763903,0.3797428710360413,0.3830111233563815,0.13496967740514024,0.1282727475097088,0.29736903226409633,0.05637741946467316
0.0662474873850422,0.16620134482082158,0.03758987264379537,0.6137248594160774,0.06595208962104107,0.18120790877920231,0.08280879435032124,0.05630634783335796
0.10906070948116223,0.13958008508145384,0.35148788921093,0.07529941217625247,0.1608343163888623,0.27129711850341665,0.24623152676447205,0.2463376261669966
0.17266676834279937,0.15015699305944052,0.750326481952123,0.12892523998377697,0.19397852240683222,0.055939072541011915,0.5700341176974865,0.05112304737089246
0.11672270145728328,0.13930783472929842,0.4071752429969661,0.19913838013665303,0.08866880512157253,0.08708414983781242,0.3543971922251453,0.27071147267881657
0.08869035771021365,0.13819469435007406,0.2076082431756417,0.21617399369584644,0.14773804122220613,0.22497524486901888,0.16672446618999906,0.24438825402292957
0.08669866055499703,0.14043719948055466,0.1901110293693503,0.09908260238826941,0.20966128634485803,0.2430523694045273,0.13838574830710504,0.30981799355524026
0.07921676798004221,0.138760686463874,0.138488562356927,0.307255434544111,0.15484065100961963,0.12250058854907399,0.14799451438497552,0.26740881151221996
0.04572485129321278,0.15807106949990676,-0.09030842109153718,0.31823968155821214,0.022074426895980187,0.26730971311598617,0.008529597009465578,0.38384658142035594
0.08125843537000446,0.15586085859242765,0.13639367549998396,0.18199247141063304,0.2616466550822763,0.44272911514193924,0.025747849633295322,0.087883908731856
0.11838256706622746,0.14070251635119788,0.4149361971643972,0.14267002953188784,0.08242888441858079,0.1211387093982307,0.35784874013140094,0.2959136365198997
0.08832715085392863,0.1414818564449677,0.20021755132218713,0.3282181152796687,0.34795528251847724,0.12659927853297848,0.11031320168222135,0.08691412198665414
0.0851317883260964,0.13689489124616208,0.1835845596378381,0.31568825989872246,0.25842931518849444,0.08981472509620653,0.14336839102393567,0.19269930879264102
0.120533922813924,0.13396373857314461,0.45186797157704206,0.1678059850066328,0.28237553625860745,0.12091730956561632,0.2886654169488821,0.14023575222026127
0.07819617500343722,0.1505290134182109,0.12088151373770883,0.26217401320442607,0.32676505532452405,0.31879886902488636,0.020005504336773724,0.07225655810938976
0.13671943060181882,0.14110051440802182,0.5437218349181099,0.18297019122549954,0.16557071219891356,0.2458853772510847,0.3624483732577871,0.04312534606671504
0.12200910601895083,0.14290802189566584,0.43390920395093274,0.15154604852737572,0.06453153327530944,0.29986914925103,0.3235045090982486,0.16054875984803618
0.08878719152315005,0.14240881896731886,0.20214472482744467,0.036771925956503616,0.27763402249112584,0.24646819287574862,0.12539075129978863,0.31373510737683324
0.07615810880936229,0.1408340250340034,0.11473157005532594,0.3273029536977299,0.18710929050762856,0.18975032309455037,0.09978875460852947,0.19604867809156173
0.09478178331746852,0.13713020657150612,0.25364056678009644,0.3490385309868106,0.23991391909324142,0.053339319724197,0.20062850186122846,0.15707972833452263
0.093739326855316,0.13736165759354732,0.24562405147403327,0.21159509531082538,0.23487189042284037,0.23756608468986312,0.15153290382423695,0.16443402575223412
0.08489016005163419,0.14212050459137204,0.1751341942051143,0.2462738092503381,0.14058770839099213,0.2915985317124475,0.12977849736915428,0.19176145327706795
0.11365992722990355,0.1410694067385811,0.38037961929861924,0.01441039430411423,0.18694053399659233,0.2436191313003308,0.269666011550443,0.2853639288485197
0.12494197820589567,0.1373245649698922,0.4729086760270015,0.13903596093596646,0.28349817071655603,0.22207920122872502,0.2778059446132208,0.0775807225055317
0.09028157305779534,0.14341309189990756,0.21114929367069077,0.3247119236619552,0.3449722931018527,0.17054321849827117,0.10635865825139772,0.05341390648652321
0.09793489694932506,0.14071633712180534,0.269584170006417,0.21220216461462707,0.09689921129045745,0.2822696435120547,0.20824455205306946,0.20038442852979133
0.08865925333828457,0.14722558567836697,0.19466217917376374,0.1770763985907735,0.014490308664084637,0.2949961467560199,0.19877098547445093,0.3146661605146711
0.0993702827387745,0.1353347476998774,0.2909103789522206,0.19901627326097143,0.26299793219907613,0.020817871767826915,0.23397093340437086,0.2831969893677547
0.10347683264070959,0.1347046518811303,0.322756727652402,0.20785383670212293,0.20561043344154856,0.060414706027887455,0.26041951602449753,0.26570150780394364
0.1305597733534567,0.1396206515170798,0.5053677417113693,0.03246009426888582,0.40210049949485466,0.12428651845207185,0.2959715225711633,0.14518136521302433
0.08660170077019438,0.14800025875139303,0.1797409071755694,0.4169420657132517,0.043731376173479684,0.21444656050787034,0.18441780758391357,0.14046219002148472
0.10907827599738204,0.14126716709290119,0.3474145975130004,0.19690501524968307,0.03997548312183782,0.21860107502486262,0.29910664631035533,0.24541178029326108
0.10751034356811418,0.14461861273110466,0.3285216381964064,0.40811018927714315,0.170661116580871,0.1541708740162232,0.24535882723696145,0.02169899288880119
0.05628044202111761,0.15427632237889485,-0.024109713801365732,0.326169624913136,0.04960908912866413,0.31155962332354625,0.02883772932776936,0.2838239333068844
0.08133827741414178,0.1554833727335916,0.13723832355182583,0.07979779001804725,0.02002347958311187,0.3778146470006208,0.14717149141484576,0.37519259198337435
0.0857596052075238,0.1472692910451893,0.17491498074516787,0.19947118326383215,0.03910019021141954,0.3349631223650935,0.16254015679613615,0.2639253473635187
0.07759210100145537,0.13769656956770518,0.12775990757565947,0.23291515905755544,0.28095642560652745,0.14075382002475373,0.0931437842722522,0.25223081103891115
0.12913252141901085,0.14316850422960659,0.4828752091181977,0.19658547227525977,0.17421009772966034,0.30034357399955275,0.30835466142448575,0.02050619457104136
0.10877323679020416,0.13960119317693648,0.3493755008840569,0.2984680593732023,0.362806092241135,0.0853717648628175,0.20785245246597797,0.045501631056867074
0.05355275741882355,0.14737931299617457,-0.04374591284289535,0.38918950658440377,0.28774163909853145,0.034163064688073716,0.007910573283428103,0.28099521634556274
0.11336570082901261,0.14172016265526755,0.3765568697435381,0.1495950462779445,0.26799405659001,0.3145489637759858,0.20413016541390597,0.06373176794215378
0.10639012696757068,0.13594627444068375,0.34123867798827895,0.23435056416282818,0.2863675902958028,0.17384117393008253,0.20433099609871852,0.10110967551256798
0.09901306499656547,0.13830210487921257,0.28208583687600336,0.11017928901410008,0.2121568404530334,0.2679259236509828,0.1816421042886713,0.22809584259321244
0.07529497587430388,0.1483589798114218,0.10309437213537889,0.0993730882132811,0.12271988368689292,0.30803696508661527,0.10222118763627622,0.3676488753769346
0.11199292562085629,0.14276264443888936,0.36419138791669176,0.11500999553741569,0.31213155727203934,0.31866878886330985,0.18288911586734904,0.07130054245988597
0.08290172119164915,0.15453807350037949,0.14819468544489728,0.27935769810995986,0.42880864724822393,0.2689120182118547,0.015451951373848827,0.00746968505611275
0.1310916677140792,0.14525794813020595,0.48941671439799106,0.13169413353186957,0.08048264519171802,0.3342284169286256,0.34728201400481495,0.10631279034297186
0.09627600168541368,0.144885902344503,0.2503763381971994,0.12386354585653689,0.08985983866571129,0.34551600785819214,0.19118970521159262,0.24957090240796698
0.0873796727110178,0.13606614671089476,0.20122325334304134,0.17264921306129277,0.262211314101325,0.16033814520297587,0.1411498036743063,0.2636515239601
0.0899514266215918,0.13722869343172522,0.21825921294290693,0.3251680204945099,0.1614820293185592,0.0821628417011736,0.2027694862972155,0.22841762218854186
0.09191610906130183,0.14398052942679884,0.22166961872110846,0.31172757514638605,0.45346101172462366,0.01794191232769827,0.12081716142603942,0.09605233937525263
0.07922938629071373,0.14229870939377715,0.13513394726231193,0.20108288326206,0.17202157882858002,0.2918547068551091,0.09704605466321584,0.23799477639103495
0.09467152784459704,0.13613725228085155,0.2546806789744043,0.1994006929353384,0.20545146808080858,0.2163045125399754,0.17444989807145475,0.204393428372423
0.10600026512955295,0.14998119451612668,0.3067068860063439,0.1125976202722522,0.09485806263665307,0.0031149110035294018,0.33935401286694133,0.450075393220624
0.12133470785458063,0.13795361780625198,0.4446038373616395,0.05944243323458692,0.20253781299662874,0.2373621980902217,0.2949664079200625,0.20569114775849998
0.09378863998401012,0.1401713062499734,0.24105247277751277,0.3744269753280149,0.13300603447219428,0.13503403975394146,0.20954328037754325,0.14798967006830613
0.13024151789065908,0.14217507559188225,0.49404944993515904,0.0005532704871080667,0.2839726673815256,0.2917125635670734,0.2898722056694469,0.13388929289484605
0.12604302578743887,0.13953341384177917,0.47331333742272585,0.32962228279066513,0.22718300649128303,0.010120737744022003,0.35496733793947616,0.07810663503455367
0.14238238729148386,0.14255305703151483,0.5779068439989417,0.03451082873185299,0.32574297418022624,0.004098719346106526,0.41348861385616253,0.22215886388565176
0.06865267916088949,0.14865825622089524,0.05820517057614511,0.34891488659803194,0.020585837418546037,0.20711977949635446,0.12399121656146223,0.29938827992560535
0.11233586376019117,0.15478860839819925,0.33811185656217857,0.1930898108441857,0.1392423357151671,0.45840074543803333,0.20026894085887828,0.008998167143735681
0.11955204140111084,0.1389296751846423,0.4286488205055121,0.21829792231746445,0.3660897809555267,0.14226930427636897,0.24162087460432516,0.03172211784631463
0.10730723018016362,0.13981981405005994,0.33834425043095917,0.259504365470257,0.33372596494427514,0.1823800861615156,0.18543366675911765,0.038955916664834486
0.09216100188169499,0.1471238932550131,0.21859808879547263,0.08717500480803798,0.06677113285835433,0.20793777252820977,0.22847210463598222,0.4096439851694157
0.09861523326808282,0.14096142577362356,0.2739418465452868,0.028285738161814615,0.23169957503654606,0.20336055682004278,0.1993955249559816,0.33725860502561505
0.12307465369015948,0.16270549577965257,0.38766148240978715,0.1604101747034012,0.031821040792013276,0.5246666943799919,0.26937423896796236,0.013727851156631282
0.08284765964014101,0.14507721626255876,0.15748620099514202,0.14256860164390484,0.17543693608767366,0.3498443843353535,0.09788329185833845,0.23426678607472945
0.06144230565580146,0.15070376519034773,0.009570468620871832,0.16567807848824279,0.1576983232026711,0.33444320669504823,0.015625779026464576,0.32655461258757323
0.08590059035649618,0.13604400896209884,0.1903839099868922,0.1852582299089526,0.253317891380494,0.13701439375615465,0.14447813359494083,0.279931351359458
0.07785522709798257,0.14271633350845664,0.12510990619671825,0.32813576521983034,0.08741973780682087,0.0729722837593469,0.18174599725844234,0.32972621595555945
0.11440616686685519,0.13626937411946274,0.39925454430545154,0.10655942179806388,0.2155334345124812,0.23409040506730744,0.2574028571509849,0.18641388147116245
0.11700977636966602,0.13620296536944346,0.418564869090992,0.13176459188240042,0.3166028765059894,0.20015085296846347,0.23853363790993137,0.1129480407332154
0.10749725786274685,0.1373001005645361,0.345937531490892,0.27810714444019424,0.10701613450810883,0.10174384233581056,0.29669317651171806,0.21643970220416825
0.08718373808870108,0.14020198508398263,0.19388982311782327,0.26357600437990353,0.1039367069416174,0.2309593268049442,0.1712487385250908,0.2302792233484441
0.09565506075173871,0.14428652148472795,0.2471128999773734,0.1225893831222406,0.3015221844824896,0.33965372243480074,0.10954011799892094,0.1266945919615482
0.10699773044029626,0.1362243961379851,0.3450023033516778,0.21080403970429992,0.22178207328814023,0.22449686045069006,0.2176732561493971,0.12524377040747275
0.1435819103051341,0.14126955834663948,0.5916484151528625,0.24798142646881632,0.16003406298842085,0.09849685374567717,0.4349619558239049,0.05852570097318076
0.10891108815345132,0.1367994273034099,0.35753869089649437,0.23818410152853542,0.20996497546444315,0.21779261474531447,0.2302792420408989,0.1037790662208081
0.12988975620490198,0.15110969627071705,0.46251007003344524,0.4489180728140159,0.08380360658324346,0.01147441174884325,0.41614696024652204,0.039656948607375266
0.07347047757913718,0.141826161860027,0.0949787923643569,0.2962812609635162,0.20225042800081164,0.22582444080732875,0.07367249285210763,0.20197137737623588
0.14297693094690975,0.14273030259078665,0.5813546909152701,0.02191115588943029,0.42475142546197475,0.0859941078371584,0.3535387204060304,0.11380459040540616
0.15039225842916262,0.1411820828375026,0.6402530449504847,0.04059508261454382,0.2855423031976802,0.10039254207143297,0.4325853604308484,0.14088471168549463
0.08561762277979476,0.13796863809212995,0.18567714470507665,0.143384548481916,0.23757238164638955,0.11930896963304598,0.15825401010227078,0.34148009013637776
0.10193448438876032,0.1440722596222238,0.2910656395528049,0.11511385054478147,0.05280145878892972,0.21091769841671815,0.2725946361339801,0.3485723561155905
0.10587106847477157,0.136350374320687,0.33642055405646243,0.18476345622875917,0.391883806931873,0.019506826534897406,0.21420458328586336,0.1896413270186072
0.12320743577327943,0.13530991514007584,0.4671308507425024,0.1897189793830659,0.28308683335614976,0.14952303484817872,0.2891221231657657,0.08854902924683997
0.13340470047973893,0.14801366791697398,0.49593190624067357,0.03071320821083727,0.16483171920332232,0.39314178914682224,0.31474625825490565,0.09656702518411237
0.0721781981149784,0.14414512554433997,0.08448567420500327,0.20841564823913283,0.1628729260629599,0.05906660647457353,0.14264186282528662,0.4270029563980472
0.10920822041647119,0.13910621322391575,0.35374566869462515,0.13165426182405357,0.31119227701760493,0.2667734121211367,0.18619576839297924,0.10418428064422569
0.09855824808099521,0.14087298244745924,0.2737093189276099,0.22456608719344037,0.36033036180910655,0.2134529522709882,0.13077650111262581,0.07087409761383905
0.08140470136234298,0.1392470034600025,0.15371750077545693,0.2659299987620185,0.1330948277902225,0.1889837422421889,0.14823792655799659,0.26375350464757347
0.11973025502477576,0.14373164527264323,0.4155678793732166,0.19648776683136576,0.1727219736024848,0.33216530818034473,0.2585503573336635,0.04007459405214113
0.10630655084752183,0.13971623423636398,0.3314328581829871,0.06127054017694542,0.27139129019675967,0.2881923256816215,0.18797579066336956,0.19117005328130393
0.060871989335648725,0.1463120892994943,0.0059597900612560085,0.22400960298034645,0.15565915380582152,0.2411191448404133,0.03845478059667881,0.3407573177767399
0.07396207963466572,0.14079275975069017,0.09916759682379393,0.33076345476593033,0.27830169673644445,0.13947490981371688,0.07096960708110626,0.18049033160280206
0.09338744902436849,0.13487251549185153,0.24754820433660282,0.21307077851133194,0.20409579131245717,0.12323536152367191,0.19751814320292657,0.2620799254496124
0.10789140560116256,0.1433420927981716,0.3341056675417358,0.01080307880369167,0.18520589141370797,0.3117672774496293,0.22446615389454252,0.2677575984384285
0.11704330489893419,0.14258617110478983,0.40006197274917893,0.24080361795670305,0.46227577326355374,0.025457063247248665,0.22885769768856729,0.042605847843927395
0.12076159116006525,0.14403014657659435,0.42186717575651855,0.06124772087574848,0.14682319016063583,0.05962038111077341,0.3693928398243013,0.36291586802854103
0.11513424951136603,0.13499920447436053,0.4084042548697929,0.11383347583109933,0.2166694902545111,0.18077135364244473,0.27622266090442776,0.21250301936751703
0.0986814712791097,0.14269536028496585,0.2710772880201706,8.637074594955924e-05,0.2611002910977903,0.25551468386934534,0.17438838267119003,0.30891027161572476
0.11819413015161023,0.13779607995576412,0.42232065070568015,0.27234144536833865,0.15706253423183056,0.18226769247736227,0.2987455500495622,0.08958277787290629
0.13207243067462876,0.15022564851104353,0.47976115522863266,0.14405732689199477,0.08111066330252657,0.3975642069627451,0.33038604663922483,0.04688175620350883
0.06658911342637111,0.14744817401482913,0.044687657004883856,0.31503627463244993,0.23455603117893462,0.2729213968824009,0.015450957116498128,0.1620353401897163
0.1131640206436054,0.13653004639301958,0.38939429120653646,0.2253249601029022,0.17512126758830485,0.21501958488209472,0.2637960101664659,0.12073817726023223
0.05200245669415685,0.1559773525531123,-0.051273746957077496,0.5020985395133185,0.09638618770301165,0.16026453728141898,0.025644604408125583,0.21560613109412533
0.0941669702882455,0.13700522533342174,0.24938443190831086,0.1297883227302761,0.27510422304320387,0.2231287299186948,0.14919732629444782,0.22278139801337743
0.10940798721052535,0.14689057591889512,0.3363591360538045,0.02319633163433628,0.07922267709152629,0.2755204098553836,0.2818570115890398,0.340203569829714
0.13203318888058682,0.13811875643050103,0.5215308242138184,0.13487013537502254,0.24181396300397376,0.22890465310173025,0.32241457331208906,0.07199667520718431
0.08008980487018592,0.14561840223826775,0.13796199217537103,0.19178887687615895,0.20920065574175095,0.34717536923692044,0.06994074677875181,0.18189435136641777
0.0634195642361379,0.14286532801005083,0.023935578238390553,0.20075874342965358,0.30497427013206196,0.13461532143025026,0.02761122743171539,0.33204043757631896
0.04754276953361199,0.1575013570741429,-0.0790928452795733,0.18238542318736845,0.09880313572311308,0.17591295545257596,0.026761574799979867,0.5161369108369626
0.11748751119525017,0.1336808948320472,0.43003535596822423,0.1812876356640477,0.25416504825851827,0.13199066135063203,0.2817867467549357,0.15076990797186618
0.10724026037719248,0.13924462124762807,0.33926093484919567,0.21762836437540992,0.186478250367704,0.27804417945211507,0.21486443143935144,0.10298477436541946
0.08244334425962817,0.1445478119876847,0.1552658871207287,0.08400855419616203,0.349868060659118,0.28236521677534165,0.05539924063336066,0.22835892773601765
0.08188809659320391,0.13821306934277805,0.15836488327250664,0.19883812092039552,0.31939671241493783,0.029394879592893518,0.1346102059714635,0.3177600811003096
0.09354605830773441,0.142296059709894,0.2357483290551152,0.2336357324817567,0.10447582450993365,0.30458544287025024,0.1777402118833466,0.17956278825471267
0.07505560493886722,0.14440942930432524,0.10425638416684946,0.3553187547823285,0.34459616980012014,0.13044750990530724,0.05114790960309788,0.11848965590914634
0.12700495312271246,0.1541749433858413,0.4346033904810622,0.013493240500708346,0.00919278604756347,0.1750756071784279,0.41653703225583677,0.3857013340174636
0.09982121619952833,0.1476488643141978,0.2697021503314005,0.38661375879280563,0.4272702270934686,0.0044852940106836275,0.16290327355433376,0.01872744654870831
0.1072236514643196,0.14708615619817772,0.3210611568412491,0.2855967268228218,0.05512761203125013,0.32893837521755803,0.24350124852307362,0.08683603740529636
0.12219207944250204,0.1417095360631846,0.4388701083233539,0.05728849470508742,0.22797110112728133,0.3272095537812717,0.26092881601233237,0.12660203437402717
0.10393385223430086,0.1414419200516286,0.31061408257371154,0.18015051970334295,0.09531059664618101,0.3064391228601156,0.22966894217386538,0.18843081861649508
0.06862262773173881,0.1430517185512258,0.0602762960072452,0.23423554325668694,0.34209122236119166,0.18905350385193515,0.015974070417681556,0.2186456601125047
0.1183765846660198,0.13802038316267523,0.42295625710019435,0.33295598481135585,0.2241106892380857,0.030042052676726296,0.31667919843070874,0.09621207484312345
0.10903770212212506,0.13899612010493903,0.3527990715503618,0.11316196505516962,0.1379147054135926,0.26794714321403945,0.2528535224636362,0.22812266385356203
0.06656918474153617,0.14655725926792712,0.04482333235726512,0.25865744817431346,0.11410541534713235,0.2819183567340587,0.06319989988674378,0.28211887985775175
0.11863877170467557,0.13863160392420193,0.42298271133569837,0.2577532565907477,0.2652854563721257,0.1869841319831821,0.25899246763453765,0.03098468741940699
0.08629047622854441,0.14562813262291172,0.1805315755618508,0.3589951051872084,0.02341748431715092,0.06270612874896482,0.24316177611315423,0.3117195056335216
0.11283617105906733,0.14249688372002858,0.37078825641462765,0.024936596269979166,0.3011182868997605,0.3183995118219444,0.1981642600196667,0.1573813449886493
0.10137862721953945,0.13798771845930513,0.2998718123725098,0.21584661765284283,0.0955965801377555,0.14360693515717127,0.26672436122543786,0.27822550582679256
0.07508601284217607,0.1445381273632511,0.1043739331440356,0.42900762902245915,0.12144965353744806,0.10757665209398913,0.13774630361629508,0.20421976172980863
0.1095576532213249,0.13826879030204053,0.3584153236104036,0.1119188118850572,0.13330934331828415,0.22109533791563044,0.27164169273252387,0.2620348141485043
0.10893373036533968,0.14635292312484505,0.3343543082060425,0.3673864423646337,0.014518383154531581,0.021532710839340816,0.3560906257056677,0.24047183793582605
0.09293410176211515,0.1447190523625646,0.22757267425719013,0.24255165458251812,0.02206215638020461,0.10711369692927708,0.26781352685722515,0.360458965250775
0.10490076145061249,0.13620077615423343,0.3296659734138884,0.2750770271166775,0.15011603007061797,0.1636315671271536,0.24989854413882126,0.16127683154672967
0.12389607686862099,0.1379592474934054,0.4631518222196398,0.15478537382706803,0.2710485833315843,0.23656382837016687,0.2722430295262504,0.06535918494493026
0.1294148126400084,0.13721593785357464,0.5058801020190677,0.21354001917856402,0.3430776591878917,0.04526243085917089,0.32360813193378923,0.07451175884058431
0.08631634431435936,0.1361037746660993,0.19335499238666035,0.2918855623772572,0.22104948899180035,0.06979518257451141,0.1709714692127018,0.24629829684372925
0.09544447435255259,0.14082476836494653,0.25169204795493394,0.2123035456230197,0.1431027522175059,0.30123503834789894,0.17392278848044535,0.1694358753311302
0.10409443277018518,0.14094689824259107,0.312844293276266,0.024966148173092936,0.3698245158281981,0.07103416211304661,0.21189729953097725,0.32227787435468513
0.12255517920452477,0.13598318659951772,0.46002142447768346,0.0933689398436178,0.22854275266630392,0.10430333262077639,0.32922180414865776,0.24456317072064415
0.10114701629465211,0.13499438932376012,0.30480538117749684,0.23298969079031076,0.2434914372330375,0.17657999538737035,0.19744561729410373,0.14949325929517765
0.1016345827490476,0.14251397117924686,0.2921438677523184,0.14387703034814026,0.2425658491642909,0.33993783139891093,0.1559475933613433,0.1176716957273146
0.1048292088119977,0.13463660021884516,0.3329645039991357,0.20550569638564753,0.23035062920305904,0.03891805589664405,0.26370467728437547,0.26152094123027386
0.10232251764916354,0.13804571550495198,0.3065833480912731,0.1731705865305977,0.1067727360378604,0.18042878013303618,0.25844647595458614,0.2811814213439196
0.11096824540615549,0.14889579286281118,0.3423081634893227,0.2212945014620267,0.016149668675500543,0.36751560519500365,0.2676492858560108,0.12739093881145824
0.043533840217618316,0.16909404359423433,-0.09737870969538477,0.10466055259951282,0.102001261989028,0.11930209650649413,0.0324117954019373,0.6416242935030279
0.10096267875004725,0.13628444818832983,0.30056752105303625,0.1444752123929146,0.18700577933271556,0.2212429382831725,0.21147332270200908,0.23580274728918818
0.10989061183035,0.14596709401274435,0.3417935540046722,0.30700464602407557,0.13936011833838002,0.30163454043470084,0.22957075561355614,0.02242993958928738
0.08643515121249078,0.14032191251762594,0.18838933091914808,0.21093443544704057,0.21246080520188063,0.2802609520129239,0.11538013537612847,0.18096367196202648
0.10544284832093997,0.15054806555559128,0.3018494336226445,0.006980960894803423,0.1902108370719211,0.035652857398721725,0.2989259131236797,0.4682294315108741
0.07599762745558053,0.14077149376257728,0.11364252113827711,0.13152754451898402,0.3360401130468103,0.12997677342897263,0.07689232136950602,0.3255632476357271
0.07593301931142812,0.1492402880422011,0.10676084534842696,0.05843153498559641,0.4336150430225481,0.023134906305631392,0.07878241638820846,0.40603609929801554
0.10726591030441453,0.14308940553281804,0.33032431806122736,0.21469890205884473,0.010523138414313531,0.20815323610257652,0.3044019530937539,0.2622227703305113
0.06556680493185364,0.1507015570410035,0.03693926619709049,0.0573238421857909,0.25889313787122836,0.29375359756183356,0.016268886251934775,0.37376053612921245
0.09865818672835526,0.135934862742481,0.28438758055459595,0.2288699465162407,0.21477432256871462,0.20825350281680635,0.1881344795565654,0.1599677485416729
0.08961294842276779,0.139274953526327,0.21262221004561377,0.23801378604484608,0.2828257576026262,0.23235704615995598,0.11494316196598356,0.1318602482265882
0.1053344036746621,0.14350636274870118,0.31590518222560415,0.27399384953328126,0.005229705303179675,0.21344512245757483,0.29162365429232434,0.21570766841363984
0.11349086841588474,0.13846290370385167,0.38631912942034285,0.3515211843371138,0.24316700305249375,0.012153322296888251,0.29249218894342227,0.1006663013700819
0.10127723483180534,0.13488491911510941,0.30601816053713,0.24283675868386595,0.16990508147787894,0.1462027850486182,0.23486036483514464,0.20619500995449222
0.07559166215350697,0.13834222342280422,0.11270356777377673,0.2413458663327509,0.3098669285090608,0.11321135398462977,0.081442562099089,0.2541332890744695
0.11502202301056272,0.13492453947108032,0.40779848666710566,0.2263493790425644,0.3042882152057979,0.005384437093705453,0.2880492976572676,0.1759286710006645
0.08039771016479916,0.1484738572560374,0.1373825031677065,0.38191296827141546,0.05616581480764835,0.2659274063473112,0.13972226805060148,0.15627154252302342
0.10199281968332694,0.1361859566657324,0.3083491184513103,0.1579863955001201,0.2546285083308231,0.2331053501100327,0.18522288861441447,0.16905685744460955
0.09585465482961483,0.14237726448765084,0.25182851320145083,0.17481979659725058,0.39795589699348555,0.22918643425967422,0.10390293982131865,0.09413493232827111
0.11033883765420584,0.13642822546813654,0.3689767090459057,0.22845214235847025,0.19537168000414185,0.002876536940084805,0.31018119323833626,0.263118447458967
0.10713340319944492,0.14262028563121903,0.3304817613485946,0.2289561854628239,0.023794288445196356,0.1252512206286779,0.3235903241319735,0.2984079813313284
0.08616736420836447,0.14363196674569087,0.18218342894862247,0.14796914141986267,0.08138834882734776,0.23271862347580247,0.18439228795290824,0.3535315983240788
0.12970076328346622,0.14695381882729092,0.47430385844809386,0.4152736216829043,0.1559804398987364,0.026737507035021195,0.3857015664461929,0.016306864937145005
0.08495694555324539,0.1529814633843262,0.16313705596179026,0.34034719366960575,0.23740117479984388,0.3363903770692897,0.07132246677065575,0.01453878769060485
0.1133903295150895,0.136443479100555,0.39129997173219494,0.16003915294972054,0.14771797541235585,0.1086658302404535,0.3139274857081772,0.269649555689293
0.1083825195267925,0.14189361039216586,0.34097743649677237,0.24405016890253506,0.0600765926177214,0.2708836486097225,0.26818672006049743,0.15680286980952374
0.04627563106856835,0.15404900496432186,-0.08909092878990194,0.41698784635078656,0.07529066648563282,0.12054305026466347,0.02850798307386206,0.3586704538250552
0.06298152239214362,0.15109501993625715,0.019732764146703486,0.4755669287426824,0.24088931708886696,0.1252966382556267,0.03070794283997527,0.1275391730728484
0.12398577276870631,0.13819409145417996,0.46301380974686335,0.19287412955434508,0.10517462510364606,0.11019778067900925,0.3725606656740659,0.21919279898893373
0.10264569380573534,0.14799797844667067,0.2881505156579028,0.4061073145460575,0.019886785561232315,0.20335290847258028,0.26684079584832815,0.1038121955718018
0.08688563706086608,0.15346811406285213,0.17518712095370637,0.05097716944547992,0.3691243381359819,0.3984437229204603,0.03342450185248558,0.14803026764559213
0.0984179927257855,0.14225760263841022,0.2700593290851118,0.2635887019055607,0.022874696897049036,0.17704178064145876,0.26742190596580895,0.2690729145901226
0.10919538349312187,0.14289868509635614,0.34426757293077664,0.1786736351293399,0.061709539393486966,0.07662426028523005,0.3373099434150814,0.34568262177686176
0.09607798833092887,0.1356991589137616,0.26586744250829775,0.16871084108801374,0.21264450303462148,0.20536042790872924,0.18368188435370808,0.2296023436149274
0.11007717872413014,0.134263607009067,0.37297656334190665,0.2563521907656027,0.19972474200063506,0.08862517609747263,0.2782251425926885,0.17707274854360108
0.13566122487733506,0.13963419969506005,0.5418531064923043,0.10178452773151003,0.276892895460174,0.2405585660084176,0.32364096388240454,0.0571230469174938
0.06446892866199079,0.15155229675908935,0.029487700005594066,0.25431745277704315,0.09567989007487257,0.35397522515064667,0.03897852011023144,0.25704891188720624
0.11303728718193787,0.1421617900113729,0.37307695111108896,0.24374919320390284,0.10935722247074293,0.2939888569922627,0.26212698871762297,0.09077773861546858
0.12027933532717701,0.1482205605758745,0.40668673153695073,0.003087328919568433,0.1214516666906547,0.11516871408027887,0.3643521666695297,0.3959401236399682
0.0834479914122388,0.14800899180586974,0.15842274936237286,0.04514005834567954,0.3020198792627942,0.3513876112480799,0.05954058274780946,0.2419118683956369
0.1290570225003271,0.14019903697018604,0.4925641715713953,0.13466681541738248,0.2276663673596862,0.2808117636478997,0.2987743700929165,0.05808068348211501
0.08208596945165714,0.13922432959832795,0.15863584702024944,0.218311880959554,0.18221810145891193,0.2387553552641166,0.12066631110913197,0.2400483512082855
0.10632751011167885,0.1359855101399001,0.34067975377683785,0.2597345598103597,0.13152397607728003,0.11434401729735212,0.2798461074752105,0.21455133933979767
0.07456612874819066,0.14590389241496446,0.09983372278213945,0.33854696758793384,0.2906703445103036,0.22222120608817128,0.04225349094586828,0.1063079908677229
0.09354649670338636,0.1398297127003718,0.23990964477821713,0.34318667605668585,0.11314678993571937,0.033033059404975335,0.2506319733442928,0.26000150125832655
0.054434545423517555,0.15185065989246468,-0.03665084221842501,0.15321368265708377,0.1597694402295116,0.25166886714294673,0.011694779986847774,0.4236532299836102
0.11571401249014733,0.13867621142662528,0.40175609008201146,0.10713330533293598,0.28845694568726266,0.2711809861395127,0.22346481113720934,0.10976395170307926
0.11938457573813857,0.13491421146110377,0.44016545844215493,0.19619342541205712,0.16902920078887199,0.12877060898321102,0.32228050806524444,0.18372625675061546
0.11565728281410359,0.14294284707852978,0.3893673866977524,0.3149416549214152,0.03979435716649797,0.053336553800687254,0.3696293222739018,0.22229811183749792
0.132806493191634,0.13801066051255187,0.5275425312888229,0.2484646246566553,0.25498922674967184,0.10492321909469698,0.35030037355212856,0.04132255594684732
0.10838996716024606,0.1438750516740741,0.3363332738873018,0.21066255491671015,0.20972377420906643,0.3359101755287766,0.19334106124793307,0.05036243409751385
0.04533867320573708,0.15475156701105405,-0.09474105546999496,0.4055530873535871,0.06466695306406463,0.14430161287602802,0.02202725546593398,0.3634510912403863
0.13834988633476217,0.1503278771661679,0.5211933262927445,0.03701004620567337,0.20551011674956152,0.40846173686673565,0.3151257424178115,0.033892357760218
0.06821155907704746,0.15006271804518928,0.05472084728316505,0.08499415765490352,0.25537405949599223,0.3391663829555883,0.01247888094471966,0.30798651894879636
0.09896916162865081,0.1384093423868909,0.28155008149465555,0.15335516877701508,0.14906347153271232,0.26144886667723616,0.20408033650034071,0.23205215651269562
0.08899635172074777,0.1385764120571413,0.20924449760462313,0.14654576810527015,0.22949356196078022,0.2547633514481523,0.13312812251112208,0.2360691959746753
0.10611047686306756,0.14523046263930806,0.3174986571349481,0.09821852325255093,0.05950486616288013,0.15520799352774386,0.30682562868859686,0.3802429883682282
0.12228391002172734,0.13505259338468675,0.46118262863947007,0.17100303565614233,0.24016042707660032,0.03849491210586038,0.3379097666919881,0.21243185846940887
0.08468899299860155,0.13609248065517432,0.1814133512721951,0.2349769387011502,0.2392236468463427,0.07723190437717337,0.15934601876295043,0.2892214913123833
0.08617111982886454,0.14641063729578932,0.17875149177850894,0.030940753604804645,0.2357805089205839,0.332161844529416,0.10375555828541726,0.29736133465977815
0.09458711833310333,0.14613145502296107,0.23668496510671708,0.40916117158134363,0.3273991306679623,0.10137610277873459,0.14637071814627822,0.015692876825681323
0.09627719602956375,0.14405246862683696,0.2518332131019469,0.30310565020987074,0.3097251180299431,0.23065406687707887,0.12851376261877254,0.0280014022643349
0.09607934865861843,0.13667563941289954,0.26397790281867334,0.1905793079413068,0.18386489606692397,0.2309559783057545,0.18487866686308047,0.20972115082293424
0.10898583497011885,0.13405830460257542,0.3654069407735727,0.2222289550113874,0.18788938553867043,0.1271984827611312,0.26875172025955457,0.19393145642925655
0.11845401026356725,0.14046851632804871,0.4161360267168649,0.2502402346344228,0.05243403278264824,0.182615989644301,0.34156015546480667,0.1731495874738214
0.12959405652801695,0.1364946547073239,0.5098665341675299,0.10041421310012262,0.23937316170150005,0.07707799211109233,0.3632898061842943,0.21984482690299065
0.07944126608928902,0.1432684917487777,0.1356981277040273,0.25345897492322067,0.06509502553739437,0.1433561977628976,0.1811250275535821,0.35696477422290523
0.06412510822054132,0.1469340994818433,0.028074546583048716,0.2710856077864372,0.07848501831579885,0.2168866005491684,0.08569330474760821,0.34784946860098737
0.09803494042470424,0.1363761472699216,0.2788973085551672,0.254802041646603,0.1507377391457776,0.18703637869085327,0.21447429511510657,0.1929495454016595
0.09380258019122889,0.1347472631253929,0.25085912253203196,0.18709944858965916,0.25626975374983946,0.15946275141338093,0.17011574482511618,0.2270523014220043
0.10038907888949591,0.13925247138283453,0.2900420975542889,0.31077340889823896,0.3400195171570161,0.1086347110525688,0.172236842080361,0.06833552081181503
0.09522511982479932,0.14066731276154956,0.25041439360195034,0.15069095910031716,0.1357823080591975,0.2971010043099618,0.18210737704419178,0.23431835148633173
0.11990418475198138,0.13682863295228917,0.43780445261679546,0.12049295375972506,0.2999729111638333,0.22188667419065486,0.25143406004195423,0.10621340084383256
0.10625830458993898,0.13520529815664262,0.3421338159126446,0.15302711673856673,0.17684662870069068,0.16431124961497803,0.2552673255033135,0.25054767944245104
0.10844588893280867,0.14015851635495438,0.34565069745828675,0.26146449744886213,0.179723577084767,0.2617149453024129,0.224167884271462,0.07292909589249598
0.1013607573050776,0.15021697802962497,0.2753400970223263,0.4957876224890371,0.27651417640534565,0.00486833584004459,0.21811994383296254,0.004709921432610034
0.09865921487201036,0.1362735160414369,0.2836883937173471,0.23584595983293422,0.13942092604999645,0.1024111526201166,0.24956820777275943,0.27275375372419325
0.08542548716830543,0.14304016291250685,0.1777506865946273,0.3741905832942175,0.24631964664414902,0.17707358955828614,0.11711994372058697,0.08529623678276048
0.07859859921921811,0.16554316918856837,0.11234893780505466,0.11751131406710014,0.22582677694585523,0.5473551608883286,0.0004711455201096835,0.10883560257860639
0.1232647273974662,0.13900156481769055,0.4551367999377701,0.10107558804878278,0.3847450832650654,0.18911320722057454,0.24532710362199278,0.07973901784358442
0.05693675470293896,0.15369220525996316,-0.019931038739926327,0.2098770748650375,0.05348008150745959,0.2762330469099776,0.05075350106414578,0.4096562956533795
0.10508324673106553,0.13994345411555398,0.32215330839154105,0.2588657255918316,0.3307622676526119,0.19120935350002108,0.17429354231538896,0.04486911094014647
0.1013717356551865,0.13557817369748565,0.30515041268736137,0.17011156687944923,0.16707422474825978,0.15200671935212604,0.24046843753424088,0.270339051485924
0.05599804907263145,0.15207547080351938,-0.026315558362065138,0.3276182200046305,0.06277795253544836,0.27144490123939885,0.03505017955002316,0.3031087466704991
0.11209688877230671,0.14634200466388836,0.355994089953602,0.162822685243154,0.05649980854629003,0.367593147514546,0.26182359906145514,0.15126075963455485
0.09942512497283162,0.14480752428280086,0.2722588150587852,0.010043880096732039,0.17563212366249714,0.3017774534203003,0.19494036224292047,0.3176061805775501
0.12648293214161427,0.14680661116979804,0.45286061446319625,0.06437927236372665,0.2681331569733878,0.37656495965150777,0.24795641322860096,0.04296619778277678
0.10183581340784742,0.1358027231870298,0.30806314060602774,0.1686924646699412,0.17704246592759432,0.21089502720392547,0.2203014762535895,0.22306856594494948
0.09651340150788298,0.1401624404768687,0.26050774646656405,0.22019042821842474,0.07162553185687161,0.1341617248301453,0.2575896226747186,0.31643269241983973
0.0912453191991921,0.14040654357634624,0.2225346369430597,0.04760973665724327,0.3229606135331997,0.18846960194182952,0.13592598492902294,0.30503406293870455
0.09798237584054251,0.14526614313207373,0.2614675038629581,0.19050660105687364,0.003071617446294456,0.2452353015411898,0.2577061625107611,0.30348031744488096
0.09488927322274147,0.13769495655855768,0.25338090874740266,0.0859274111173166,0.28281281362413263,0.20293432385050725,0.15926868837646085,0.2690567630315827
0.09899750068684932,0.14541759212165556,0.26817594843837206,0.23453635583778554,0.006910573436448671,0.29059877663415856,0.24277962729093783,0.22517466680066928
0.07707756944969812,0.1416815108127952,0.12053491914172797,0.23862434697136398,0.12209481632735444,0.23587314481899782,0.12137601256769696,0.2820316793145868
0.09777859558073196,0.14130910668286675,0.26734721114270893,0.10044595327163129,0.16569642707612134,0.3124866284812328,0.18092216229298103,0.24044882887803368
0.10005059324937025,0.13875507977923154,0.2886423568282573,0.19838440529973084,0.34500268466160106,0.21078066938050943,0.1460257276126953,0.0998065130454634
0.0839095133915627,0.14850706904525363,0.1609991601428543,0.20299972338033928,0.2561792030027917,0.37061417230796667,0.060127997126564955,0.11007890418233725
0.12848330669690702,0.13658292630289687,0.5014045939024117,0.1687744106322159,0.1602143685420072,0.17415080530779362,0.3527582434690432,0.14410217204894013
0.1112142153128597,0.1334142065426334,0.38387377656437105,0.1912874469505724,0.2377884362006352,0.08848974520225494,0.27391493157498614,0.20851944007155132
0.11941591468984761,0.13387591837533813,0.4438133116911105,0.15174520792674537,0.2750358691924809,0.08270097710372182,0.2999627835414435,0.19055516223560828
0.09528068419955715,0.13626259080458608,0.25891687506626904,0.16659752038461262,0.23931166329335263,0.22359301592309622,0.16451556427478128,0.20598223612415725
0.05820638167652639,0.14655831724182664,-0.012238256806088114,0.2208503020093239,0.27898247112916635,0.03163533777459891,0.04579795918612663,0.42273392990078423
0.07319437670515051,0.17238591969714417,0.07653975874787818,0.04560471248029247,0.12946512595517054,0.6082237735613475,0.0008758052432181467,0.2158305827599713
0.09647951743202637,0.13789860115006614,0.26453870545306024,0.1965156889868581,0.2003553223262894,0.26149423015452666,0.17023264666768687,0.17140211186463897
0.1156818536599583,0.13634471760423306,0.4083902525771894,0.23160643664721225,0.1592209448706051,0.19430359496072375,0.2866775418348434,0.12819148168661565
0.05484511817073547,0.16120857508717412,-0.03197647412041825,0.25072908558030615,0.0023105104086373392,0.39936066809429727,0.01938249073828128,0.32821724517847806
0.11580063776639071,0.1363592164298361,0.40921794087239455,0.30012346786943134,0.2052192048999049,0.10062265733105254,0.2933818451706053,0.10065282472900604
0.12743252745636163,0.1372830995799085,0.4911932179759033,0.27988310158306795,0.23300630838342812,0.06490726872724466,0.3455943968928521,0.07660892441340729
0.07401106803581839,0.17390754646544207,0.08056618772781428,0.6712547937312598,0.004958836551506356,0.17872553572838384,0.13556885101632823,0.009491982972521698
0.0823945960154787,0.1417759564820809,0.15795764367358833,0.2508815169115632,0.2375414283741417,0.27142944389523227,0.08793520403211184,0.15221240678695108
0.11448875458071965,0.1415802980493565,0.38486113768261915,0.25900110370220203,0.17280866519060004,0.27401674859893216,0.24912220295520254,0.04505127955306329
0.0793507158243022,0.1448023983187502,0.1336353268245317,0.30265435465944374,0.27926222316471744,0.254135947160153,0.06009880127108933,0.10384867374459653
0.11706109331532014,0.13797989549322776,0.4135464308865256,0.16770137815397593,0.11939808169452365,0.09716767927613076,0.34350834444130923,0.2722245164340604
0.06902364448091276,0.1496934927262727,0.06028080657729904,0.209773226920886,0.08382168924446262,0.34057891146561736,0.0709231822513291,0.29490299011770493
0.10258174055525324,0.14192365010607078,0.3000327325532322,0.2719088009151807,0.20451898451969094,0.27927451384210056,0.18312975493071654,0.0611679457923112
0.14537792815819997,0.14116074857895658,0.6048276806242979,0.13717089297902227,0.21843235840014405,0.0047985166817959635,0.45878432027584115,0.18081391166319666
0.12355296255717178,0.1393313653166967,0.45612818343319533,0.28481266290773205,0.12548947892574566,0.1676895225122246,0.33739706727341945,0.08461126838087828
0.10003597657390499,0.13539758984277467,0.29569194415052186,0.2830035805506439,0.29629091726822016,0.08671461291819778,0.19657967852253216,0.13741121074040594
0.11541258443437158,0.1365200970849971,0.4058932392926137,0.267568557136673,0.2157735669821732,0.1649916687414731,0.2701534105950468,0.08151279654463378
0.10778425075918568,0.1369369539550941,0.34895073520370284,0.20427201555207544,0.23456292803112752,0.2381536538566244,0.21241764405370392,0.11059375850646877
0.059677287475296464,0.14644408705797227,-0.0022036569122506284,0.3125234289540414,0.12083004460296916,0.20328352888392967,0.051272197090909126,0.31209080046815063
0.10208929977988299,0.1347574675646103,0.31233370989034814,0.22996445823424339,0.246098755184669,0.021486656898355296,0.24937851539505237,0.2530716142876799
0.06543670645849811,0.14578080659819162,0.037293705429158705,0.330045576307876,0.1434167731621984,0.2405873680707727,0.054257004329660435,0.2316932781294926
0.11140227346249637,0.13684847314127999,0.37561451934819584,0.22955813297349298,0.32867191454639955,0.15308693458737735,0.21659427729954325,0.0720887405931868
0.0886821912756693,0.136785409905245,0.20968750465081212,0.305576852776971,0.17619413844180415,0.13179148044162917,0.17772834017508357,0.20870918816451212
0.11904852073700778,0.14181405548532058,0.41637988939058296,0.33607108245972367,0.0651425483856691,0.10774371734595106,0.35572418074534834,0.13531847106330777
0.18400176246173125,0.16410075163251236,0.7556440858931659,0.015396893599888259,0.1007573058949114,0.01797449099551972,0.675559668033986,0.19031164147569446
0.07607409067283115,0.15269345644309013,0.10527033081356746,0.3506159268556107,0.3780805891181785,0.2277251206159557,0.012602726498028866,0.030975636912226087
0.08307158572762967,0.14032751447992947,0.16441241629010336,0.16798467509632362,0.1416782065507527,0.21144271590579458,0.1530759595742541,0.3258184428728751
0.08477189002422451,0.14852006482990895,0.16679153791505721,0.213762705204957,0.2773176468755794,0.35837083263634756,0.05871217078453734,0.09183664449857873
0.10040998817916953,0.14577220790377526,0.2772132545721219,0.07136056324784941,0.09285127838962672,0.34083802789451095,0.2135652152404064,0.2813849152276066
0.061558203947517806,0.1564332550370546,0.009960822889920139,0.46843813433516324,0.07471455678039939,0.2578520298861356,0.04714045673971201,0.15185482225858976
0.0757018855001578,0.1437429427610869,0.10923587063509395,0.22753348381660193,0.40830300348186904,0.16874529982513864,0.027995679548555242,0.16742253332783522
0.07128571422862942,0.15325908734840568,0.07363814064071435,0.09550729572608573,0.1507170906151318,0.4050479459777683,0.04418429513756132,0.304543372543453
0.1326783477878485,0.13903034075470044,0.5227517058026871,0.2536166991708411,0.17554893605365382,0.007959093770167456,0.4101065136897082,0.15276875731562936
0.08930221576757386,0.14061463226767612,0.20838667566113406,0.3370109045043302,0.14095766061812756,0.2056133028500704,0.1681483682806646,0.1482697637468072
0.1386690826835632,0.15142126238825268,0.5195378868381855,0.010369969689375456,0.1708545039331751,0.4221237019405074,0.32763875369899376,0.06901307073794845
0.07131695374706558,0.141536292689932,0.07995796365712352,0.1847395878616175,0.27882765104824214,0.21876495877672814,0.046464790369085227,0.27120301194432705
0.1084080750212886,0.1383557358058458,0.3498812299998861,0.09841909829729756,0.14820312363065716,0.17172450356244426,0.27759162646220986,0.3040616480473911
0.061322868702381246,0.16782092886978703,0.007882620548523287,0.4265135445046437,0.00364928257825193,0.42295133486765374,0.024952085018350504,0.12193375303110007
0.08530769731757906,0.1388726506899565,0.18223672689938336,0.17089670217566574,0.1592614598330301,0.20067057620863266,0.15910235282153717,0.31006890896113426
0.06995367366854939,0.15557000670537488,0.06398195821512102,0.11338023604179011,0.12915873313035803,0.43398039631593965,0.036170383881479466,0.2873102506304328
0.06740918591387815,0.1433132656483024,0.05169923300792439,0.2345236466983861,0.1739111575056247,0.23882236426370088,0.05942924008049982,0.29331359145178865
0.10944175571849236,0.14082036443404414,0.351098052594867,0.07647278283441719,0.21889728325945665,0.04110073103920905,0.29775827983541675,0.36577092303150044
0.1098666193896031,0.13499749249547305,0.36938922692416165,0.25909594835965444,0.20352168468046306,0.14895277379027666,0.25672730153045836,0.13170229163914757
0.12766548959352397,0.13645306490617004,0.495888382133836,0.21660289461722115,0.23007014604619377,0.15823574632766677,0.3236207206041759,0.07147049240474256
0.11317059041327052,0.13680230775267388,0.38866734989148066,0.15525662214534727,0.20209619546335944,0.25295172101357394,0.24733912969128186,0.14235633168643755
0.10368867153312467,0.1370755944283101,0.31871954825608023,0.19241659189031038,0.11794531753005545,0.14006618302339666,0.27113032791107106,0.2784415796451665
0.11393877357393768,0.14396291483569354,0.3746713077843596,0.2803879762650678,0.04332914540311524,0.2661934288933485,0.29696851965708054,0.11312092978138784
0.12241231472313414,0.1346467546836363,0.4635263201833349,0.15673728991765923,0.23544616335730498,0.1698625938348885,0.3002352816284964,0.13771867126165088
0.1101096115609904,0.133717195316139,0.37474321415820505,0.20975040981479653,0.23285666183307072,0.14516257826867926,0.25177468952462295,0.16045566055883048
0.10068879570398304,0.14375351913324017,0.28304556263607017,0.16029323135964027,0.041985598553633215,0.15319181671437523,0.2857884567596936,0.3587408966126577
0.1026154002872163,0.1427555748899203,0.2985200425277773,0.10435389976975137,0.14729139930233678,0.06383688891818073,0.2863946217587545,0.39812319025097653
0.06492237459472794,0.14277633354779284,0.03447612410554182,0.24375642600007771,0.23467641559690217,0.21049420394826834,0.03364003515551195,0.27743291929923997
0.10162606063554785,0.13673308991143596,0.30443296982836904,0.1615280564126939,0.17747219972229153,0.24114827507877276,0.21033428825671366,0.2095171805295282
0.07278705086832862,0.1435085119293045,0.08910308313020354,0.30236754674041155,0.3228315817782677,0.18956439869311517,0.03550781218297961,0.14972866060522597
0.03850040251508854,0.16328662682079176,-0.1316678401869825,0.4715024147698475,0.016597941272964826,0.03405602528068612,0.04020443178167751,0.43763918689482395
0.12487678399289094,0.13626297811879406,0.4761145315371822,0.24700888841315696,0.1818179139903278,0.052055239636321984,0.36089763353413296,0.15822032442606035
0.09209584019502433,0.1379222330684891,0.23270969067826977,0.10696169258053828,0.2629733739722422,0.22535743262396984,0.14610078779547597,0.2586067130277738
0.07415151323175756,0.14237234236976115,0.09939790970780038,0.12126250537788885,0.3553667449979657,0.10252796461560593,0.07101596091340621,0.3498268240951332
0.10520409814920148,0.14109364219483697,0.3203836646783765,0.27000494385007223,0.06966235561456897,0.04433858069698952,0.31978308695976393,0.2962110328786052
0.13352508781655353,0.14107984970572612,0.5211593857657003,0.20010932527818656,0.40247050133178736,0.07592070692132945,0.3100463827257652,0.011453083742931233
0.09748953701763426,0.14258672215110496,0.26292446065142777,0.21663487256092084,0.04140318492189634,0.26285228400521005,0.23327505376705568,0.24583460474491708
0.09367962091428955,0.14690178848019383,0.2292662414986897,0.020169496177969162,0.1608958729147701,0.3365863633690031,0.16414302495604113,0.3182052425822165
0.14330918927127764,0.14150689411795195,0.5887288374927934,0.15292027260338184,0.17517081939836307,0.233384306313208,0.3934693167332818,0.04505528495176536
0.1318587558840947,0.14288411524680042,0.502916337200778,0.010742598502480986,0.19842880952355388,0.30977215253563134,0.3230319308343202,0.15802450860401357
0.09629841470234965,0.13584738793624637,0.2671999458641385,0.14734525004046758,0.20302516438733795,0.17490569709135528,0.19960164891806523,0.275122239562774
0.102260150676282,0.13553636857264806,0.31179934302010154,0.2665040285356992,0.17743364853027668,0.1649306196215896,0.228400152117532,0.16273155119490243
0.08590704836434726,0.14875357476533552,0.17416084558113396,0.23364237157068912,0.008322239859584675,0.08883921425641282,0.24932860138334634,0.41986757292996707
0.062097097883567695,0.14742887697381976,0.01422447166805793,0.1261530694846287,0.23655071716831416,0.1561313571985447,0.04743474674342509,0.4337301094050874
0.06851456823036249,0.14865071492594956,0.05727902643861505,0.28533038800353544,0.02620446781872667,0.2402988859597767,0.11603854104433146,0.33212771717362966
0.13920403570332723,0.14265690041953658,0.5552064812175073,0.1415277787972832,0.11173375420221729,0.26578267627463925,0.39085360265753116,0.09010218806832908
0.055278439589597925,0.1569188872615796,-0.03008917850998623,0.26420463942412986,0.022869806617031883,0.34224115385660353,0.030194932838383776,0.34048946726385093
0.11493193964629078,0.1390836913822929,0.39495600886305143,0.13814785672017146,0.12612451612550654,0.2739574183418902,0.2787641210091033,0.18300608780332847
0.10782764426333022,0.13810018071599317,0.3463257181515866,0.05658823698994316,0.22532593083107408,0.23556146770299907,0.22901021527627785,0.2535141491997059
0.08317985973837089,0.14931565046131776,0.15524065740433515,0.008798978064152942,0.3342146276308267,0.33476302520520695,0.05426069685333583,0.26796267224647763
0.11586547280203259,0.1351040334158537,0.4134996668091857,0.253340834707232,0.30419487544238516,0.038065095358649714,0.27925705645383286,0.1251421380379
0.07467807346161193,0.14258078769308238,0.10294566118688982,0.1880532840596435,0.2868346665654834,0.2617322544518774,0.04410250704254442,0.21927728788045128
0.09091659685260761,0.14294462342768424,0.21628373359735587,0.28046886355740186,0.04537013302951295,0.2468370665209799,0.20332215523769762,0.2240017816544077
0.111457022379818,0.15498473529512277,0.33201348688845556,0.1484996197861666,0.15162310326775638,0.4771752835432705,0.18951353731643972,0.033188456086366676
0.09191450985444649,0.1435813062655165,0.22227482591242667,0.1976633051893983,0.04107893510205277,0.2621690146477962,0.21120615907862172,0.287882585982131
0.11053579404329453,0.14143934968451444,0.3572965667334899,0.3177577419112512,0.04539155059631004,0.15428441716538183,0.3135968840103328,0.16896940631672425
0.12340088897655281,0.1414957322826411,0.4480763338494763,0.35954992054491275,0.27205348651461614,0.005731377657567431,0.32539080256736164,0.03727441271554192
0.11599374917710172,0.1429899383117673,0.39159223255986075,0.05477687617583138,0.28630894544753516,0.3371692285580992,0.20907186545067885,0.11267308436785554
0.07899359766928675,0.13917039542449014,0.13647728463624387,0.18760244415496277,0.18310284636143714,0.17444605442212266,0.1297137253342463,0.3251349297272312
0.10134565168527368,0.13849796529554384,0.2985289465953185,0.30270374662006305,0.10323683683876408,0.0627640265433262,0.28191814975845897,0.24937724023938765
0.08671740321830611,0.14320895593141375,0.18656237694450983,0.38841988110918324,0.06906811165123326,0.06019322005820277,0.2259277766512327,0.2563910105301479
0.09430828894274805,0.1346838296221262,0.2547320568401168,0.2003037716835508,0.24985820936628284,0.07524520286078039,0.2000702986369354,0.27452251745245065
0.09767057636151472,0.13690231161123637,0.2751639173813839,0.19663561814454647,0.30876255047026485,0.20503571533813816,0.15159829465351862,0.13796782139353192
0.12711947985668118,0.14605994056944535,0.4595338023211689,0.1784785050776822,0.010029157189600258,0.29037909328175626,0.36707820789737794,0.1540350365535834
0.09284604892725991,0.15050914347229696,0.2182329137585294,0.025675516631208945,0.5503855566986394,0.14708076639859125,0.07062440207908029,0.20623375819248002
0.09976774331823647,0.14506563606013562,0.27413620756986945,0.3450393622455808,0.13731206875709595,0.26849006380166435,0.19414147799927411,0.05501702719638492
0.08970064527467678,0.14737665412130269,0.20152883407320937,0.1693551829197059,0.371678487028726,0.31380595681949724,0.06141655187090063,0.08374382136117021
0.11296382902260868,0.13675533790587055,0.38728893389934055,0.24935357343110306,0.3165560795274999,0.13600464705691884,0.2316765018050091,0.06640919817946896
0.08402484159937995,0.1512790093989892,0.15881146825873174,0.13438435831996376,0.00874825174404667,0.33157391240392475,0.1730685377244319,0.3522249398076329
0.06693631277662486,0.14078464206110444,0.04926895913557325,0.23772578408100326,0.27812166962758816,0.09586535848685623,0.06212139413595996,0.32616579366859233
0.08057123480858866,0.13817776057460193,0.14887514982906594,0.2694915876768898,0.31333984133028747,0.0049340535757641186,0.13316704935984708,0.27906746805721155
0.08201218993971406,0.15157569677774935,0.14522242290589524,0.05872256047552648,0.42721778687588924,0.32309997686945185,0.013265565846961397,0.17769410993217125
0.09234763934715896,0.14961362515495893,0.2162078441295412,0.1839496477916247,0.07225132209591704,0.40791523840005106,0.15656691786905416,0.17931687384335307
0.09162770840360804,0.13688012571106237,0.2310613629210888,0.2648909782005334,0.13775481616074228,0.11563877196859033,0.21346990411504874,0.2682455295550851
0.08935159649223678,0.14583824624067396,0.20126131003933243,0.011510814396179885,0.2060842336883278,0.28081548193722927,0.14646394988561204,0.35512552009265086
0.06807798685434469,0.1402594702399872,0.0575931652994487,0.2887248529273809,0.28038842696770777,0.07905052204923349,0.06726817148192589,0.2845680265737519
0.09153801190000671,0.14690779761232545,0.21467895110123617,0.23817550711497867,0.10817342835469945,0.36715852799394166,0.14770551052983796,0.13878702600654216
0.0659166806802792,0.14877874622429332,0.03976831926893263,0.44356045614899514,0.08196691023317504,0.03248472651998647,0.1357982259198373,0.3061896811780061
0.14122590874380722,0.14180958092444318,0.5727815300934058,0.0535018910671101,0.20498535059603282,0.27268102267058675,0.3689156392513712,0.09991609641489907
0.09802114611140707,0.14825777758232334,0.2564529613989054,0.35937200525662977,0.10328392224324563,0.2975616847571966,0.1893591744000538,0.05042321334287426
0.0771688439139364,0.14184792950778993,0.12103697229499238,0.33687498691016177,0.10270549046902604,0.08330261510926906,0.168999309304257,0.3081175982072863
0.1150779147119835,0.1406295059906802,0.3916526217167657,0.1762153959004662,0.1383097341267987,0.007495762777246579,0.3551795971847379,0.32279951001075063
0.11709579631981255,0.14563077335058303,0.39205859452770647,0.10533335061737378,0.024164778413291232,0.19333559575226755,0.35500528645646623,0.3221609887606012
0.06898451309152163,0.15176397596449906,0.05920056478767605,0.2716635118582227,0.00302425888891996,0.30499816927747947,0.10774837610300608,0.31256568387237177
0.08448271162411503,0.140396685477358,0.17438240469048247,0.11098657237475407,0.20716617509441115,0.15549562016354626,0.1563009526215893,0.3700506797456993
0.1040006880976588,0.14167780100466518,0.31056868320683456,0.2569060890973878,0.341483490634638,0.21116245763571473,0.15944590383171106,0.031002058800548325
0.08296474466074845,0.14038689512848224,0.16358182606525412,0.31113107106673604,0.1721904133682665,0.21869229646590846,0.12698684907630436,0.17099937002278462
0.05435251833704896,0.15079873458843693,-0.037450457912423886,0.40184153053318766,0.07094825114806291,0.12464483596198944,0.06482639221709104,0.3377389901396688
0.12621588188529134,0.14577346809216613,0.45423822834088,0.045533327522325584,0.059907245510747165,0.21905670326191976,0.37734870787564384,0.29815401582936363
0.09059090291224176,0.14617219568924877,0.20927990284332695,0.015109714851844775,0.32281605058362356,0.321257741391978,0.09418433429811877,0.24663215887443496
0.09947231620115174,0.13705962470178248,0.2879937566372046,0.2909440832431761,0.11941820886381696,0.13183633502769512,0.24698268751189678,0.210818685353415
0.12549138613392855,0.1376050390965435,0.4759374116232755,0.12012798598033193,0.3330871320860557,0.19859665567083676,0.27011557982738815,0.07807264643538747
0.10453580679377353,0.13750899209300008,0.32387559617667094,0.1822315328289535,0.10861186626679853,0.17980839988651096,0.26670861262563655,0.26263958839210055
0.11853934036390838,0.14331121028230118,0.4084770496920292,0.12816125108545476,0.25119771216834286,0.34056989091140194,0.22637459939934665,0.05369654643545394
0.09678570719280416,0.14715785537431977,0.24997447196572534,0.26566428724577323,0.04100190556356992,0.3408645707460716,0.20193688361856985,0.15053235282601543
0.07380228943631728,0.16074335616289162,0.08586538047849725,0.03103872420318083,0.20732761519417436,0.491774378669423,0.011424738465595163,0.25843454346762673
0.09445320149200431,0.13833852036394617,0.24904994936597225,0.33307127425882477,0.14123294011708307,0.15315661560709587,0.20694846198520947,0.16559070803178694
0.16074916578098053,0.15642324013272269,0.6440805451638544,0.0924280633282946,0.010172214333385709,0.33430097959440847,0.5047895362873609,0.058309206456550446
0.0786418694739321,0.14742617256005902,0.12644884656649222,0.08301175387222537,0.14568856501309174,0.3182471934914385,0.1059563071650453,0.3470961804581991
0.12422540581627325,0.1399083820287432,0.4590533096371495,0.021275700687503032,0.3642701170905826,0.21708057427980904,0.25503090860693556,0.14234269933516974
0.07198924444796122,0.14690231396772535,0.08161372087437148,0.34806582999348396,0.07413867487105955,0.021770664284236727,0.1760446791363034,0.37998015171491645
0.06323651797501517,0.14351197579646624,0.022552250131412852,0.2681995905037388,0.1837277637783431,0.2032609016589007,0.0461464623219092,0.29866528173710816
0.10463472095524093,0.1344857610329018,0.3318917974098469,0.20968188769107463,0.1749136002559103,0.12421451649710169,0.25697585829590874,0.23421413726000453
0.102375154631955,0.13802327487054072,0.3070145573034757,0.24748316554903246,0.1427841928576828,0.23734151541116888,0.22098883202684252,0.15140229415527334
0.10895765853474049,0.13864943040924702,0.35310392830488924,0.1549401905078323,0.20563313326158758,0.2899559492967886,0.21630559006177758,0.13316513687201403
0.07453697740045175,0.1401794881522604,0.10370260008840915,0.29118465260317977,0.2033674614377205,0.025896082549282523,0.14093729781134,0.33861450559847717
0.058585540480961186,0.15068315815444636,-0.009386978188956108,0.24725340400877574,0.10582627344318021,0.30714745426591783,0.02507867279466283,0.31469419548746325
0.09227516787379678,0.1475799944815276,0.21869609080271799,0.15485614315858162,0.0057316259609443134,0.27340841301697894,0.2262418563944741,0.339761961469021
0.1000132003128154,0.13988811157792655,0.28603717543592333,0.304290969481016,0.32172793300677227,0.1532314560505878,0.16415993133369008,0.056589710127933714
0.13143044546569013,0.14095066015516122,0.5067762391964544,0.02346731556028475,0.3164742638360412,0.031803451916581314,0.362184837162801,0.2660701315242917
0.09366404527074197,0.13952301705032616,0.24127951059572703,0.0919620595339327,0.24984840843078865,0.08474465968365424,0.2031754058542183,0.3702694664974061
0.06856842857311621,0.1497846039787498,0.05720500201964568,0.20441027009447202,0.06580298387546357,0.3203114017193086,0.08264946487292603,0.32682587943782965
0.12568650199693152,0.14508184976408348,0.45275478706498334,0.18976407444131116,0.17962547981310123,0.33706271053850556,0.2805191400302518,0.013028595176830303
0.10218467271711636,0.1378189193368561,0.3060876759163149,0.12046950715797569,0.35424875694375335,0.007454206471968424,0.22178295250121588,0.2960445769250866
0.09725753453231704,0.13543510768085748,0.27509510030524426,0.1717051527796965,0.20999601194617606,0.20037599164409478,0.19108156857050193,0.2268412750595307
0.09630461814088971,0.13694502441743567,0.26510359390806354,0.2074142266394412,0.12926827790797388,0.1515906421755741,0.23023240659519076,0.28149444668182
0.11965414235576066,0.14742046853699745,0.4046530508807163,0.1182270504954767,0.1485670001698623,0.40422841211704436,0.25125282560361084,0.07772471161400576
0.11366501656216704,0.13859201361476547,0.3872157937710317,0.19340134628741343,0.28870896213876235,0.23995509178314015,0.21730962204619547,0.060624977744488655
0.09265590836208984,0.14978412157567747,0.2180198275929445,0.3265404161122844,0.19596337337565048,0.33144155639115525,0.12292800595130607,0.023126648169603813
0.11527742019860483,0.1393220919258496,0.39675990673485395,0.1530900777542851,0.08678896125558228,0.2300420920247516,0.30783805537167547,0.22224081359370554
0.10070028360569828,0.13737176841335885,0.29627836982653527,0.24196689020995146,0.12359072991767765,0.21051343655291005,0.2299930038196232,0.19393593949983767
0.07675292088708216,0.1406382653733248,0.11912064502937,0.17528818776111646,0.21605325630998876,0.24181980004854542,0.08736646480325228,0.27947229107709703
0.09646500220657535,0.1375583658044152,0.2650874920862497,0.27029304735564585,0.13232421882559556,0.1993988133040654,0.20962625912261149,0.18835766139208168
0.06501813021711035,0.14272416599018353,0.03515963945065544,0.1965671885964358,0.31675794933169843,0.16129011936155566,0.02195303362795726,0.30343170908235284
0.056434208784386306,0.14543474235135737,-0.024518152663956037,0.25656761560473157,0.32329126903458755,0.052741505463483614,0.011706866263943103,0.35569274363325415
0.130640042166851,0.14370893268381718,0.49154941761532994,0.0563728436142282,0.3089618068447193,0.3141353653589362,0.27044057135231725,0.05008941282979899
0.09340265319727767,0.1360678115582232,0.24548534157165253,0.23513264575388262,0.3132360076101395,0.14991996958321094,0.1456870129120323,0.15602436414073456
0.12612177509273864,0.13933129106388836,0.47456515035391045,0.024009964413692558,0.26032587792111594,0.25365953622357795,0.29122665235170253,0.17077796908991102
0.0894234530464821,0.14119957005922384,0.20838203001709504,0.2367946279733812,0.06388731759768469,0.21042198888103905,0.20481224861659952,0.28408381693129553
0.11840412680983049,0.14056502086467207,0.4154954515039601,0.23268181599267043,0.26283822037330984,0.24333596656044296,0.24329687471993375,0.017847122353642997
0.05945998167362494,0.14409185986902304,-0.00374773652630983,0.32941504678094036,0.2365502645904182,0.14814392831337606,0.02200662521201093,0.2638841351032544
0.11258020981344305,0.13785996184252244,0.3814030492298081,0.10208713229817899,0.1455017755735704,0.21205158421938836,0.28360741116003674,0.2567520967488256
0.11050191523932291,0.13708747019291448,0.3683919118811864,0.28854223868381523,0.24831898196078114,0.1535442153719867,0.23848542653574487,0.07110913744767206
0.07878181824182166,0.13983729422708943,0.1343119397842527,0.3774693287959741,0.22308207552083326,0.04967821238842406,0.1371359202122523,0.21263446308251618
0.09726657720564787,0.16747713691771965,0.22251740083159338,0.2942834463806763,0.01960655905553021,0.5250972390192004,0.15207485250440095,0.008937903040192225
0.07613212095057409,0.1482483862773518,0.10881818922732266,0.0628767374150681,0.4772219966225239,0.11333136660481867,0.034319482716482275,0.3122504166411071
0.10351758940472493,0.14444028861866975,0.30128428723660156,0.3832023789202714,0.06881815983465071,0.19279937821932788,0.2570598251061317,0.09812025791961825
0.11694216217453007,0.1434115230584784,0.39705430191485364,0.36005686266536296,0.060627344895092444,0.03309655744084449,0.3698477474682229,0.17637148753047702
0.10862763747969187,0.1433693431222934,0.3391773751673865,0.03206666318026878,0.14252825236228467,0.3076894013503397,0.2434886031748118,0.27422707993229506
0.10009071938574107,0.13762973148011987,0.29129403185337205,0.2434410898122577,0.27156068190198956,0.21310081045528048,0.1698693787196001,0.10202803911087215
0.09673432477569453,0.14260018789440274,0.2576036211319495,0.0594714870567938,0.2248180806613272,0.3257547946356205,0.15301707065962059,0.2369385669866379
0.104599068941359,0.13494887964468813,0.33048861953345243,0.2241401812855256,0.19554658088061255,0.18575515463235093,0.2284556508890917,0.1661024323124193
0.07392321502845713,0.1412127317555624,0.09859744837000996,0.20629986989618213,0.24087691172125353,0.24325001784384837,0.06273489397430057,0.2468383065644155
0.10724505910991695,0.1506528049401296,0.3136022533977542,0.19682799575512097,0.17824678171558636,0.41881253773744914,0.17558938261580356,0.0305233021760399
0.10533686042258211,0.1340687096363529,0.33816138415558356,0.13777887536837868,0.2660545787735884,0.12057232491507944,0.23216223943690673,0.24343198150604664
0.08058942936276238,0.14200369950768843,0.14499220396471163,0.28787635151855356,0.3519830584164499,0.16971374970796335,0.06529849733355172,0.12512834302348155
0.0810491615874053,0.13958342500844978,0.1507998645693862,0.19166470008031425,0.31660842583638654,0.005819617821748616,0.14004973787841643,0.3458575183831343
0.103008961356367,0.13562735723831884,0.3171112541903579,0.18230684293493063,0.19885171441181448,0.2206111038186609,0.21284578007167196,0.185384558762922
0.09041290305313526,0.14259542414291262,0.21328105888345134,0.17671886335843215,0.395350436376334,0.22873497199127613,0.08150165881136369,0.11769406946259395
0.062460488461046265,0.14302673778077044,0.017202996441250538,0.2512088568217887,0.33494138419961705,0.06473256872884631,0.029825964311511168,0.31929122593823667
0.10342187308384004,0.1402708573854372,0.30955733709194583,0.35766164033247133,0.1080002931099832,0.14743130957102732,0.25798055623862065,0.1289262007478975
0.06731994434309517,0.15712485797148437,0.04658680006204762,0.5781074266079669,0.07090170387339696,0.025032874677216835,0.13740663271876627,0.18855136212265317
0.06658776962106962,0.16174175863708537,0.040730171828112706,0.05611472502650906,0.03264244795890567,0.37547152169499465,0.08163121031717982,0.4541400950024107
0.08309512489610356,0.13714234991387378,0.16840257521186883,0.17700464628312243,0.3225555797471177,0.10841646277369332,0.1155931678395942,0.2764301433564722
0.10678191438681284,0.13621720311961485,0.3434361689670927,0.17481829207604987,0.2397032490421939,0.23629947310845065,0.2091322021129126,0.14004678366039308
0.11578931979590872,0.14389306756237627,0.3877137428578662,0.26451283919128005,0.18490066990513723,0.29408077391248416,0.2433460689948685,0.013159647996230135
0.09678373205880843,0.13823952817181578,0.2660869329146617,0.10866094300529852,0.19382949351559695,0.24453228399962212,0.18652906838327504,0.2664482110962073
0.10547575032072837,0.1437249580886067,0.31640816546763223,0.15858170160700372,0.10318239082086783,0.03024952579925478,0.321653107878532,0.38633327389434174
0.06513703575520959,0.14483135204875588,0.03546908651022094,0.18190784593935622,0.34222251779154556,0.02909035027989487,0.055380206674690555,0.39139907931451284
0.1287366352501176,0.1404452119525804,0.48941957005501685,0.1270996258183136,0.2318210462388305,0.2872049551330418,0.29442247278551575,0.05945190002429831
0.12051836033978795,0.1382178249871005,0.4378477258301234,0.16171590191068674,0.24406979930473818,0.2573898493049296,0.26094663536416907,0.07587781411547627
0.11095966656782959,0.14749137063486606,0.34550947861205267,0.09886368001765937,0.30296236576558505,0.3805362065906304,0.16387325325245575,0.0537644943736694
0.06897560050719213,0.14520480771728256,0.06181338378731824,0.43559557114374753,0.1821384120565474,0.10110531094606992,0.08977752278603572,0.19138318306759944
0.06567227284815366,0.14567544090749557,0.03893774278504211,0.4360640049047808,0.2636951231369,0.015201996282229967,0.07130056360278673,0.21373831207330235
0.07082396591282554,0.15595633786013222,0.06940382200134053,0.39972941903306675,0.05969244434327891,0.3397142878237495,0.07264147931629111,0.1282223694836138
0.0915352920489654,0.15035847617433418,0.20973404926238806,0.07808281228957364,0.030486357054535736,0.30442980644233125,0.21014090031723073,0.3768601238963286
0.14901157170966214,0.14577210201165292,0.6106214459509312,0.060979499852675846,0.08924731439984213,0.18897239812178546,0.47225936038216965,0.18854142724352693
0.1299369400873459,0.13987830035190776,0.49998419991805443,0.17927103370165484,0.1323856672220906,0.03521359686786599,0.4123543647207425,0.24077533748764599
0.0652191646463032,0.14271706911552973,0.03657001001105397,0.29256413356815364,0.24448281075497091,0.19096981422424916,0.03330228004215099,0.2386809614104753
0.11665271953243597,0.13945604742751966,0.4062406799667862,0.058275374397745425,0.1554243355674566,0.23596395691961958,0.293393727474115,0.25694260564106336
0.04798104331819986,0.15269013010346813,-0.07871469278109641,0.3481083464853457,0.07726023310488175,0.17942549186684822,0.02224478694414272,0.3729611415987814
0.07640103575455472,0.14359422158292842,0.11421793700161399,0.3612849144558395,0.10016849039787663,0.0332605126352432,0.18036827947024808,0.3249178030407927
0.1261922803417103,0.15207378419378903,0.43526424158263105,0.21789020676455761,0.01846514386739058,0.38459113080291535,0.32710713972467864,0.05194637884045775
0.07939523578652616,0.13887186038294938,0.13966282105706923,0.30322201629600504,0.1482522718543207,0.12233449014489664,0.1516618146617395,0.27452940704303813
0.06372736055126976,0.15551798652377055,0.02396739203346133,0.2566383756274555,0.023056702250185728,0.3726544401420254,0.05751061209029903,0.2901398698900342
0.12293132624936061,0.1400519270944403,0.4493428084493585,0.2784675152051694,0.08209003420666533,0.07473763056654409,0.3809841926077232,0.18372062741389805
0.09987128140853938,0.1399253570172836,0.2849467906207627,0.24676572354087253,0.19002735858863223,0.27420158380980114,0.18066733050640044,0.10833800355429365
0.07511258104766484,0.14098569346020726,0.10719230211773452,0.128017230528173,0.3026466152000148,0.16488510471671827,0.07519659553245267,0.3292544540226412
0.11033412730099124,0.15199920629349803,0.3311473035181523,0.2943392014054151,0.020568314820608228,0.36910357165920676,0.25677134276899544,0.05921756934577445
0.09722496520817298,0.14567947237082696,0.25552649664612226,0.10754055411774878,0.31398026215592917,0.35357235650746976,0.1083876927903371,0.1165191344285152
0.06774652490340857,0.1427256883059451,0.05427561776267784,0.16511310269540866,0.3215044421807686,0.09237118424862016,0.05604284664024433,0.3649684242349582
0.09188862072420215,0.13707682201196483,0.2326332071035228,0.31615249279044344,0.20327364741890272,0.14764076816913382,0.1753199102408156,0.15761318138070438
0.08296351048466903,0.13788058516776536,0.16654636660214578,0.33514772748441574,0.2681537845323935,0.07264693077686327,0.1341272348452142,0.1899243223611134
0.10820900266584729,0.13772638713295116,0.35003461333309926,0.19373393611397652,0.14796933276318508,0.25604019842031994,0.24260157491034265,0.15965495779217567
0.11670660294558086,0.13748851299755194,0.41244611429167577,0.2368829641730866,0.208232906174627,0.21585490741486194,0.2651536277596607,0.07387559447776382
0.13825290180135993,0.14235668007961264,0.5496960294212901,0.09170736122040714,0.3045919123800221,0.2645967838588721,0.31747293126985904,0.021631011270839638
0.07891828511090893,0.15380178057534763,0.12300433090006291,0.40238051168601185,0.09270405194358208,0.32298865250646064,0.09983086197306208,0.08209592189088324
0.09106247294798313,0.14752606585610392,0.21055582800046527,0.008512571753888497,0.4408942172545844,0.2511603418453032,0.0735862432063133,0.22584662593991067
0.08842901852702298,0.1406552107448919,0.20211848801382157,0.06486734065086457,0.3615707356162977,0.12286825633420297,0.12822393947394872,0.3224697279246861
0.12492351480536387,0.1371478372012878,0.4733834388513001,0.20582452115693864,0.22565716859512003,0.20208969890300746,0.3006540562102386,0.06577455513469523
0.09413463910496968,0.135467289449595,0.2519769845817324,0.2658589353996027,0.22336537864434364,0.1583189208754109,0.17804896657919725,0.17440779850144558
0.11620358558822651,0.15193127775007723,0.3699276832297814,0.027153436040283297,0.10137465468001502,0.4470706554775084,0.24847206433309074,0.17592918946910252
0.10055228436070143,0.13660562594553696,0.29685661977691274,0.2752854755845808,0.18948183526059542,0.00475503530035202,0.26596494362449224,0.2645127102299795
0.12628162976379428,0.1442774846836731,0.45940383497200604,0.08609556744455193,0.4987274324585143,0.11672811367517363,0.23863456777011635,0.0598143186516437
0.13754832591459829,0.1422549188091728,0.545136340899573,0.27820958457797823,0.17314298260154626,0.16286942122688228,0.3813685335196989,0.004409478073894303
0.10792435801720275,0.1459734031614164,0.3283088355774532,0.26595422495684035,0.19046278016296125,0.3286648626830218,0.19646036629303137,0.018457765904145353
0.09706182282068972,0.1440291310068871,0.2573217137505156,0.018490882810008442,0.32244393552198014,0.3071318377234612,0.12628633877676254,0.2256470051677876
0.10868744171096033,0.13578866198750245,0.3585530706197058,0.1150084297070725,0.2271935924671354,0.223152451362739,0.23111065550119125,0.20353487096186187
0.08846840604744129,0.14180727273506355,0.20075420321091988,0.2506010214038584,0.05986497570965266,0.228960239558166,0.19530537728706548,0.2652683860412574
0.11887419014920517,0.14464983607557244,0.4070117999888109,0.264383736020368,0.03941592558808279,0.2764801407737492,0.31775417469335143,0.10196602292444862
0.1097241755479086,0.13771597057795315,0.36106324734328893,0.2102210613777469,0.31924321325689214,0.19954893301318308,0.199998047202905,0.07098874514927282
0.09843518139655173,0.13594676093162564,0.2827223034455576,0.2941770644333729,0.2346840328948683,0.0003888306878556641,0.23941180219900757,0.23133826978489555
0.09863943111958624,0.14533800602861952,0.2658590975300534,0.004389603752418087,0.16672726902436225,0.27370186452899026,0.20423431280599624,0.35094694988823316
0.07559517194560103,0.1518270029532952,0.10271672128309346,0.16913676685627593,0.06116670704552497,0.38816440795749413,0.0962206136017364,0.2853115045389686
0.08624521318448003,0.14191874292826775,0.1849312687172375,0.09197982836360198,0.21139496675717442,0.2840085992911741,0.1235116117260796,0.2891049938619698
0.06622660179868624,0.14975851506648846,0.04157761444096724,0.06793442244012768,0.2416333942299741,0.2868933989445129,0.026987533980147756,0.37655125040523746
0.1049049586330207,0.1430024457155924,0.3140153191668417,0.09075534425535849,0.11047178740408833,0.3241911282661154,0.2297799529808377,0.24480178709360018
0.08934399884595966,0.14632655111701895,0.20053776038562504,0.06220130007167281,0.39107191816125547,0.29949343330863565,0.06570902512230643,0.18152432333612956
0.09261562597142929,0.13983827595641593,0.23323818710118224,0.3853800159542163,0.27027392908521725,0.05166652893103784,0.17726932759671882,0.11541019843280986
0.0855977681589247,0.1365188626828227,0.18750352629582448,0.16501936990757393,0.26894721998080146,0.13912525614213808,0.13819244257116647,0.28871571139832003
0.10195158028994719,0.13372642675281687,0.31371196635270526,0.22264424711689695,0.2187823322866609,0.1012048021752511,0.23483061304732533,0.22253800537386573
0.11027196623125723,0.13702742626172645,0.3668752132528293,0.11158891897309904,0.2785693275494213,0.24797504050048358,0.21077287105594453,0.1510938419210517
0.12063027489750162,0.13850798804811795,0.43773847091359486,0.21191472399312322,0.08479958722898606,0.14022053455959077,0.35496203868743975,0.20810311553086017
0.09673703476101027,0.14159319985382987,0.2594547958442553,0.326483306970379,0.05473442754726609,0.1881135388658151,0.239409264458012,0.19125946215852774
0.07992182426403868,0.1502591980392335,0.13258305996573327,0.3943524651060136,0.43884943568468504,0.05137010980427174,0.05763212658133085,0.057795862823698585
0.08500054513934946,0.140567576820273,0.1778542798053258,0.24153108796401893,0.13214311421001243,0.2600179732660622,0.1437716660611638,0.22253615849874264
0.06854672011598592,0.14470515147362562,0.059062998303441,0.32668255309394617,0.232630656586523,0.22893365923516912,0.03744146900104524,0.17431166208331642
0.10645261859553751,0.13814361051445784,0.3362632438991876,0.15006295166694278,0.12702291751018124,0.24767252523855077,0.24925312763373156,0.22598847795059365
0.09081969084662796,0.13810468050105484,0.22316181272648872,0.181884928716827,0.3476327581579493,0.191573094247154,0.11272445276367705,0.16618476611439262
0.150738971373088,0.14406248482652748,0.6298584359581965,0.03327960856430051,0.15559054022990193,0.21606989185449701,0.44808278006637603,0.14697717928492454
0.08473392105566394,0.1413653646300888,0.1749645050637776,0.3590015167859488,0.09104121661707133,0.07596859115303244,0.20645955494638638,0.267529120497561
0.09033700039840263,0.14803203614738938,0.20493537201769849,0.02512159006349908,0.12527056348925988,0.25822055188520204,0.18756898391863916,0.40381831064339985
0.07699952304426858,0.14867483749730753,0.11434028333527814,0.197357637349821,0.06191418989377282,0.34535051277420636,0.1130900396615797,0.2822876203206202
0.10399746472005314,0.1360096186940465,0.32348789109559517,0.24431211013635423,0.3017134624632885,0.15615969612120184,0.1929132328270151,0.10490149845214028
0.13096973393221875,0.14045342111672166,0.5052901764011889,0.27292548020543655,0.18648337044182042,0.17612817578740386,0.344273097766652,0.020189875798687095
0.09499487736274233,0.1372607056851489,0.254951897471766,0.2852024106666192,0.27553596858135776,0.16374493021326017,0.15851813107140017,0.11699855946736276
0.08582324241332935,0.14321649037240353,0.18030914139972004,0.30021222688105675,0.03356997863568309,0.17822822499420268,0.20584846422604447,0.282141105263013
0.09784509386101989,0.14123895617769094,0.2679508181397734,0.3799498353682106,0.31354593986835455,0.05688621073931634,0.18200378332547815,0.06761423069864028
0.098109241586107,0.13671570120740412,0.27874809732565753,0.24839191673817165,0.21129952938489047,0.2135307486374788,0.18385486351455596,0.1429229417249031
0.15664116854677335,0.14263164444627474,0.67755769711521,0.09986594984538365,0.21954431166754626,0.0911724282901806,0.4827207317553971,0.1066965784414925
0.07695896110014708,0.14249381940096884,0.11901541534531829,0.3047760848298271,0.30049681749026996,0.1993766119704406,0.058700561680982824,0.13664992402847947
0.11519477303125937,0.1362044487440864,0.4052347301442734,0.11749566431536197,0.2570883726080186,0.04175132562474589,0.30432386261462846,0.27934077483724523
0.13187371618607988,0.14021045013933983,0.5126131191694517,0.07419530371534093,0.28640170880518645,0.26623025608913176,0.29793338070286807,0.07523935068747291
0.11896042238609665,0.14230432813655494,0.41432627635554664,0.06877063932608393,0.10319894445130358,0.1596622850475305,0.34634644697511296,0.32202168419996896
0.11061917966535512,0.1504868863978058,0.3363693732857588,0.4688053202848156,0.029699931861062186,0.005854056622041085,0.354162233569088,0.14147845766299302
0.12489446032758621,0.13461090348435212,0.48208918184053257,0.17122277042546813,0.28024804620399646,0.05248897462282221,0.32939500222694423,0.1666452065207691
0.1179640906102201,0.13389120763632503,0.4329193203459784,0.2041415195547604,0.26908703777560244,0.05520798580425095,0.30034029597466977,0.17122316089071637
0.0759911758080985,0.14371388999512963,0.11127091340051008,0.316794809393867,0.07130331785400355,0.20751603898691526,0.13863418912860617,0.265751644636608
0.09662597561020063,0.14523135116264607,0.2521905588359006,0.23210392680403286,0.18943272039625778,0.34973489056558754,0.1444612304199682,0.08426723181415358
0.08434260042838392,0.13705929421069074,0.17760634598748118,0.19506755164029393,0.20017671733771433,0.14085338858133245,0.1560954523332514,0.30780689010740786
0.11278655556089648,0.1419494119591301,0.3718687864384723,0.2657103894830954,0.04011001553465898,0.0769295271000194,0.35379542763049987,0.2634546402517265
0.10536873181620347,0.14199164513143125,0.3195169108309786,0.30815139210703407,0.10232865075225146,0.24983172868965015,0.2404481727876351,0.09924005566342926
0.10475977336271272,0.13465894985588675,0.33239360184091027,0.16593797095741258,0.1890139883327213,0.14494493493170843,0.2491944226411484,0.2509086831370093
0.0794211423174588,0.1371895821623997,0.14156426465727406,0.25353808629892577,0.23947606735422106,0.14548280154507742,0.11369512557559842,0.2478079192261773
0.06496941143377596,0.14582658094860965,0.03407754197794175,0.23596922727747333,0.11859627820924198,0.24422094058815544,0.06828252401841582,0.3329310299067135
0.1061031134724998,0.14291756112696602,0.32258536396057325,0.10776934347683158,0.08362384021740045,0.3068645103794751,0.24923682854436233,0.2525054773819306
0.09058955426774537,0.1364134116508535,0.22424154558965598,0.16492049978478138,0.22188860763570478,0.20073279758930257,0.15832384204427383,0.25413425294593756
0.1258576061666124,0.1417766796433814,0.4645164940543651,0.08758421539935954,0.43124921950143186,0.1835102987210425,0.24154817470536383,0.05610809167280242
0.1053010927530924,0.1377124701536059,0.32895418042072083,0.13203606347118665,0.1494171856685944,0.2439007030943825,0.2383980626926794,0.23624798507315695
0.1301766700080477,0.13744324143749215,0.5105865466652528,0.12167408445976184,0.34619855702030866,0.15907516196314228,0.29750272401448163,0.0755494725423055
0.09923351070606913,0.13686611313441088,0.28665613282624186,0.129686653744016,0.24766836431742295,0.24280204976055142,0.17529749316351922,0.20454543901449046
0.09407049717472621,0.15279465671700393,0.2229822554451581,0.10252318622104187,0.4193624620400231,0.3591550447709871,0.05320156095444832,0.06575774601349971
0.11943047104524968,0.13810430078448774,0.4303303424126606,0.060272242862869176,0.40259277586632647,0.07876437199330134,0.2599624913295987,0.19840811794790447
0.09948287787817486,0.13649727320078203,0.2892576309571923,0.18842828015027913,0.24181498302104054,0.23436897293494638,0.1764537701806469,0.15893399371308703
0.08129275396668248,0.13832914332139679,0.1539281850189042,0.15340374671430757,0.33236559104625435,0.12758149026072443,0.10001540720016021,0.2866337647785534
0.13432395452800122,0.1399267310971918,0.5311633734684796,0.15767310981887755,0.3712130815233883,0.14370340361475342,0.30764053383842804,0.01976987120455249
0.12468524490444485,0.14021073009945623,0.46134304313629504,0.12967033740775305,0.11543324031563908,0.27466079630214085,0.3252346294143402,0.15500099656012678
0.11599295853899776,0.14241471395545222,0.39316835307138653,0.243998051151254,0.20697943114671202,0.2861662395784416,0.2399371878438197,0.022919090279772646
0.06579859420831703,0.14338255996528157,0.04044141916367721,0.29253410399431085,0.21962139856479496,0.006740825300238558,0.10306952904578984,0.37803414309486577
0.11499202484651341,0.143419580421458,0.3834345678945082,0.2628286986189823,0.2267245271378533,0.27864228337664865,0.22890840498769896,0.0028960858788167395
0.07436355464621408,0.1498836947536638,0.09583133555535049,0.25360616722239643,0.02698247010243357,0.08291700438390048,0.19281709319523077,0.44367726509603883
0.1104592207121267,0.1344967728387455,0.3751704940357538,0.22577139098137539,0.22961661945785822,0.1641480795574751,0.24725387593911602,0.13321003406417528
0.11564674523469883,0.1369311038424797,0.40638498977349014,0.30397779459636076,0.155253272500565,0.09478833498278003,0.31333845193575327,0.13264214598454105
0.14292950391199089,0.14495931035241488,0.5720881515673503,0.2001091908858879,0.1307260587145268,0.26348592224920375,0.39553688546406524,0.01014194268631621
0.05417435959789047,0.15496871589062775,-0.03759236416607522,0.41014963338942395,0.0017894920298356283,0.16601462794278415,0.07685077849254039,0.3451954681454159
0.07320875760720566,0.14836318937684656,0.08902988445236949,0.028046854737642558,0.30672306289340207,0.16343831302825348,0.07407563274122156,0.4277161365994803
0.10826964268901747,0.14034212053309675,0.3439426631553147,0.1107799169968363,0.11396873434650698,0.14015926379260535,0.29897396683209915,0.33611811803195224
0.08469867467544515,0.15181104422938174,0.16269352997879538,0.009232461117448009,0.1268597644746387,0.22604267511253595,0.17412073147689025,0.46374436781848716
0.0946147032191551,0.13495074189713502,0.256498798988003,0.23899280019159874,0.18989665768439523,0.10256291496445917,0.21258574285847667,0.2559618843010702
0.1054599810943155,0.1377878599757669,0.3299273325118095,0.19746604075122645,0.2604179374246186,0.24868062638541993,0.18979982778593907,0.10363556765279601
0.09859790752301421,0.14056806244354664,0.2745851856535013,0.2220410222286039,0.06156928814476345,0.23207633409959957,0.2395369318471484,0.24477642367988475
0.10240183881107787,0.14309529243621597,0.2963188941381722,0.19748088882439666,0.08037637853984984,0.041642715379373384,0.3104137933008342,0.37008622395554586
0.11887247662708639,0.14372216850365957,0.4096269715384049,0.20645965572431432,0.04573061196049987,0.29656887348151967,0.3137640223955922,0.13747683643807393
0.12884965943727833,0.13904502697823493,0.49516089092532267,0.18640052069781368,0.24356025784710764,0.2307626168172313,0.3032756672489789,0.036000937388868455
0.10114796600194219,0.13662034673088175,0.301184757516364,0.14464371574069346,0.17234242481126635,0.22170075875101308,0.2177183583641761,0.24359474233285094
0.10335273186988575,0.13701539864000392,0.3164077344604988,0.20937196683209836,0.33967067997942507,0.17470137814641334,0.1726701964265206,0.1035857786155427
0.0622737963493416,0.1430533026278866,0.015894749073051797,0.27906489416436175,0.3362183470905701,0.08742693400313824,0.019144025723200717,0.27814579901872916
0.07136713516812078,0.14288091670398034,0.07955670659414323,0.2588997398008207,0.4006025969467053,0.10529104147678434,0.029648744203930485,0.2055578775717591
0.12358478382865763,0.1356558546468986,0.46872126524995006,0.10636575358328715,0.325807727817337,0.15678429434239177,0.27894112028040396,0.1321011039765801
0.10367483098439809,0.13843315309262932,0.3154940128769161,0.2933019982908183,0.08565099763831406,0.13648729443599064,0.27630043109602326,0.20825927853885376
0.10859070769654858,0.13570477730195207,0.35806188007980777,0.16827732135621687,0.19210854916686695,0.2256691441744475,0.23896905620759387,0.17497592909487472
0.10891267306602577,0.13535521472441814,0.36136526520689644,0.2848711350210858,0.17136860075397406,0.08875451156655804,0.2816925862224487,0.1733131664359333
0.12261285726229867,0.14647430660960545,0.42746648686434313,0.3565679183879221,0.01580615792023898,0.156423666778917,0.37296418013346744,0.09823807677945454
0.09101973103258588,0.13743042184024065,0.22571225946352352,0.2360811788016763,0.23918188857065711,0.22118872033819278,0.14133435340206973,0.16221385888740406
0.10754143468994633,0.13426639717163422,0.35408289558238154,0.2205166226301251,0.19675121855025945,0.15977857823570554,0.24908037395361524,0.17387320663029468
0.08536211498977764,0.1499979031297674,0.16908313023440175,0.4857568870785011,0.02857751039501312,0.06919754300090408,0.22481116553158167,0.19165689399400018
0.08144350073236971,0.1507180922369956,0.14227555838917488,0.29388186458207904,0.06030337105599087,0.3664800084145215,0.11829312047402296,0.16104163547338562
0.06924525287324187,0.14465601755061255,0.06391198257623212,0.15194288472637876,0.3204068096893525,0.03242356664596197,0.08277649926204693,0.4124502396762598
0.07583799960576841,0.1554255651506741,0.10190086547483093,0.10682984626108875,0.1349055975736688,0.45423005539014727,0.05344407163729593,0.2505904291377992
0.06666304856214886,0.156930178614478,0.04245868207744551,0.011265324366488689,0.1693982694946019,0.34141785972286415,0.04401099771777151,0.4339075486982737
0.0866750291863287,0.16093339124063072,0.16575198584141987,0.381045256180443,0.04398694500731391,0.4150789359870605,0.12465348454712648,0.03523537827805619
0.08841074867565148,0.1476680731523699,0.1923960140411402,0.00229043179439724,0.18466009199167097,0.2846860509012687,0.1501513170520715,0.3782121082605917
0.12812987269085227,0.1429782178304074,0.47650525880567374,0.2528013835037912,0.1235285298911538,0.25904671221653564,0.331781354952136,0.032842019436383346
0.11552573656801023,0.13609997338040877,0.40797757111099486,0.1450562903445455,0.2195605111219856,0.23598714803662607,0.25693522177120826,0.14246082872563465
0.07213460012824573,0.14243938125199948,0.0851913285608673,0.2689592158243006,0.2600208528336222,0.23290846396747406,0.0458551084969839,0.1922563588776192
0.11763135809520753,0.14972145190518127,0.38492385267346674,0.1573687818601498,0.21692390035325998,0.40724887168738705,0.21228221331472547,0.0061762327844776185
0.10818632428857794,0.13968434015302225,0.3449658296398186,0.1565761467576688,0.2928057719980405,0.27832431287991855,0.18317664069699657,0.08911712766737571
0.09993266182381823,0.13957044147186115,0.28611116653857593,0.13812714953511834,0.16741448881363305,0.29695282358615827,0.19131509856739154,0.20619043949769872
0.08462820551386947,0.1422622762993165,0.17311831466869196,0.15609056922223682,0.11258929543915462,0.25820169720643943,0.15719527293373745,0.31592316519843167
0.06632740455539012,0.16174178722875285,0.03912040706240752,0.3037664826353278,0.04518765539027542,0.4535878967155118,0.030994250292558603,0.16646371496632636
0.06783366175268998,0.14417364677873648,0.05433490743778104,0.15841720182337718,0.33116836957222584,0.22133730770359797,0.01282871797475372,0.2762484029260452
0.12173138133872345,0.1368318206273872,0.45114784745009656,0.14903456022327502,0.3339161412977744,0.18095647046203311,0.2568120876886436,0.07928074032827388
0.06938972436703061,0.1482811887152087,0.06332377322024761,0.2653942130179262,0.251437600680214,0.31530405880773826,0.011795505659339851,0.15606862183478165
0.12179569753231777,0.14175575698653642,0.43593077872799874,0.2649840889076257,0.03712982221437115,0.1602041950874864,0.3675946009173114,0.17008729287320543
0.09060736861782705,0.14643686315845383,0.20901409629833415,0.3467745431492574,0.020002277002722304,0.25261201980463494,0.20446586343494735,0.17614529660843814
0.10317569610344728,0.14776211315888552,0.29219733787253943,0.32946565672609146,0.04399801068352556,0.30406517295086954,0.2345785503080973,0.08789260933141611
0.07685295502583589,0.14182838067497713,0.11882639388273908,0.26637522520740375,0.12682426916741302,0.2405427633141348,0.11487186325393328,0.2513858790571151
0.07363515772527238,0.1491363659854959,0.09142745054280357,0.3135167641971619,0.06946035435840628,0.3199355589115093,0.09423035973423352,0.2028569627986891
0.11851711988200818,0.14667992938649657,0.3989442872434004,0.11974674386961069,0.01548107178100649,0.14899225532108426,0.3771607092798156,0.33861921974848297
0.11453914411783946,0.14015785565454253,0.3891265592152475,0.20087393209335222,0.09921061885376178,0.2744403222077612,0.28209163504999385,0.143383491795131
0.09197906116258862,0.14962670112409718,0.21372563133678846,0.3502009557867573,0.2559523399224426,0.283381198448826,0.11022242539827654,0.0002430804436976097
0.08144961278835934,0.13741747295959503,0.15609086913325929,0.3040207165599871,0.28893124236421985,0.04327934084735879,0.13142930030337713,0.23233939992505712
0.10761528149273789,0.14081179424282134,0.33814838983322837,0.2991480324258765,0.39467539453740014,0.06434633636403159,0.19722970134272153,0.04460053532997027
0.0897142770730783,0.14977874083262135,0.1983878146384218,0.14538101635144154,0.00563748095701056,0.33519877793737174,0.19667126903615118,0.317111455718025
0.09126097738720712,0.149067116306857,0.20971075420051669,0.03450134064311723,0.13100156782395705,0.14938656601647293,0.22270998363850986,0.46240054187794294
0.04884470731133589,0.15461412649661815,-0.07214924626507596,0.25843910974387546,0.1368242108152656,0.043450220950979036,0.05314540996912318,0.5081410485207568
0.08863552185736787,0.1476962121295024,0.19388122040841363,0.2086786193577238,0.3406867242269187,0.3200939234769615,0.06350508472787428,0.06703564821052181
0.08006968207534151,0.1527915079128914,0.13135338704022428,0.3885181706900844,0.3709919906953051,0.1944441312802678,0.039822961659921066,0.006222745674421528
0.1292063187004782,0.14576717801846956,0.4747729882766156,0.2697168533204318,0.008632110442081158,0.2153495291895193,0.3926555296575114,0.11364597739045633
0.1355050693377493,0.13911594982388162,0.542749191831256,0.03637849491080528,0.31273250759601445,0.2042479519519832,0.32599561164508434,0.12064543389611254
0.08139907895235145,0.16095040231566585,0.1329544918463904,0.4149570844124382,0.1254358643506608,0.3789213816545444,0.07941064570089443,0.0012750238814620935
0.08529576512416176,0.14511997472572158,0.17430932696874465,0.3029387047761045,0.1804543691924395,0.3014456440054794,0.10856364672758365,0.10659763529839285
0.14089766150967625,0.14087482862085485,0.5742520668997664,0.1527293623993132,0.26914225163923333,0.2156857934054558,0.352744541635314,0.00969805092068357
0.0944489183449998,0.13701011430924084,0.25143339613049537,0.31697728445738554,0.14784944157721736,0.08066972776603137,0.2284449962937117,0.22605854990565413
0.11496138630786192,0.13968666299409416,0.39346194640060694,0.0929870966200741,0.13702348094570954,0.2770145403288002,0.27745347704789375,0.2155214050575224
0.131336180326573,0.15251205602342427,0.4677412539479272,0.05824606812412884,0.0017149641592416084,0.38043905821324464,0.3699556656664456,0.18964424383693929
0.056369635925926094,0.1456297435508207,-0.024928726684236784,0.3590439442158586,0.2430742995689235,0.024845825164604065,0.042476189168557756,0.33055974188205617
0.10575684428444596,0.14524819325227376,0.31502522172495023,0.21968550791881064,0.29399980296720596,0.31320710181566586,0.1561876427556307,0.016919944542686822
0.13841413826618842,0.14256525803441433,0.5500227709562996,0.19363993857291814,0.06846698480122917,0.19411251541313046,0.4222191594961878,0.12156140171653441
0.11164297537682921,0.13548553645155964,0.38116965640308925,0.09014770890239546,0.24104258005857046,0.18392031713119444,0.25284884088842646,0.23204055301941318
0.06414761093649092,0.1431661916492127,0.02897060324586577,0.24397277087649,0.3547812677214023,0.040832984940005944,0.0375757941905909,0.3228371822715108
0.10459699231696232,0.13500734250549537,0.33033012493484964,0.15625029315379768,0.23647667630321098,0.06646910471798508,0.25574814932992895,0.28505577649507735
0.10152023206373334,0.14338036135093368,0.28958102541051356,0.1998360214465411,0.033295055710941664,0.2815372705576818,0.24920822525312789,0.23612342703170758
0.09156784657884073,0.14537604729398632,0.21714613353740966,0.020713377382967767,0.4505861245401918,0.07779940762972357,0.12541780385962337,0.32548328658749354
0.0742652219833371,0.14376194783886692,0.09922807945900974,0.11528102698326649,0.2877223867148048,0.2645436682717837,0.04705094860111637,0.28540196942902873
0.07863887817193498,0.1465315692354773,0.12720042697408204,0.3720218499376593,0.06486940470057269,0.24040146894265385,0.1376489120249527,0.18505836439416137
0.13372813734863445,0.14209055690066827,0.5188813314327133,0.12607665519325398,0.15556647482052935,0.012700709751066274,0.43118704808082303,0.2744691121543274
0.09546646220937346,0.13804588640567614,0.25691792151740034,0.23140004138186596,0.1773332462009271,0.24927082421647118,0.17566519228509925,0.1663306959156364
0.09212198492146306,0.14025858674204145,0.22901973895217315,0.20003293153565954,0.1189915007760334,0.07762943803693295,0.23998348842042927,0.36336264123094486
0.12859871410329093,0.15186983982513128,0.45169412295606626,0.06820089450019484,0.014607982266764448,0.11014187333209016,0.43720880035420334,0.36984044954674716
0.12555052208402004,0.13527077135206012,0.4845874790897445,0.18334471364751254,0.2859247900826053,0.13700993987875143,0.30255004366622634,0.0911705127249044
0.12349183729407913,0.13529541755560123,0.46928298416305503,0.1098355302965212,0.29162998666860884,0.1728412311699874,0.2862902431631873,0.13940300870169514
0.10828882575121351,0.14098915191247174,0.34250029237137314,0.2255194482365637,0.10063814080951713,0.01860309629680691,0.3328990251414587,0.32234028951565363
0.10201826227404594,0.14170713503054966,0.29651479627322586,0.3177743681683936,0.23454306219045623,0.22347723989024776,0.18298020812082125,0.041225121630081234
0.07081623799413218,0.15318610788261572,0.07060847842952254,0.07677810651657734,0.11744602251415168,0.361161559537854,0.07017861792008154,0.3744356935113354
0.07221701159152874,0.14100826879173725,0.08664039134877054,0.2029327968936882,0.2777668523032657,0.04279424745127075,0.10443232678264476,0.3720737765691305
0.0838292789444183,0.13699056257765221,0.1739483253155547,0.23708343295482404,0.2641382732815799,0.1760175678463958,0.11497739536684716,0.2077833305503531
0.06343043465723606,0.14389164988034678,0.023840401163574453,0.24935710933048136,0.17677787296739764,0.2149730244124335,0.04750313332226541,0.311388859967422
0.045885048073633576,0.15748624010465595,-0.08962657256269797,0.38247102403430144,0.010531273094234782,0.18707359050060407,0.03354539004014315,0.38637872233071663
0.10273258653760643,0.1387168766032256,0.30805614705293016,0.29298058873241534,0.3584373655176881,0.0939436038914788,0.1813255577093443,0.07331288414907333
0.11770635166566143,0.13549060963109497,0.42590665008283995,0.16836259540682327,0.23684793941080148,0.024186598184893177,0.3242082749881312,0.24639459200935085
0.10246766354016351,0.1398707461538987,0.30362076923102044,0.2113584264710396,0.06929546320705894,0.23031841555958127,0.25463556275248267,0.2343921320098374
0.07335415337281395,0.1400415311006275,0.09535852163183123,0.2566285491045642,0.26800237011679895,0.1892795689579274,0.06273220459373365,0.22335730722697592
0.08004043519636095,0.13824260219551465,0.144965697101231,0.22312012596028127,0.3084648622742353,0.1694489079898975,0.08494932836356808,0.21401677541201788
0.10018455416728571,0.14710623396358657,0.2731669017999105,0.44624928280836834,0.08074691847679467,0.14853984999658085,0.24690622550894506,0.07755772320931097
0.07731152202984277,0.1619397287975216,0.1069010190296658,0.01309428749233646,0.19857906795849026,0.5099499522577159,0.02561527165164077,0.2527614206398165
0.08236147249816922,0.13906646180889848,0.1607970189742641,0.18712521957473238,0.23401249261008117,0.24194058438994137,0.10359621218579135,0.23332549123945368
0.09509091996135917,0.14434927751866286,0.2430973023527761,0.016240364552647265,0.3420190332178801,0.2947129447949871,0.11441116316158857,0.23261649427289688
0.13367965179250518,0.14078688248493162,0.5233417381792732,0.06042985536225662,0.4065532239874782,0.16694022046615875,0.2920160965986402,0.07406060358546619
0.13183029135944715,0.13918842529134035,0.5160651197044335,0.06424520905131012,0.30911402245143427,0.23467722118738474,0.2997702347636814,0.09219331254618945
0.07644732035664974,0.14402099570289129,0.11420085159374822,0.07948109266892409,0.24297357937506048,0.238916433570374,0.08449621419919374,0.35413268018644767
0.0986325260995305,0.1404021559925415,0.2751562169856049,0.16669810803761528,0.08587247256330546,0.15296970790662287,0.2597199379830797,0.3347397735093768
0.10951081916086286,0.13739220980838437,0.3603611822672748,0.1611757714056413,0.17579327682578932,0.04647259173642026,0.30593235865847496,0.31062600137367424
0.08616415357786587,0.14584760425787258,0.17939378374433315,0.23879290652559235,0.006160508596719861,0.18765660399175804,0.2198524747101023,0.34753750617582746
0.10858152177006772,0.13514057187393053,0.3594887981929534,0.28594291990894977,0.2461961613090087,0.01832408970646187,0.2736589475616398,0.1758778815139399
0.10162433278885459,0.1409079463908912,0.29540089012002907,0.3746194171901076,0.19046680961158313,0.14952724332769476,0.2166851272796559,0.0687014025909587
0.09535800837205763,0.14970071760647352,0.23619130848126704,0.23358597472793935,0.5610372922130153,0.024826496725783957,0.09870159000689224,0.08184864632636901
0.0704628808958823,0.1432795094996467,0.07302426517525247,0.15303031689995714,0.3785127233628815,0.0658164938999995,0.055233457784308305,0.3474070080528536
0.08971015557039666,0.14499925271279623,0.20489868061075,0.2855268542121952,0.010436467352706773,0.2433332717051615,0.21217952508016744,0.2485238816497689
0.08811826858594524,0.14153391405252774,0.19866806322836272,0.22886784511198105,0.45883457850315285,0.02029347395475379,0.10847290931619827,0.18353119311391417
0.07573452550131879,0.14498699322857123,0.10852370375398705,0.18865545765804825,0.3864595680757575,0.23488897482996415,0.01892141592289909,0.17107458351333107
0.10194481189571367,0.13513444788726722,0.3103931865744932,0.1250690956864407,0.28993003194719946,0.17993460614297993,0.19088147597385083,0.21418479024952897
0.10606331049146556,0.13428359534627177,0.3430300653827739,0.23704819485932646,0.1954935374976702,0.07301769094389886,0.2690654905525267,0.2253750861465777
0.09820235543369785,0.13483936885064135,0.2833175189066167,0.17166924725266147,0.2306037896178574,0.1857050912630215,0.19186610075144134,0.22015577111501838
0.08550433881251637,0.142830660261343,0.17856347345766002,0.06302219627281325,0.20755007107676163,0.24209383028864107,0.13730649394364794,0.35002740841813607
0.07715279619497721,0.14251662872627507,0.12035645488023558,0.21938297370757434,0.20743101054990828,0.28692547137334745,0.07463587689395695,0.21162466747521289
0.11896236137476643,0.13756350756130237,0.42861920592197067,0.21913131407616962,0.12438370374707887,0.06381814730637393,0.35602939658716914,0.2366374382832085
0.08498677222258376,0.1385647709032315,0.18032557669390295,0.3572157268802316,0.23614718656434294,0.09525524251441013,0.1461665640653426,0.1652152799756728
0.0971900965859621,0.14473673975361812,0.25694993993418613,0.24688472457364688,0.0014294589563049536,0.2501153021647905,0.24879467527347512,0.2527758390317825
0.07842501539803898,0.14844966002394921,0.12411625190025018,0.22840003327960293,0.46189563752007473,0.18958688086789593,0.012601343023954397,0.10751610530847192
0.05726297241326245,0.1638568676493873,-0.0167037709557228,0.5063038504579326,0.007372416079519367,0.2924362966346208,0.040492465471127656,0.15339497135679953
0.12206850600855884,0.1376463127098581,0.45092748789712805,0.02815230932430179,0.27468421579187563,0.18889166732677315,0.2882910481511728,0.21998075940587658
0.09311709743414312,0.13853085515205368,0.23905935899834926,0.30533715412252777,0.16032947626976451,0.20084059794720435,0.18121855390167524,0.152274217758828
0.11254256292572419,0.13958624493310026,0.3764164796531804,0.25876601254876785,0.19715036698184155,0.2451091483328973,0.24053668367984612,0.0584377884566472
0.09033610220990333,0.14144578654151116,0.21447158626390309,0.20920366783087097,0.06424091139988651,0.1876955219203147,0.21797872937170432,0.3208811694772235
0.09165536442191627,0.16287971500463325,0.19434810787221607,0.02152722287625143,0.06431133387035275,0.05429153449312689,0.28078116462170855,0.5790887441385605
0.09313352097026462,0.14728830096054787,0.22495690936878718,0.2921693137041667,0.25510480086656234,0.3104535683375294,0.1117576690634744,0.03051464802826695
0.12551522376512214,0.14093026819059953,0.4648768827752235,0.021706879767903014,0.3180770310757107,0.27265119921899117,0.26077332472260933,0.12679156521478596
0.12775364555158897,0.13736007571509254,0.4932557382402818,0.15286775438367564,0.38552951629898086,0.02567400562427714,0.3113372406185313,0.12459148307453503
0.11810016417051793,0.13867238308142432,0.41897429668027864,0.015361690882667024,0.2920815248899226,0.1301604343817461,0.284048530123272,0.27834781972239225
0.08088683832733189,0.13815935571259508,0.15117932636267914,0.18352641151696267,0.26677636899405827,0.1993988324837167,0.09836709805032648,0.25193128895493605
0.08651551792132048,0.14815643984700677,0.17896972921799173,0.20191357124858358,0.004361971180762855,0.30901696171708315,0.18700629058778073,0.29770120526578975
0.08663771980426349,0.1393864268472958,0.19110698514028437,0.3268724212998722,0.164768617397232,0.18798360384326965,0.15395148062728944,0.16642387683233684
0.08600833660074693,0.13655694527812354,0.19045780899518608,0.26204302241708793,0.2307192034853008,0.03703879334565076,0.17865989304277696,0.2915390877091836
0.09241688758380943,0.13996894355324357,0.23160057339061213,0.20731748416088483,0.2735702064563371,0.26771841506774907,0.12194922778365662,0.12944466653137232
0.09712709617658899,0.13588799923653688,0.27321835912796666,0.2204115221703037,0.15219682335272314,0.17368381944305594,0.21701114093702958,0.2366966940968877
0.11727676507079017,0.13816096158626293,0.414565477926473,0.17407312083856286,0.09411155679023933,0.18707367786993878,0.3253900035555493,0.21935164094570977
0.0842528543739956,0.1450144373050207,0.16724441251999342,0.2793993812817952,0.02628302084881925,0.250586350699339,0.18089636190784325,0.2628348852622032
0.07366625097760318,0.1491055889043893,0.09165485397308862,0.1705828629362904,0.11474611119269607,0.36500151558042115,0.07459231402899649,0.2750771962615957
0.06980108976007035,0.14735695587155104,0.06651256944133552,0.31255278158240846,0.18208376900177176,0.2962477448693966,0.04220288759345606,0.16691281695296692
0.081766769216759,0.14708425940922457,0.14798843400501818,0.23470535113582466,0.0041694136797348425,0.22763482544728408,0.18951524620301116,0.34397516353414526
0.08406383831978925,0.14618534744914743,0.16461183517835254,0.41687845720120004,0.03811501812352773,0.14549026789975517,0.19728780525670547,0.2022284515188116
0.09417355606345526,0.13852689753278502,0.24669256781245275,0.27279146233988805,0.15610871782350574,0.009562826773188003,0.2500102014297763,0.311526791633642
0.0889888040237727,0.13821164596647523,0.20974212282230006,0.2998686841871408,0.33908279787339396,0.095075087592359,0.12874917759333093,0.13722425275377537
0.09042204377712372,0.14254824137487582,0.2134157775901234,0.1841676988410361,0.39683703815900917,0.22309388306693284,0.08213311757987947,0.1137682623531424
0.09365519106776989,0.1354679480418474,0.24843656048716015,0.15970810047212464,0.25920732108015393,0.1830054908552831,0.16321397797399484,0.23486510961844353
0.12068195549195153,0.14112231905794792,0.42999545285982854,0.3515024219256518,0.11468435912909386,0.03548572774292752,0.36520026601748695,0.13312722518483988
0.09819229127474244,0.13698261664076583,0.2788112259156281,0.10226239255582599,0.23500589602095726,0.21778507744979178,0.18574894981323992,0.25919768416018496
0.10327003294076938,0.13699198989702296,0.3158581240647392,0.11888517792981101,0.37303030816249505,0.168270356441492,0.16896754297839994,0.17084661448780206
0.11134132500992477,0.1445715594757007,0.3551274206082983,0.052393064827921734,0.5210180653242104,0.07397768972657275,0.18207006727737599,0.1705411128439193
0.07652464635878344,0.16297592517126389,0.10139317412322371,0.05219201632538288,0.1064116704797186,0.03135062662116674,0.20435586514137158,0.6056898214323602
0.14305116122769648,0.14634459545174872,0.5675041225221008,0.14520022546798889,0.05291057388021812,0.2762028224185474,0.4263072614014631,0.0993791168317825
0.11882842631238223,0.13916720904563987,0.4227175835155928,0.12818122159346795,0.44558462868710147,0.08196759495782423,0.23438783852361295,0.10987871623799335
0.08519828766425384,0.14139367216570514,0.17821368720605066,0.2704945235262121,0.28475949881843937,0.2363606554565162,0.09132528014767664,0.11706004205115576
0.0956544955935946,0.14091840095561292,0.2530151871708025,0.07758683725533295,0.2852227499350039,0.2928436641593398,0.13412334952678323,0.21022339912354007
0.1061528885500795,0.14064270059261827,0.32815701316604173,0.08382478398115964,0.22022173142932827,0.31974786756281204,0.1951417254528417,0.18106389157385835
0.1232397911433251,0.14062237583503537,0.44971357344660384,0.0002952658882670089,0.23771998229404537,0.262855948611506,0.2865382642749205,0.21259053893126106
0.09540891894427118,0.1432366238255708,0.24720576343234038,0.17770141875249965,0.08719553852977621,0.32357766432715024,0.19096462651076065,0.22056075187981322
0.07405316140019869,0.14040522170577474,0.1000900196550218,0.28162392842935163,0.34882910574990955,0.003991784570276581,0.09089426802815082,0.27466091322231145
0.07838457816840437,0.1377279903673111,0.1334846905075284,0.2893653539752726,0.2215430304423392,0.13366544575546652,0.11687664895253518,0.23854952087438658
0.11397021864105335,0.13424443860426147,0.4020294561337613,0.23782029575588656,0.19476979095405736,0.09351490640806842,0.29682866019818693,0.17706634668380064
0.13177883742180982,0.14545271499883494,0.49348571748822123,0.34769414428478435,0.09426242674775344,0.15132463540087876,0.3846794648369375,0.02203932872964599
0.09324651841611811,0.14426038835774702,0.23046186686861725,0.22807972211354652,0.21445240766648171,0.3344432012175868,0.12549742600143593,0.0975272430009489
0.0595326453525235,0.14462899426946849,-0.003231403563560276,0.33142525561091507,0.20459161969307513,0.037464136326454296,0.06907978718126029,0.3574392011882952
0.11904064712604678,0.13690672751708058,0.4312472308468613,0.06822823234725817,0.21293327929176567,0.1465402754399083,0.3088961242459157,0.26340208867515214
0.0790700402685428,0.14975491067441146,0.1273416690154741,0.20845235004121176,0.003749997079925482,0.3072199507454911,0.15527558837061303,0.3253021137627587
0.12280786837405115,0.13498574971811195,0.46529258462624074,0.211569550508492,0.29639798142712764,0.029584380484515643,0.3181412488378715,0.1443068387419932
0.0791657462731273,0.14063355417109585,0.13628146132046198,0.3107069737770755,0.10492743014073991,0.1298658590510514,0.16426683776786963,0.2902328992632636
0.06204984784363446,0.14860071030347236,0.013794334087961373,0.33552391416413496,0.13852498250471557,0.27247669130938507,0.031126348540218327,0.22234806348154593
0.09081460470966521,0.13805833143309992,0.2231998923194092,0.13628032044721516,0.2765695114299874,0.23931015665090918,0.12862725676385517,0.219212754708033
0.1160477420614201,0.13655294473080085,0.4104469674521635,0.13749733415629728,0.40054004391762293,0.053149544745237656,0.24793631404182073,0.1608767631390213
0.10677753805093688,0.14371073449415253,0.3254978705354834,0.2806212590666624,0.1913033650308572,0.293174942015204,0.2011418559281035,0.03375857795917291
0.09183358375094507,0.1372397987806247,0.23195591973892696,0.19363472512226645,0.21940334138276502,0.23791503560517507,0.15061514215630836,0.198431755733485
0.0549344006534114,0.1545536353126254,-0.032775672576980074,0.5141079969115446,0.10647270792783925,0.11226355221454641,0.04845832036001248,0.2186974225860573
0.10599774349394232,0.13399411842355868,0.34328180994140606,0.14253551240835088,0.30038712170368553,0.12973757698744814,0.2186134785421717,0.20872631035834374
0.10072817719310741,0.14902580025121998,0.27329614821359766,0.08154640441390157,0.023332366633605137,0.21774482940286993,0.2792784545247718,0.39809794502485146
0.11020852271802359,0.13423305896142446,0.37403992061636904,0.12261998176883743,0.30649419632063885,0.1305942761041499,0.23573074667172264,0.20456079913465122
0.09172307787930378,0.1640031210668562,0.1934297205622801,0.0417561432050554,0.061783181121052355,0.016365572902067436,0.29227923431889924,0.5878158684529257
0.11526427900533702,0.137637463015476,0.40152061651356574,0.0648767378555064,0.2275226451738648,0.10846668076523495,0.29930342748915373,0.2998305087162401
0.12107751200110949,0.13749495673521528,0.44421638037772687,0.30050640681867297,0.20339551345295545,0.11028181430161924,0.3136943098844074,0.07212195554234493
0.10902368595163173,0.14196215970096446,0.34532924868780135,0.11652545801012582,0.07397370289098715,0.2711304377291404,0.27596658374529787,0.2624038176244487
0.10225377633056934,0.14844337278772282,0.28464575775297923,0.1774826791684457,0.042778046158584146,0.3891151305517054,0.21682659705099966,0.1737975470702653
0.1018031890028674,0.14005011879716947,0.2984873512560868,0.38064585801082057,0.12462937912459984,0.08568615955131902,0.26215178338561923,0.14688681992764127
0.09905558165075955,0.13693946323711803,0.28520326228482956,0.08600227685466241,0.3142082259687084,0.1868535047041904,0.17020504395959882,0.24273094851283994
0.10177976110340822,0.15095056791421502,0.27677776692533945,0.362154331868019,0.04270219820559901,0.31723898129958594,0.22227470460311452,0.05562978402368147
0.08537028205662538,0.1419829995526133,0.1786853506163895,0.13217364702860437,0.2145570041395826,0.30743938550716043,0.10791293201324839,0.23791703131140418
0.11160315285874371,0.13841003173145136,0.3728281267853923,0.2052010892597376,0.1344908817336039,0.25865518620903394,0.26058324578605413,0.14106959701157037
0.07230198505199852,0.15182015347602615,0.0810299869308268,0.4784162511618055,0.03716741799035716,0.0016533805356741885,0.18718580643613988,0.2955771438760234
0.06199598423554093,0.14362272624435488,0.013897412253162727,0.2792504966101349,0.21145530065840373,0.05542549032747111,0.07566990736787271,0.3781988050361176
0.1040309737784516,0.13940199971909079,0.315856113019745,0.28866521625932173,0.22413708046188158,0.22091734694885035,0.19878768048029866,0.06749267584964769
0.05935058040800017,0.1462658904388536,-0.004439993426022446,0.16261440936053667,0.26424357895082506,0.20400424526196442,0.00705528338017364,0.36208248304650015
0.1253292076413451,0.1440381030006574,0.45355504050929446,0.30820662369127616,0.09505228845246262,0.22489715539075716,0.3368171005408069,0.0350268319246973
0.12239687137703355,0.13527644924762733,0.4612545030865966,0.19454193999696873,0.17644771677725382,0.15864294354663716,0.32315606782318074,0.1472113318559595
0.0973109323538591,0.16090361823270893,0.2318837373805832,0.04897942875329153,0.05065231173816238,0.032885592118368806,0.3147763087514022,0.552706358638775
0.08764378115350002,0.1417549672417323,0.1950110228332215,0.085131266963747,0.2701453913083364,0.28711960179591706,0.10664351855661951,0.25096022137538
0.08856267596038735,0.13752090660617472,0.20769697252057584,0.22198527220441222,0.15124272216752835,0.10913940845920143,0.20068459538752131,0.31694800178133675
0.06568278229035296,0.1437135027969334,0.039542438113019274,0.22321713775549118,0.20485825656045537,0.24278883641437227,0.03985848433561573,0.2892772849340655
0.0554645431841347,0.15463168834787133,-0.029330707465742643,0.24872196348450704,0.09187888267796201,0.3528117248524018,0.0025606281577423805,0.30402680082738676
0.14976392924856183,0.1563478476582152,0.5741296128667572,0.05087274892458143,0.01168802637939119,0.3966823260083382,0.4408377283752577,0.09991917031243137
0.10181833640930445,0.13911946844525772,0.30059298584625915,0.2674405761333073,0.13784077322175198,0.24476740130106928,0.216527550427398,0.13342369891647335
0.10573109070635636,0.14277912329583864,0.320292558538838,0.3027337680480463,0.054673666139218924,0.02293984952845707,0.3318152582185362,0.28783745806574146
0.09866376948382433,0.1360350428037652,0.2842191885777404,0.21735116743486338,0.20395050088977032,0.21686515267973946,0.19053704216570783,0.17129613682991884
0.11323897974914156,0.1368000644596746,0.38917364519835546,0.17789266868929382,0.1881543773233927,0.24632112033670614,0.25319375446158715,0.1344380791890203
0.08588045452581619,0.14009575369357213,0.1847340397084686,0.155074392915794,0.1401334537828135,0.20119662958452592,0.17000395560238524,0.3335915681144813
0.11105925215891276,0.1342201231031615,0.38041428497028457,0.17805727392003423,0.2297834665484718,0.1813239844772572,0.24827948247248718,0.16255579258174963
0.0786971158737688,0.1463038000267913,0.12779651567727546,0.35206974192393997,0.05779339371249306,0.019174719419996156,0.21160544368255116,0.3593567012610197
0.11826766268880573,0.13921146588857541,0.4185550544769283,0.19743366482067515,0.10024897524417081,0.2465721882934071,0.3067363042219325,0.1490088674198144
0.08912010238525411,0.14285651343433087,0.20384161481471558,0.22300610288751224,0.30423308372076807,0.27985006327983103,0.09097384636420683,0.10193690374768175
0.12998115304128705,0.13639900826363877,0.5130620371229093,0.1863561801914893,0.19789822454911796,0.05031785825672042,0.3821823118380165,0.1832454251646559
0.11000031619073175,0.13477569954852336,0.3709891052929027,0.24926071965269356,0.2626104122566267,0.006921604306934977,0.2800515936360583,0.20115567014768657
0.08269688111749438,0.13876636008040893,0.1635618395145808,0.21904329809648046,0.16395981295599177,0.21825445542146846,0.13664091550987106,0.26210151801618825
0.06829617316997993,0.1486158837410105,0.05582292391059281,0.059610829861841866,0.3982095474571421,0.17652706189449738,0.011305911688768433,0.35434664909775027
0.11773411165459433,0.13671393058712153,0.4222986743681034,0.22402422977852035,0.16520384384069942,0.02799538490179494,0.3459784654795894,0.23679807599939584
0.07093428518206434,0.14751638140494647,0.07412251492292701,0.06460244466287945,0.2852512582732364,0.27761583628761755,0.0337222117143394,0.33880824906192725
0.11654763107343401,0.1351196006883827,0.4185005786380766,0.2726099916986719,0.25260473952518925,0.06845191544430974,0.29081019701598315,0.11552315631584595
0.10084932085630413,0.1473875609983764,0.2771558235959554,0.4028999067982133,0.03054093208521546,0.20696429084191867,0.25417773516799314,0.10541713510665933
0.1010041773297216,0.1357902623025836,0.3019669940569917,0.3065616161709322,0.2491406385380365,0.007197045560830875,0.24177760994988823,0.19532308978031218
0.09350321642872905,0.14377209374357122,0.23303003772404304,0.06707544167201616,0.34071582980358517,0.30698258191407457,0.10008755157924396,0.18513859503108032
0.08726732272138561,0.14151427345588913,0.19268249099893806,0.09931840166334169,0.24335064076040014,0.29193809238834023,0.11260045104251552,0.2527924141454024
0.09875265824589265,0.14219184982940092,0.2725378303495408,0.17729206007069462,0.14106975534930846,0.33381265152659106,0.18155964943895148,0.16626588361445432
0.1126379174685909,0.1379282533316327,0.38163259663724636,0.23437633098835237,0.09105291666318997,0.1132062267551898,0.3248636339441962,0.23650089164907165
0.12045338457615382,0.13999737947603705,0.4318179726107048,0.2819709632953733,0.09247787240117586,0.18549014413223083,0.33134918008842684,0.10871184008279326
0.07029022834212212,0.14669179526092677,0.07014862912965558,0.07615220809391543,0.24243489453078715,0.18403589690889352,0.0757254827443796,0.42165151772202414
0.09990305325779616,0.13671987776068903,0.29185992491626894,0.25442298085471904,0.14601481980097356,0.1989409668111329,0.2206054586149847,0.18001577391818988
0.05417805564370678,0.1558193190649561,-0.03736343087127878,0.07501170049109664,0.26778690608767797,0.12059548016351578,0.016783342470893907,0.5198225707868157
0.120754454288433,0.13670529717075763,0.444419166965747,0.2613662951434854,0.1605609561346976,0.04303611827037343,0.3529660994961928,0.1820705309552509
0.1065033031254193,0.14426798984486539,0.3223397177393637,0.2399505104352608,0.002427312164417024,0.25396402011741215,0.28779263782265446,0.21586551946025553
0.11053477961997657,0.13361049478431392,0.3782246275006642,0.2013114031417592,0.25616882595751533,0.05736901011446355,0.2729080756359598,0.2122426851503022
0.09805162276465453,0.13704363286867788,0.27766063966734966,0.2498782036240394,0.1241842868019959,0.18770079232270978,0.22489181077450038,0.21334490647675464
0.0965843264860062,0.1448612047200609,0.25254744054285694,0.38363501884893325,0.044830083237564065,0.19353498755323656,0.23617196100413756,0.14182794935612866
0.1435816448686382,0.14537315748249657,0.5749455148121256,0.13985206105078807,0.11255055109256228,0.29682142608147255,0.399756299942974,0.051019661832202925
0.07202132853165509,0.14253679324920476,0.08433842418944809,0.2940028070205059,0.2377111953087508,0.22702798365879898,0.05369649206889618,0.18756152194304812
0.09381013603966308,0.13616760124657798,0.24829794848510459,0.1436955248399327,0.26650883120517577,0.2028167411350465,0.15618370734069875,0.23079519547914637
0.08840692481125659,0.17550512558241352,0.16185809227501619,0.14436919399838155,0.014164276441337859,0.6425023275383612,0.0915130275057085,0.10745117451621086
0.1196323693390235,0.14003659323629064,0.42583419062760886,0.2587738185542413,0.09400986514671629,0.21844703957386885,0.31879553882503825,0.10997373790013525
0.07848316869232244,0.1433238470651511,0.12896087476580573,0.3594896748992773,0.17641854523501135,0.2159849583793292,0.10301182751408487,0.14509499397229725
0.10960382586028003,0.13889191988723654,0.35713975226602346,0.13870996144485084,0.10302478070189446,0.22686569969857864,0.2794210755860075,0.25197848256866856
0.10298860684159895,0.15314987482826314,0.2806963237143018,0.2962259930206324,0.05718787594907503,0.39622456934195377,0.2025475933484051,0.047813968339933594
0.09969688738536493,0.13830243927867736,0.28702955343669895,0.26555136630929704,0.10660823681189052,0.06879357464306517,0.2746878504013584,0.28435897183438885
0.1374722732366345,0.14261908535756976,0.543211121024922,0.1637547016515421,0.17140235732766354,0.2800149339969939,0.35432102063090465,0.030506986392895816
0.10529953883519495,0.13417632989324413,0.3376119981164861,0.1617951173588404,0.25981845739890286,0.07146872194472052,0.24782232687963812,0.25909537641789815
0.10963518361342023,0.13587018471442813,0.36531328574950733,0.09622384217393558,0.2696311335354918,0.08536332123439257,0.2636998695472585,0.28508183350892147
0.10794480930446844,0.14530248668176673,0.32996551125428736,0.10741249018179325,0.31104998455691596,0.35286471751246645,0.1558048580653478,0.07286794968347657
0.12496821418439508,0.14299118676106545,0.45435117825097343,0.03166568405295808,0.19811820756422385,0.336783469138832,0.28336222944574824,0.15007040979823769
0.09890785415832218,0.1361716437977619,0.28572655123490304,0.27879345037742437,0.14522457704509115,0.08471845870750068,0.25045813301433645,0.24080538085564732
0.11568397534022613,0.1391739160995937,0.4001035316156394,0.1855799482441491,0.33878382477548086,0.2147239451265774,0.21539117554805598,0.04552110630573667
0.08586146142673998,0.14051721498081612,0.18404479074162317,0.2796796154311823,0.21691057886153184,0.24620033625907578,0.11627965327744291,0.1409298161707671
0.13256415129731383,0.14418743969201725,0.5032626382180726,0.21116904942082837,0.0785060916279437,0.2788800709241623,0.3652301278627932,0.06621466016427233
0.11237505113602701,0.1379786914811025,0.37958796806824535,0.03570766348536166,0.3053822926821126,0.11301661484838324,0.2580759878238834,0.2878174411602591
0.11292874242894563,0.13501918451711287,0.39200905129327923,0.0969804313739171,0.24557449962488506,0.16569240538234156,0.261799066639235,0.22995359697962126
0.05047944524957598,0.15986247191621547,-0.05955465742712757,0.521875723674511,0.012113782029980567,0.1463085094203385,0.054080447717016984,0.2656215371581531
0.08464841755977934,0.14489899523270125,0.1701075809407449,0.3096631766002776,0.16268144974777443,0.29565913594631016,0.11384223858890694,0.11815399911673086
0.06706407407394134,0.1444382357122057,0.04890723040965804,0.27166316467221185,0.12916902283311868,0.23957052260918063,0.0717843705686181,0.28781291931687064
0.08709506252486292,0.136958900993565,0.19783352763714115,0.2039594329999039,0.2695389278063704,0.03177560495023552,0.17488221450511338,0.3198438197383768
0.09552209445980565,0.15132906745800012,0.23473411325728588,0.475840463174003,0.025399080902105745,0.1647726969257796,0.24052486427811798,0.09346289471999361
0.10345925991758735,0.13911313746476736,0.3124022699049118,0.3033418863532093,0.07667170725889147,0.1440418932373474,0.27561817135323885,0.20032634179731296
0.11533754802761606,0.13704349536259924,0.4037955094563235,0.26796349688342946,0.3487391421679972,0.04228470432318665,0.25744070186267776,0.08357195476270896
0.09263447192753943,0.14329537354169491,0.22774267668902598,0.3329103788460553,0.026395553166043067,0.1091616854100161,0.2568471795979771,0.2746852029799085
0.10117250129115571,0.14156463847720546,0.29083888274673375,0.2604197496362405,0.21474645044509447,0.2814359779850317,0.1734244292600392,0.06997339267359405
0.1150001670810156,0.13610987073790876,0.404086542605886,0.1504552493394982,0.14686480960823167,0.14992226882112514,0.3090170551824007,0.24374061704874428
0.09904656153322655,0.1426255914142701,0.2737696730722887,0.43651414683516326,0.16885238887072992,0.02507382352428077,0.24784234621540926,0.1217172945544168
0.09671979573390185,0.1542691239784518,0.23802427074798746,0.3773985663901384,0.054054155711840884,0.347984502750359,0.18530518485739014,0.035257590290271465
0.1300915160948211,0.14056784643658346,0.4986312152576271,0.31647607007147227,0.22570742288914403,0.09180523978084956,0.348387736146536,0.017623531111998127
0.11045088436541878,0.14873098730496556,0.3392089656607451,0.10018143321593574,0.3733093119445846,0.3521288064366911,0.1435918597053378,0.030788588697450745
0.08014709247973946,0.14093151194678208,0.14295661915092003,0.30713894486838644,0.11228437677549366,0.07005331298327133,0.18471825436095743,0.3258051110118912
0.0984305517052117,0.14090481283186168,0.27274122815854385,0.01706803021238936,0.300156015893931,0.22438021158368443,0.16675428322424338,0.2916414590857518
0.1058189007346505,0.1404620394590564,0.32620130614012877,0.3307037095394924,0.07848149452714002,0.04918566490217656,0.3125758387095708,0.22905329232162014
0.10133735936699163,0.13718761488411768,0.30131990706237793,0.12696036082418696,0.1661725221894432,0.21613340558019192,0.22408114404719376,0.2666525673589842
0.09116761501559867,0.14018408377132469,0.22233347878808302,0.18008387805680132,0.12378931052619617,0.269872713829643,0.17539453463034216,0.2508595629570174
0.10175966234112531,0.14127803031913413,0.29558496991212335,0.16583121918794697,0.060410323226969286,0.18535295915537353,0.2728086168446467,0.31559688158506355
0.12065665216568223,0.1392692504232884,0.4355351377373345,0.21709433849704546,0.07271498024150151,0.1824884629981428,0.3460183825086008,0.18168383575470937
0.12856800884567846,0.13918251039951662,0.49264816857274185,0.2995404203174035,0.21812531591664538,0.10373708807855396,0.3423814998546252,0.03621567583277202
0.09967437069355072,0.13865741386112082,0.28613234293615586,0.2910651337722391,0.11583543994515189,0.037189612351845834,0.27888977655930564,0.2770200373714575
0.08704941109093128,0.13770583979340578,0.19642893236417835,0.21948729921657298,0.2312393686585219,0.22597366599383895,0.1271648401428935,0.19613482598817267
0.13044121988466653,0.13920485942258676,0.5060255811244838,0.21088248875480092,0.15408739984817182,0.2182905585437372,0.34623387965223323,0.07050567320105684
0.06733197189930779,0.14960419662888438,0.04900913252785175,0.4150867577448116,0.024496974554758424,0.14132504092633832,0.13204787116123823,0.2870433556128533
0.1155248376967306,0.13989843189819376,0.39689392470915524,0.04444380909452718,0.2988371364172563,0.2806172158883173,0.22084434716610177,0.1552574914337974
0.0987328441374104,0.1348230502754022,0.28728651412567113,0.26415722329002805,0.23521762359658963,0.14137611752955917,0.19872845883308346,0.16052057675073975
0.06715584496320195,0.1456993721272875,0.049113766646505436,0.3236724284316301,0.18220808295939644,0.25438561197748316,0.043007206431683265,0.19672667019980705
0.09507654110627796,0.13795787028516798,0.2542554551891273,0.18435210920563763,0.2525440994049828,0.25515324044418414,0.14723265976482972,0.1607178911803659
0.08804144129138308,0.14098898788372866,0.19889100356198322,0.09750489115473214,0.3650415067930377,0.03709634886432988,0.14946192989404813,0.35089532329385215
0.10773074105243809,0.16316726081920704,0.29252645912420394,0.19822263542201485,0.03184162471708333,0.5313894975034955,0.1982353317269135,0.040310910630492865
0.15180053401051755,0.14455313840577508,0.6350642747916292,0.04672662595988862,0.157295466486041,0.11122193780269685,0.4837721613401104,0.20098380841126298
0.09690681991658467,0.14006168024946167,0.2635040494362949,0.2862210196239273,0.061835018499592116,0.17531144557135875,0.24472688134554188,0.2319056349595799
0.08814502402139361,0.13577491719514906,0.2072917782077585,0.19191996981524626,0.2952637668280228,0.07296022907112576,0.15762758110365324,0.28222845318195194
0.15177051904989308,0.1494698750238395,0.6139733443629111,0.06182117663832619,0.04435629061304925,0.18516272539998296,0.5024037075349921,0.20625609981364965
0.097382266765982,0.1426150472232313,0.26212007424061357,0.10499532081351123,0.25321764987746265,0.3386509957383369,0.13718151875619647,0.16595451481449275
0.11292900753638184,0.1356180064352881,0.39028008837187567,0.181325049207072,0.27949387216438165,0.1994062773888849,0.23137149293742879,0.10840330830223271
0.09049010231220798,0.14195094130331404,0.21479323794731436,0.09597640943766565,0.1601406383887158,0.2845343267015205,0.16085693300104895,0.2984916924710491
0.0548306430355987,0.1622284268292776,-0.031864680348785666,0.6028479225817606,0.0439141952379134,0.02768628034941765,0.09120388057269244,0.2343477212582158
0.11792526172684582,0.14805305881303152,0.39124663949021554,0.08591014775688458,0.5708001597858077,0.015174483540231919,0.207030994806028,0.12108421411104772
0.10915256251902858,0.13715942975856335,0.35836079666961296,0.2339094996814826,0.1681066615551277,0.2290107718209157,0.24415171189410068,0.12482135504837329
0.1611177962537397,0.14679479943822932,0.6888377288617072,0.16737009906766487,0.1383771319722499,0.15922709963868217,0.506135983033322,0.02888968628808116
0.12600507114492096,0.1401619348297113,0.4709200912866488,0.021961334162918334,0.26003409952104717,0.2745353770589779,0.2844578690546398,0.1590113202024168
0.09633717042063018,0.13703905789660728,0.2651592252483647,0.2522359582650603,0.1670080809790455,0.03300749793437712,0.24946756331108996,0.29828089951042713
0.07030038385555773,0.1514286092695307,0.06802138582164405,0.030739246909343664,0.20037615281515847,0.24961353096172323,0.07499462631673823,0.44427644299703656
0.12032261355099813,0.13949647909621818,0.43243108314863204,0.1123857924628788,0.3096925751929212,0.26538919881512546,0.23653682098768483,0.0759956125413898
0.07925595295017376,0.15348331726623915,0.12545958279473146,0.13079864464886648,0.028060753864181207,0.14265680713685688,0.20472512539565912,0.49375866895443626
0.103173388996315,0.13587287879968007,0.3177483937759671,0.11030618888182414,0.2271864599541077,0.13229850836771953,0.23629248108708925,0.29391636170925944
0.1154586304092769,0.13584757791153274,0.40824158414802886,0.07511744903419794,0.2700820600540512,0.19475290057987713,0.25597340401736896,0.20407418631450483
0.0865455414546367,0.14616244041207016,0.18161670932558244,0.18859768146740777,0.10146115054150895,0.031155788347134044,0.23823007265626722,0.440555306987682
0.11219394938647045,0.14151428237932492,0.3688246056081187,0.2507606723716703,0.11122051285090256,0.2810551251291655,0.26127374305521983,0.09568994659304188
0.1420573084254125,0.15412433018961605,0.5324098299370323,0.006680909054427597,0.05517626453206541,0.40965976244994584,0.3906346702004906,0.13784839376307054
0.11200320162833896,0.1381896575869755,0.3763176096996156,0.08386833332344559,0.23316034862524013,0.27576346409090385,0.2291233909643725,0.17808446299603786
0.13296001647798494,0.13605849260705566,0.5362400764551865,0.11046062641599105,0.2393131444995792,0.10629135306045143,0.3677955699884963,0.176139306035482
0.08288026349753648,0.14417635244351631,0.15869636809198817,0.29638285470903963,0.13566367633660306,0.2929885676008573,0.11849588024324939,0.15646902111025066
0.09747256761048455,0.14731122153610132,0.2543768710878635,0.22666509646069072,0.02588472555031733,0.34919494563464093,0.21124103517824086,0.1870141971761101
0.12396716296013917,0.1388028436451284,0.4608490811880009,0.26072854794764333,0.2689190859114962,0.16222203352464487,0.2880217967829463,0.020108535833269336
0.11809548446232244,0.13668347534614977,0.4250366353006178,0.06099264801695497,0.3214788232452478,0.1907287558234211,0.2500695433348647,0.1767302295795115
0.1150506901357678,0.13473168871062138,0.4085949687308265,0.11226554025219965,0.22819140287805573,0.16462258306898792,0.27665041319792044,0.21827006060283627
0.15922838198238873,0.1462675746050715,0.6784031406161581,0.15687763566244234,0.15153434684147737,0.1925517876217708,0.48339373814330266,0.01564249173100683
0.09923490827414487,0.14541349714259738,0.26981613842675,0.10363912738101785,0.4074395445858289,0.2881133886087403,0.10213791122342915,0.09867002820098375
0.0812419931709396,0.13658005584788616,0.15552778214263965,0.2639903058176598,0.2735200170917439,0.07838477409016469,0.12869038778770767,0.25541451521272396
0.11710292973993207,0.13515739488093606,0.42249208628381485,0.23078373013025863,0.2436274744963397,0.15517083515890606,0.272851698997678,0.09756626121681758
0.1462217295522976,0.1422746618618452,0.6060230853756841,0.06693948866754156,0.3028118570135356,0.23044371590674056,0.36512896581708426,0.03467597259509794
0.05687368821456833,0.15048818471355385,-0.02077446672230406,0.3455556645180953,0.12012627869609431,0.26821278028533696,0.016435765356824245,0.24966951114364927
0.08630192036156518,0.1383559397536044,0.1901032973965975,0.2684144789498177,0.13799219763058107,0.08061011341275585,0.20118995368613854,0.311793256320707
0.14095413259689393,0.14058832076757052,0.575824024036338,0.1495577267690321,0.11670234124315475,0.12893608804316656,0.4387303544709024,0.16607348947374417
0.07417406005499605,0.15020290706267794,0.09436608340131113,0.0013872957831980576,0.30087426953228946,0.26915549600847677,0.04948677581545578,0.3790961628605799
0.127523608145233,0.136507091026574,0.4946527512778666,0.2308778194541323,0.19014314765090498,0.14512649969377528,0.34122097558354375,0.09263155761764387
0.1048878627192228,0.1448151366484407,0.3099666496064874,0.12048028294477303,0.051608445193814655,0.32004491515484496,0.2510838154734101,0.2567825412331573
0.0882351001862004,0.14140248280256804,0.1996789563138252,0.07818339315599902,0.23303178347895379,0.27393244223677293,0.12807655284598476,0.2867758282822896
0.09317701822402154,0.13943085678793082,0.23794602563823128,0.13105775138343947,0.2848698481828036,0.012674057680098775,0.20709960556935997,0.3642987371842983
0.050523719955892804,0.15048763901298756,-0.06297048785042976,0.37158285547898523,0.10669554515355541,0.16715132450706444,0.023848804737872386,0.3307214701225226
0.12380183413362719,0.137206611151033,0.4650055387155945,0.2235454543132104,0.15140999388489895,0.044337988751966505,0.37224039516598295,0.20846616788394132
0.09683292136935487,0.14107253027732491,0.2610920871479907,0.11616289472397359,0.14378928027387697,0.11114126566247134,0.2470875522848209,0.3818190070548572
0.09285071582147045,0.14403542633460467,0.22807386111494454,0.3039013325405235,0.16331431484020512,0.2931902350312947,0.1500913384289552,0.0895027791590213
0.12580244467839444,0.14331117904094998,0.4591577929841184,0.359613147989265,0.11112495959875723,0.11837878834521137,0.36190878318034814,0.04897432088641815
0.06868217147646881,0.1464610288919457,0.059279738386067475,0.29412823832445967,0.36191539417508395,0.197931141044004,0.0009752638788249544,0.14504996257762728
0.10710593604567943,0.143906908853815,0.3273361676716375,0.050981524589285405,0.1901772259129404,0.3610032493251873,0.20046953135398815,0.1973684688185988
0.07913109080982318,0.14145132268906238,0.13524858195831124,0.17818386110167922,0.18615271777476883,0.274032087303897,0.09867995899916585,0.26295137482048914
0.08290850795398165,0.1382774075026025,0.16567064980264756,0.2637869143331355,0.14007958134504314,0.13756095774042718,0.16832951119705453,0.29024303538433965
0.14336192811953472,0.14224506084886607,0.5860444476740455,0.08572464854455102,0.3418165560877554,0.21352545181350338,0.34169852924603134,0.017234814308158805
0.16528735450602303,0.1554054544500429,0.677501023877312,0.2230126029831917,0.014845963142009026,0.17721415920936084,0.5610972773905456,0.023829997274892812
0.1166864454566131,0.14091588760215767,0.4022714998372201,0.17930160067751003,0.04833223453024819,0.17136465529013223,0.3448548249398513,0.2561466845622582
0.10448606072846496,0.14148013421822286,0.31443326636832586,0.2330534594213637,0.1104298895005254,0.29873532991788165,0.2243563773005515,0.13342494385967782
0.11352536346665994,0.13520723544486904,0.395876472812618,0.1400555885572812,0.30170568162157074,0.1892974485661938,0.23198246592667207,0.13695881532828233
0.10189802302755106,0.13716438873265666,0.30545846057181325,0.08345375909563282,0.2699405271736082,0.2267627149507507,0.1870375557800785,0.2328054429999297
0.12724455538295398,0.14073061516264757,0.47782463897593974,0.06585218462724239,0.251014000887862,0.2997739463047896,0.2817337957968487,0.1016260723832572
0.0925212760395951,0.13662497718661507,0.23803316720905673,0.12362840540061938,0.24615779829497833,0.18121264955343835,0.16683947230634633,0.28216167444461765
0.08052440048605168,0.15608517775312866,0.1314948721044736,0.4582116828752809,0.4401864393053484,0.03591886725034722,0.05933988849640988,0.0063431220726136986
0.10393529884102252,0.13665033840212132,0.3215162095810843,0.2814463274471959,0.12585781808998792,0.14440264145463866,0.2605338692040789,0.18775934380409862
0.08636738001607064,0.15745528457807517,0.16745947960226265,0.31114101740736144,0.1513761811160918,0.42569716211395126,0.08465360512116259,0.027132034241433036
0.1414374291903018,0.13921382385377584,0.5849809087626251,0.11754880622959885,0.1642569882792318,0.17319804968953875,0.41136060504954913,0.13363555075208156
0.08021876403663789,0.14656808330696736,0.13794793232229405,0.28846628514047873,0.03885056799702313,0.06275389932314707,0.21691573438316192,0.39301351315618915
0.09751654434990853,0.1350008172571464,0.27789864618706633,0.2274206147468256,0.25630852801600795,0.17210089215917326,0.17880412707041363,0.16536583800757956
0.08831629606767713,0.14269263613939737,0.19844258844594306,0.29072667538531743,0.06867454926827554,0.2538128069031281,0.18021328936220352,0.2065726790810753
0.04657901985049883,0.15635384946219846,-0.08583722240075672,0.2548428015414894,0.06249198685576367,0.17496707591324764,0.030881677145417466,0.476816458544082
0.1236194731744148,0.15370912285998364,0.41389523270109935,0.0628231686207877,0.13702533825903748,0.47241016645756534,0.2558498182387773,0.07189150842383216
0.053455309305337435,0.14937773897143483,-0.04381302555338643,0.3227277138477915,0.0973212932640082,0.16816792164557237,0.04370155907871738,0.3680815121639106
0.07849577128422154,0.14301356666664292,0.12932878827736818,0.317145195277748,0.23038555378358838,0.23839683735259273,0.07886364083756461,0.1352087727485062
0.08018538375566338,0.14642033328733559,0.13785915728009948,0.2716190206612984,0.028232633747620462,0.27569649321283307,0.15543405923661713,0.26901779314163093
0.12918310012763126,0.14202965339580495,0.48710321030519876,0.13123976051008904,0.1398388997963429,0.3101838104551269,0.323964245732913,0.0947732835055281
0.08560760872537133,0.14653578614534601,0.17475327630870757,0.39804737655478784,0.03456887204035049,0.028027781324548983,0.2436487586529938,0.29570721142731893
0.1022383999919264,0.14166975898683556,0.2981469037146547,0.4207555861862162,0.17731882497990345,0.01107467502261853,0.26399798581534556,0.12685292799591638
0.10550989862524136,0.13408285069476483,0.3394162518877462,0.22807929987241599,0.25732883316788274,0.033985654066588857,0.25601829818866334,0.22458791470444908
0.08244007145327673,0.14110293185556483,0.15903334649521483,0.35617044747035687,0.3227408144536272,0.09258142746499491,0.10304004160432309,0.1254672690066979
0.10885950287611906,0.14120274837084792,0.34602373848841017,0.0579243167357229,0.21273278499496748,0.321886264017573,0.21108039745151477,0.19637623680022184
0.12191568655565,0.14122516862801485,0.43841821650597607,0.13226212298782494,0.10085316290331711,0.29395544797808354,0.3126457960684055,0.1602834700623689
0.1105074620720185,0.13649475979651585,0.3700322426100035,0.10448954473702356,0.27729008088295015,0.0476923712719661,0.27565758034896554,0.29487042275909464
0.12394460584614073,0.14005240907016034,0.45657626506165405,0.03548375267374542,0.2775149404508847,0.27997253788472454,0.26611106981726007,0.1409176991733852
0.08813583165166292,0.1386156862968364,0.20297725606185638,0.13105485543466325,0.30996813180721533,0.2236495390526839,0.10968470563645506,0.22564276806898242
0.04204423231659423,0.1574887427971622,-0.11401302318180237,0.36169199701876514,0.03863408598087566,0.18164854514142684,0.009694785127865271,0.4083305867310671
0.05718127402153715,0.16113668010733198,-0.017492764382295287,0.2809207685231227,0.027479544572150787,0.4230037622873357,0.009918763583237566,0.2586771610341533
0.10335423245751699,0.13543930799701787,0.32010081193320605,0.22678153237315068,0.23014917808300042,0.010014891105083999,0.26476922702308625,0.26828517141567865
0.10730830249234306,0.1348498567928621,0.35082204473536527,0.27256269800750527,0.23405798110584478,0.021783766466069186,0.2728364157339503,0.1987591386866305
0.07546987175075995,0.15309964195713588,0.10104446720450942,0.36894628435025206,0.19281845994575478,0.3263490132721378,0.04841336510477399,0.06347287732708143
0.12461212245864711,0.14741473103211203,0.438301667725272,0.06556259797412549,0.021364010936303846,0.2540324811467996,0.37258976303131325,0.2864511469114579
0.09568603534126553,0.13604968239203075,0.2623014968784365,0.25312259310816393,0.29964315117195045,0.1495280883305843,0.15934946463418695,0.1383567027551143
0.08532816935062751,0.14582858353236716,0.17368453246345794,0.29361050563690566,0.06664612462792095,0.005370469267131814,0.24581848661784908,0.3885544138501926
0.09122869031473335,0.13613785205865198,0.22939020883978076,0.18574133728589035,0.23862655989781534,0.2050597680215256,0.15161363458450672,0.21895870021026215
0.07068858060920867,0.14519318473074477,0.07361626944839207,0.3998826459793659,0.10904724525132896,0.16310165431659632,0.10855914355647853,0.21940931089623034
0.10851504136103872,0.13733257945556515,0.35326680350263195,0.2969536850945956,0.11582264887651722,0.12563978814659027,0.288667330090065,0.17291654779223192
0.12216268604770261,0.13851187426869926,0.44878958122473445,0.2017532811297181,0.3243436205633701,0.18482689993240664,0.2568059123851252,0.03227028598938001
0.11582262741341895,0.14100739634440262,0.39588439231283534,0.05926275562166215,0.13415561852245514,0.16416752789819522,0.32039126384749506,0.32202283411019245
0.10181565784650021,0.14286940148553112,0.2926844895527544,0.2649141664783747,0.0982223783669959,0.30003010452478796,0.21454039642697603,0.12229295420286543
0.10963419909102548,0.14488651301170039,0.342572942500295,0.2999108457784873,0.007062167600547383,0.06246963275202428,0.35462539341220106,0.2759319604567399
0.11069263317231291,0.14058226856600023,0.3605905189139401,0.1300820387054189,0.1788267018738614,0.323296126293067,0.22558529212897332,0.14220984099867942
0.1038094933791179,0.14946981858362043,0.29309926106994516,0.05227920121066089,0.12762631722108644,0.4250666227175125,0.1900243226187002,0.20500353623204
0.11187644414984653,0.13529091851925124,0.38344365399858504,0.16242454789767688,0.2880079480689506,0.19673719545647123,0.22597397444799508,0.12685633412890618
0.11446458865827262,0.14006893680000126,0.38884130844828496,0.007650552779370618,0.24486217030084137,0.24963719168007154,0.2496438650736615,0.24820622016605487
0.10643294152063074,0.14184402255221576,0.32735212020328736,0.2647522278014893,0.2223245889123514,0.27425708982585323,0.1950291645505068,0.04363692890979927
0.13639662674930472,0.13925561027927705,0.5486071734998061,0.1462667168161805,0.3631429481795685,0.1312816728211248,0.32445921750459494,0.03484944467853131
0.08205230254079747,0.13883340132010524,0.15884003655541035,0.31857395693192725,0.33456012882633546,0.04919216389734367,0.1135313776574644,0.18414237268692912
0.04021692433197057,0.159240421179799,-0.12423400743013784,0.43963176648456675,0.03326928878098572,0.1567390322512248,0.005339187300130536,0.36502072518309214
0.07266452964882263,0.13893562483496832,0.09115394027893073,0.24152695395403553,0.25113626484947,0.1457731471217203,0.08109308704859369,0.2804705470261805
0.0815899277398831,0.1520239152001997,0.14201665383667705,0.4376445531322053,0.07478344731041751,0.26267236193597243,0.13419635684862877,0.09070328077277598
0.0703746535398042,0.1406635331418036,0.07375510417007271,0.26555368314931405,0.19459171634172975,0.07817898988498488,0.11210514364777521,0.34957046697619615
0.10187147987133409,0.13563796451314017,0.3087002965698274,0.26610936802475266,0.2759134087573098,0.14423998588905126,0.1955990973203652,0.11813814000852106
0.08294989212038055,0.14678362163905576,0.1563518590433397,0.03519792257150227,0.18165548381909577,0.2690304599132262,0.13005565383910345,0.38406047985707215
0.1438940564615777,0.13976435552248548,0.6002535921834572,0.13892650304952203,0.33755067394926175,0.1148407975127878,0.3722161048927453,0.0364659205956832
0.1188803773602324,0.13663241211290214,0.43094004160285443,0.1383402908802578,0.20340471401839783,0.24270659426560054,0.27596873720807863,0.1395796636276652
0.11588802066845098,0.1342562571797979,0.41627870344698314,0.19200762296976084,0.18685476844524482,0.11606844806759692,0.30476519068121716,0.20030396983618015
0.11647880009077674,0.13616165511591985,0.4147922558865349,0.08744993209173581,0.2493296375663525,0.22242479215907934,0.2586068863528232,0.1821887518300091
0.1216264781452491,0.1395144641606788,0.44172106824905183,0.12908926428620446,0.09585907225797818,0.22639351340523547,0.3347573327549404,0.2139008172956413
0.10358841831411628,0.13742535726219146,0.3171788611831999,0.26871834708612347,0.10031151458508204,0.12404048829316323,0.2762348652055553,0.23069478483007583
0.08329552654158973,0.13641134840660396,0.17077410943957755,0.26989450958548333,0.21306542441053605,0.12334486842941657,0.14604731557414108,0.24764788200042284
0.11599480529310988,0.14146901030959125,0.39580969125726306,0.2972715480808677,0.13762860871918406,0.23474692705116298,0.2782325050805724,0.052120411068212746
0.11133505723021972,0.14099050656785891,0.364102934870385,0.2939509529242434,0.04321901868495602,0.1600321605547464,0.3180040376086594,0.18479383022739473
0.08530051529298809,0.15782927239977007,0.16030305980821938,0.3524160227510427,0.1430905404358381,0.4008077833123564,0.08767063064749415,0.016015022853268678
0.11479567189272454,0.13448266528870387,0.4074552789022334,0.26092159781716057,0.22496557000139758,0.06938073345166382,0.29451230666415135,0.15021979206562674
0.090692089375937,0.1398734199114542,0.21942760386759966,0.3506900951662515,0.1862212424337021,0.1739961697233744,0.16561261684595346,0.12347987583071862
0.09219290856438306,0.1386223426769066,0.23223463074359188,0.356618589199387,0.3023963881186475,0.024554211236624508,0.17402245639677966,0.14240835504856147
0.10710517508728172,0.1359197708037925,0.34656602794953634,0.22643400258102142,0.15632806124884777,0.19935061539509097,0.24976833890790295,0.1681189818671368
0.08156211135592577,0.1425041612793829,0.15130864363780033,0.41728836222611054,0.1323979113309325,0.07910272450283222,0.17127499628775453,0.19993600565237019
0.10333154718556359,0.13536148813831975,0.32011724886834175,0.2988573846512235,0.1868991766586413,0.09752535166146388,0.24787946422517426,0.16883862280349712
0.11915025937228776,0.1402700075106863,0.4216885735019404,0.05264402174852779,0.18729259919380925,0.29592856445249793,0.2735984159377868,0.1905363986673782
0.1257954981430926,0.14219936737307803,0.46269895118780513,0.18429686112621818,0.042510278675818115,0.2295377476262723,0.3675737589303003,0.17608135364139094
0.12327180648101811,0.14283664677424657,0.44296619887065297,0.0852005915005996,0.3370361983331767,0.2972944377810302,0.2309713039774024,0.04949746840779103
0.06220100326800018,0.15954841658764765,0.013795205963645946,0.07950600259813533,0.05663268771911334,0.33813868264940755,0.06340493768981562,0.4623176893435281
0.08849182398713024,0.13867901892668616,0.20545158314245562,0.2868346175769401,0.10582582595397115,0.1310501546606113,0.20557701648974225,0.27071238531873504
0.09813974677851114,0.14417501510011715,0.2645378379327817,0.3486768339747,0.02245954183467303,0.06593427062510542,0.29427624920454304,0.2686531043609786
0.07810568148823763,0.14745718257601398,0.12278602623445742,0.05315633018282596,0.2003317246085022,0.3115574116406807,0.0872969593154319,0.34765757425255933
0.0921681736850233,0.14254927311650606,0.22566354062522737,0.021298459572592708,0.31449862598897455,0.2476034451496213,0.12673278486119366,0.28986668442761787
0.10055874883974149,0.1338552077458183,0.3030046385401734,0.23197206559374756,0.27690176995455346,0.10904547578822073,0.2034044947560676,0.17867619390741057
0.08548142217995945,0.13912893386799602,0.18314969770512252,0.2345529942116069,0.397653154169175,0.0014144981521986202,0.12598887515112894,0.24039047831589044
0.0963938130255832,0.13884268275319048,0.2621226578449047,0.058913830327607976,0.29998831384595653,0.21398626358529085,0.15790791757228329,0.26920367466886147
0.11088084336753427,0.13859405405475742,0.3671214015244237,0.29726515005636234,0.36831483102463974,0.0018137062558590304,0.2411030212100505,0.09150329145308846
0.10310416844538864,0.13734068507251873,0.3138485032503569,0.32109376887600033,0.22301739315632255,0.14048725760041267,0.21780558861238394,0.09759599175488054
0.08497788567487263,0.14748707570820666,0.1693564371992141,0.3109763207782813,0.018143393390404963,0.29091784069127974,0.17189792732230225,0.20806451781773178
0.095803483292952,0.1374289707096156,0.26052354978779535,0.09657270015045244,0.30850913741288594,0.08994911602264094,0.18793285488965572,0.31703619152436496
0.10662651583194024,0.14273755777637456,0.32665905567047404,0.26556033116598854,0.16164888416245415,0.2984971728081145,0.2113916664503442,0.06290194541309853
0.11484557457076386,0.13617216587662334,0.40276641131239577,0.16699293196806209,0.1377183048883585,0.14163805356979217,0.313096738024863,0.24055397154892416
0.12131736957770226,0.13999944521153243,0.4379829468970728,0.012040926840769675,0.2773573357557992,0.09381586306202601,0.3151706756150405,0.30161519872636455
0.10052870922430118,0.13872592994893332,0.29214948668371005,0.34461684608685567,0.2972026662485232,0.08083422393444692,0.1951602569848382,0.082186006745336
0.11904981347284051,0.1402623779579765,0.4209953826002594,0.09275473294134404,0.21822881983812376,0.014585531719513177,0.34628559814869003,0.328145317352329
0.11591346680182703,0.1355215196342286,0.4125799869477334,0.12981696223137001,0.17572551172608342,0.15891638750509596,0.3007727120571844,0.23476842648026622
0.1471308015992807,0.14042199144131953,0.6204925646257586,0.12152213344808466,0.19524957389582287,0.1874388793149162,0.4191864134274104,0.07660299991376578
0.12341965086801847,0.13995350321938116,0.45314800565303703,0.027565366663947845,0.27099323027605227,0.27593758384996453,0.2682606625744314,0.157243156635604
0.12473254811126909,0.14197015366828367,0.45595885077731263,0.3468679919909115,0.29619440603982816,0.03651296917324682,0.31326684302311736,0.0071577897728960435
0.13617299598940427,0.1373239273976374,0.5546957287992245,0.11812200792697203,0.33885703814689894,0.1105102434553564,0.34159541836928603,0.0909152921014865
0.09204342445043472,0.1392391745880168,0.2301322493848828,0.101862706410269,0.20349323625688132,0.24663285907917237,0.16236123870127128,0.28564995955240596
0.14017068793996754,0.14093624439547628,0.568843651850147,0.016466028681181175,0.3773540647641618,0.08032743530113379,0.3618227631524941,0.1640297081010291
0.12243604019791626,0.1368198914763395,0.4563374486283191,0.29281919405854406,0.23617520089900576,0.061865686589400226,0.3228095728818669,0.08633034557118298
0.08843403868707088,0.14041244622839544,0.20250369145210934,0.12918110789653628,0.4308039680483318,0.05602038912972624,0.11748517421497919,0.2665093607104264
0.0918914060962219,0.14134357230889855,0.22563039532158563,0.2681150599236421,0.04761441118605653,0.17681175570475838,0.22962021501419422,0.2778385581713487
0.0971253581406916,0.14286908226923625,0.25985578930736747,0.32053483055701626,0.2688260798935449,0.22366603572032734,0.14856290834583952,0.03841014548327192
0.07023747321358159,0.14575554875917726,0.07023727947741,0.2404090883954536,0.33626964022535655,0.24956271815904196,0.005660544288628757,0.16809800893151897
0.10727159728115215,0.13881484960459367,0.34053703487633097,0.2190851003819768,0.24582798244433354,0.256539609276179,0.19893258566148858,0.07961472223602213
0.07140857948650392,0.1395004241677669,0.08178168313512554,0.3019915856093087,0.22329363564750845,0.07591132249671051,0.10330971435665917,0.29549374188981314
0.05649845429882734,0.154512365122349,-0.022661912516839633,0.5335514365953032,0.24357191247262355,0.02303010081930973,0.02915636365769124,0.1706901864550722
0.12348340646351028,0.14129473957758676,0.4492977350275006,0.24351925390460677,0.22612878286387272,0.2453406747305274,0.2776443253695739,0.007366963131419038
0.0632443484668803,0.15069732434741137,0.021528905578979754,0.07867375489199634,0.26913215774600674,0.11593803572787874,0.0563893705496081,0.47986668108451
0.09467287400793525,0.13628013652842857,0.2544235344283087,0.21534399880475444,0.19878128661393515,0.21579386911481915,0.17586384859041557,0.19421699687607566
0.09657339642328985,0.14397808372253643,0.25402058061677857,0.13927601065786704,0.5088778483446282,0.0938652465475231,0.10991973608875875,0.14806115836122297
0.09577383292404189,0.13693689727138328,0.2612431976835641,0.24959660878146048,0.2529122100176585,0.20342067806218694,0.16098166992308116,0.13308883321561282
0.08458158608874276,0.14456035248634586,0.17004376141836378,0.29761783141608994,0.21329621240903013,0.2896790578064215,0.09706278501250692,0.10234411335595149
0.08025055732444024,0.1456220292897297,0.13906245794823885,0.2525486653460785,0.04427819258950043,0.27949683503654044,0.149945341282466,0.27373096574541456
0.11041768759942376,0.13449731124643746,0.3748601896363874,0.12629084207860214,0.2684708696986052,0.1810689177860795,0.23503935040031476,0.18913002003639837
0.11576122849844375,0.13664930597344346,0.4080608247602841,0.31054560796411307,0.2222384662999775,0.08069976381635062,0.2921017587656866,0.09441440315387233
0.09356639167610982,0.15562653005432306,0.21568553680656585,0.19367293769642235,0.05322477178383397,0.4690440471491993,0.14911570415223194,0.13494253921831248
0.0946851584927954,0.13513983493476675,0.2566612465490893,0.2592854335495841,0.2269584596935564,0.039749207900611996,0.2167583882791663,0.25724851057708115
0.119769013962824,0.13803401943549914,0.4330020541838456,0.03004411323222756,0.31578739080693935,0.20948280257120394,0.2560837088259983,0.18860198456363092
0.05641406281325734,0.1607995105408213,-0.02230067227619028,0.3518480561041634,0.017192911014981146,0.3845739346080935,0.01681264461103893,0.22957245366172288
0.1105105449606148,0.13724169142750853,0.36804082225476376,0.06953565232085693,0.3793447303433771,0.14447465915663552,0.20915902544042148,0.19748593273870893
0.07349423610317002,0.15260577504891018,0.08842546161077532,0.3347487343150546,0.20849457039474642,0.34187978258144475,0.03185338512318995,0.08302352758556421
0.07839102749974798,0.15261381775718297,0.1205069617549908,0.3110713403598729,0.5341681587479115,0.04216424201592751,0.024299968455021054,0.08829629042126731
0.07463964959027694,0.15403983477852845,0.09503807642565426,0.30044021077106725,0.1869655010397958,0.38684850733825865,0.0337074096961982,0.09203837115468005
0.06859783688867115,0.14571400364867262,0.05900487717982945,0.11195277527331746,0.2338599912343577,0.2556674440100856,0.04634559893415478,0.3521741905480844
0.07666722740705621,0.14070106488577577,0.11845843114682207,0.12882194851773715,0.2693838720329892,0.19800797848412774,0.08414199593043592,0.31964420503470986
0.07211540620862623,0.1421274109467132,0.08524327663415032,0.29747676045470317,0.14399498428443666,0.2139928379498399,0.09373452485272686,0.25080089245829346
0.07685760278866963,0.14871300134672832,0.11335661735025897,0.186858397155442,0.5103867785524011,0.13144565614315395,0.008951145167037912,0.162358022981965
0.14272738663979795,0.13792855306819676,0.5997843434121621,0.10015318378348324,0.26645298449553345,0.10678496566391345,0.40007799322764037,0.12653087282942949
0.10546377723905158,0.1372423630225739,0.3312663541910424,0.1707192400660229,0.13968961996195486,0.23816040211725822,0.24145688559473744,0.2099738522600266
0.129573339114391,0.14414163739127953,0.48267343408574426,0.2639042245788955,0.1341969895531629,0.26157534308986835,0.33220557973462,0.008117863043453175
0.09214526513707609,0.1398929582317649,0.22978472643219153,0.2283164518231714,0.09252879563086591,0.23678910605814704,0.1979822162470102,0.24438343024080544
0.11937584913786907,0.135350162244039,0.4386832505661371,0.17061310504271796,0.29731048111450764,0.1709920988125487,0.26204752073562027,0.09903679429460537
0.08959842076737748,0.13540340966086692,0.21859435328482538,0.2023049983732242,0.21722631335870296,0.12871031202699185,0.17537856067400448,0.2763798155670767
0.08306026986802734,0.13625877730214284,0.16923878464646025,0.23245722769891436,0.2549933059024219,0.14095887994530246,0.12654061051740426,0.24504997593595704
0.07671651639405828,0.13977248886053104,0.11959804486803195,0.178573979984681,0.3400892305346206,0.05662214854524336,0.09759324328955454,0.32712139764590054
0.07562594691012242,0.15872203463633447,0.09844850430455199,0.01377474393557561,0.17309742159909955,0.46197970416081346,0.043101145857047884,0.3080469844474635
0.11586320582982401,0.13549281903749,0.4122964318453439,0.2797272052095494,0.24240692553922452,0.09356955064616355,0.28331043985403026,0.10098587875103239
0.10150830351438662,0.14206030745064524,0.292187904273032,0.02362912400208675,0.3239124415303737,0.28349623484426184,0.15182387309339895,0.21713832652987874
0.07913160334706011,0.14339873798722602,0.13341542342418913,0.2743163066163385,0.07948065493153937,0.0817555224530837,0.19190741336848752,0.3725401026305508
0.11046624911283913,0.14327985931545073,0.35222151497043697,0.0050829903827640755,0.3979946194783601,0.02925902299291477,0.24323125597444323,0.3244321111715178
0.11803875633238838,0.14922212976279575,0.38894201834973857,0.3786457635919068,0.0322426306967916,0.23079773938842874,0.3218995591504182,0.036414307172454745
0.08429656713402951,0.14290551145378827,0.17001840507660448,0.0669630344976274,0.3289544101439936,0.2585631681535322,0.08021446977819698,0.26530491742664963
0.06635273002028326,0.1764927121340368,0.035994290888672516,0.5528072986901826,0.009441221252078243,0.38923590325084423,0.04460922320177204,0.0039063536051227995
0.0883142165171675,0.14575969421596324,0.19425271622219556,0.0659791868386888,0.18521210968539445,0.3513868394388157,0.12340805836051395,0.27401380567658723
0.10647124588511402,0.13985178203887164,0.3322892651607213,0.1473842195908353,0.08399915043566986,0.18433828526357612,0.28586108240759656,0.2984172623023222
0.06862174756008504,0.1457608216466048,0.059149965420669484,0.28899964113928217,0.11558278651446253,0.27088390678254815,0.07243719143488622,0.2520964741288209
0.08966753672650767,0.14501970357783942,0.2045759024088999,0.3446115564290493,0.0049940552933466845,0.1600136985749257,0.2353785683768342,0.2550021213258442
0.10500464253632924,0.1552575305603585,0.28987091559357936,0.09037559133331062,0.4989650572399247,0.31577988159900927,0.08434645975429048,0.010533010073464919
0.09230481226966913,0.14383140546415515,0.2246019370068657,0.3589077207674545,0.036522346371676076,0.06463242501277147,0.2633989081669279,0.27653859968116995
0.12309632981914326,0.13990523861080845,0.4509933326704517,0.22159412140375367,0.1269501050987181,0.2496645969379449,0.31433423625199436,0.08745694030758913
0.11072459389043086,0.13764638501152937,0.36851381085076906,0.2181512433742669,0.2881057558531133,0.21295621124709566,0.21134969545759438,0.06943709406792975
0.1375979776824889,0.1418159316216759,0.5471739091310135,0.18920908748031215,0.19889446318235787,0.2475488685765472,0.3524519393653769,0.011895641395405875
0.073440403059989,0.16194539845845718,0.08299342363492214,0.039655895869018125,0.047386995659426646,0.4516679623008488,0.08289148097277915,0.3783976651979271
0.12404201725912961,0.1362865360113032,0.46990714661511507,0.13252283814507004,0.18666814919448635,0.08802905350144546,0.3535260305356716,0.2392539286233267
0.058276154512185166,0.14492584304044256,-0.01189467283163418,0.33698153238485057,0.20499243639183945,0.04420531650468114,0.06095958084986395,0.35286113386876483
0.09149377616311717,0.14929880730579223,0.21094459313805472,0.33010149649393006,0.02241974834211187,0.3201906097764557,0.18752131451017037,0.13976683087733188
0.10676579195922853,0.14303900179941773,0.32694433945231083,0.09314299471931198,0.5077941487230331,0.038597602167726924,0.17523045473279064,0.18523479965713752
0.07843641875825312,0.14925016777749847,0.12352695499637936,0.08400619853974495,0.26531558907647723,0.006109763253861771,0.15713473343053333,0.4874337156993827
0.09703632924887189,0.1388701812434823,0.26669749342326965,0.12349280204311722,0.14334911754420146,0.18817041404175217,0.22337675892329428,0.32161090744763493
0.1320906570366756,0.14324589539399485,0.5032650802202169,0.07239103108090003,0.33157951614400966,0.28814326720338335,0.27486899237833845,0.03301719319336852
0.12703099193557688,0.1468452041512643,0.4564738244126017,0.009506275077554473,0.26093660327028045,0.3791556039184113,0.25673217126507997,0.09366934646867393
0.10776865180186623,0.15720693303213845,0.3038584296539943,0.052854981347990215,0.4084975602330857,0.4214449575116664,0.10074204708969649,0.016460453817561282
0.11232722862499178,0.1360416975134437,0.38464110328982615,0.13096558387705567,0.18691936507172038,0.22646522524907597,0.25980701545993845,0.1958428103422097
0.11338239404264464,0.14052400116907998,0.379880971211561,0.031190988524029184,0.19201190696564777,0.2768513156823641,0.2547431759506169,0.24520261287734202
0.11947227431111239,0.14026503344395286,0.42399928799700703,0.10666273016224107,0.26501994251942756,0.3004301258353516,0.23944166597009933,0.08844553551288035
0.05691381799071801,0.14682269928679434,-0.021019787977427307,0.41620226803307575,0.19671354455284035,0.05664022200199205,0.04790121787439667,0.28254274753769504
0.10801173140303527,0.14320688123049588,0.3352613435227244,0.15647582305213464,0.033776825013601276,0.26467124207828757,0.2857489307283736,0.2593271791276028
0.10148995152037449,0.13924559596713623,0.2979623968155277,0.12588646486725383,0.4293138381570796,0.006673835124711281,0.18990073162940035,0.24822513022155507
0.08011729551396429,0.14134108613293292,0.14233154749528207,0.3999877585114837,0.18695425398187587,0.005396775800232377,0.16873363222063006,0.23892757948577809
0.0815450274319338,0.14707659281539687,0.14648848616568128,0.39224132223193775,0.38894697346905566,0.07475860280761631,0.07652450794602154,0.0675285935453687
0.10406207007342304,0.15007646246845738,0.29359747257291513,0.4619946866540511,0.0035265221293906196,0.07447529015755143,0.31503052614271737,0.14497297491628955
0.09413804301636684,0.14636944544581007,0.23323203085445637,0.041662437968623234,0.16234268453958411,0.12369635599008504,0.23056158574728935,0.44173693575441825
0.13013829833477794,0.14464414316131816,0.4849024426557968,0.04603601885087114,0.13803872526102043,0.34515912640804636,0.3247484968739125,0.14601763260614956
0.11573094311321644,0.1423795404567491,0.3914252211689497,0.2322337479040891,0.029191313038184123,0.23674841833399418,0.3232410636939293,0.17858545702980333
0.09810835670818611,0.14057833256304847,0.27108271960115027,0.19457321345237683,0.07311514609161675,0.24738339855371416,0.23046245007990007,0.2544657918223922
0.10516254572392275,0.14855240922083862,0.3040175919111748,0.016450057282033886,0.3460657747793329,0.3752100865548581,0.13088391262012672,0.13139016876364829
0.1294070211428963,0.13722283870872937,0.5057978817230298,0.10097069677163409,0.26016762550964084,0.2216186834988469,0.3091659181664236,0.10807707605345458
0.07219109394061402,0.1464451903253314,0.08324680321375676,0.3795489215780518,0.30948663171726415,0.16438055443231095,0.03964245198967578,0.10694144028269713
0.06017436337502155,0.14611716905961944,0.0011933120258469264,0.3689140216969484,0.1196709914948252,0.1272043612867485,0.0731023604066672,0.31110826511481066
0.10510302139410072,0.136113680998905,0.3313628803739689,0.14777318684951607,0.17705182438213612,0.2221324944628539,0.2325222264682185,0.22052026783727546
0.12409372009940738,0.1404123302778201,0.4564678897685938,0.1658699641128613,0.26819833846443386,0.2697696895342638,0.2628641749047588,0.033297832983682316
0.10711270815610303,0.14284662268758636,0.32981324493153186,0.2843893978848518,0.0427650818258349,0.04435545586782404,0.33708799307776166,0.2914020713437277
0.09935973731448125,0.138058834316597,0.2850939420813982,0.15174920172771159,0.240357556615185,0.27178213254373546,0.16774563790963304,0.168365471203735
0.11539525794948005,0.13964977213578114,0.3966727414035404,0.3340868468695294,0.10279930017577542,0.07400877203524259,0.336369095892418,0.15273598502703478
0.13005625472822513,0.14190927882710586,0.4936693027210551,0.05464514477131393,0.12738945382704683,0.14509300264928504,0.39050022990609184,0.2823721688462623
0.08986132078453171,0.13788181401185357,0.21657185901227385,0.13894762813607933,0.2535952199723678,0.23638999989488407,0.1340123538110013,0.23705479818566763
0.11435736009719018,0.13709429556625718,0.39649614794453253,0.19908744300845205,0.11346359772844211,0.11457524009084878,0.32613699000606194,0.2467367291661951
0.061137700940767196,0.1449504258036843,0.00784889685186617,0.337220190484027,0.35110155545955174,0.01142380116047842,0.027654933153289003,0.2725995197426539
0.12069132509484942,0.1374337389284885,0.4416042637567272,0.08438071912337469,0.2793913199126786,0.2439014486063635,0.258731419173234,0.1335950931843491
0.10782862499354286,0.1370179681391618,0.3490682692430958,0.1656188066000149,0.21470809532367566,0.25834343601189,0.21702519018457242,0.14430447187984694
0.09604666208570088,0.15022428396565393,0.23995229755225395,0.08482297842596362,0.2988284695560519,0.4111810717927964,0.09290797117863557,0.1122595090465524
0.06673260131315957,0.14786512199120955,0.04553204449092342,0.06682185280240491,0.3303777360654338,0.18231970003121287,0.028115426519169054,0.3923652845817794
0.08329478359670821,0.13792030354356694,0.16890032140445327,0.2818687807552955,0.16734776059940273,0.17386219611445516,0.14670410479362841,0.23021715773721826
0.11843522942755866,0.13919061568444752,0.4198216175725123,0.12827840605767515,0.20854891514063942,0.29440144518788325,0.25670064369767503,0.11207058991612708
0.06835366856994839,0.14333933376309888,0.058278968868062005,0.2552404599223439,0.40555618491618145,0.03292536486739851,0.03779663389114011,0.268481356402936
0.09069486341499876,0.14167047102343386,0.21666380575470445,0.20191291296574426,0.06679081116688942,0.23543421192372774,0.2041712286331388,0.2916908353104998
0.11414728791078659,0.13732375313174816,0.39430387442759285,0.0796518287174034,0.35422814957316867,0.03943272822602497,0.2665016536011814,0.26018563988222165
0.11947755671791266,0.13891165722144824,0.42816821789906057,0.19668453616299775,0.42770463673989684,0.0022133659735841093,0.2634273533292569,0.10997010779426439
0.09942952232212762,0.14387396093875998,0.27405600057755286,0.22605070455417017,0.0130940687844149,0.2528229620145831,0.2548106122290072,0.25322165241782474
0.1248943582746088,0.1406115245306316,0.4615152171291042,0.06442165391730123,0.26618747284038674,0.006066579135549132,0.35804994490487757,0.30527434920188534
0.11043316418142508,0.1351656985784904,0.37312102635372885,0.2440962059257401,0.3357494949697704,0.04334743932060894,0.24294827536354408,0.13385858442033632
0.1113271664269432,0.13649096158752183,0.3760480974707675,0.2530488184261579,0.2229985033802533,0.1907781567485127,0.24293543851691943,0.09023908292815673
0.11605148287595098,0.14642349300703422,0.3828038911300815,0.33197700350533815,0.11985128521729381,0.27003783684688665,0.2713718887243235,0.006761985706157962
0.069970898799996,0.16262435647155798,0.06131245661064218,0.17676544811048045,0.009513731559221613,0.4881503478254657,0.05982435997537466,0.2657461125294577
0.10964246190558409,0.14361647840078354,0.3456599302417741,0.3522183634866361,0.08966944177015211,0.21610664565599552,0.27062915149620387,0.07137639759101257
0.09894472270706976,0.13809637243921866,0.28201119275751274,0.34487241210763664,0.13259541720300866,0.093475726643313,0.2473020825752059,0.18175436147083587
0.0885371650314816,0.13952783252974868,0.2045266848490404,0.31001913949771664,0.2964690289899204,0.1628276054989336,0.12102612991349578,0.1096580960999335
0.10337830538441725,0.14604645374479028,0.2970171768786589,0.1263319662576962,0.25711193580283165,0.380076068488999,0.14672582501982617,0.08975420443064698
0.09893733717643342,0.14479326721114255,0.2689167661342544,0.21034170852352027,0.030539036213882296,0.31022765104252187,0.2293082581222744,0.2195833460978011
0.13235324379478697,0.13722341671125937,0.5272660128192995,0.11818627251857229,0.35587161163394704,0.03559461478070682,0.34216288335498896,0.1481846177117848
0.10381455293735017,0.13474231801322778,0.32517291956524647,0.27286958873587086,0.22581368293525259,0.03227829239957913,0.25765944288637005,0.21137899304292745
0.11260304759923005,0.14852524290466218,0.35416907301741135,0.01461040214918526,0.06047474523153586,0.2874994288233505,0.29969927281716585,0.3377161509787624
0.10412290259697109,0.13910550971102528,0.31719018670526444,0.24154059688228752,0.221175787218291,0.2569649198497015,0.19286002313968595,0.08745867291003415
0.10399628689245993,0.14520406518697718,0.30299624763126676,0.3719160834814337,0.007424665370292193,0.149423162712783,0.29711259659124567,0.17412349184424544
0.13953232644717595,0.15097947881697737,0.5267757384669994,0.011007276639558417,0.02924450901888971,0.28749350942261337,0.42765391418812004,0.2446007907308185
0.060974880218742214,0.14640529446743042,0.006658777076938907,0.3683599804799735,0.2313891667719473,0.18658729722894823,0.015253888929159189,0.19840966658997197
0.1012518843822473,0.1435390970557863,0.28739127686037214,0.19137497640542764,0.08435037713099697,0.0372207317257861,0.30583825527801173,0.38121565945977764
0.1175220287210358,0.14143852429300874,0.40669279468634206,0.3810334782092326,0.25137193205039615,0.021466142533008967,0.3013470126878035,0.0447814345195588
0.10847329281306473,0.13452759678427798,0.3603222979653326,0.17328501957716244,0.2016465900219095,0.18780415697198666,0.24628244493758308,0.1909817884913583
0.06538448986815706,0.1491449232596203,0.036102401278413944,0.23386365191338368,0.08830258322141017,0.3119831673677261,0.06057154217419373,0.3052790553232865
0.05349584204095659,0.16084055746563825,-0.04043854399368735,0.1485973067204553,0.06186209347717733,0.3928928295964859,0.0011859997048601484,0.39546177050102127
0.11698362553168545,0.13764833082964964,0.4139797786738661,0.09139737053671379,0.3082636199611066,0.2409322375414541,0.23211839939447515,0.12728837256625042
0.10185000315804285,0.14121773655470632,0.29635089882516696,0.02921946519364386,0.4083009723687622,0.08406510932945122,0.183108651258397,0.2953058018497455
0.052609815052521755,0.1523124579992206,-0.04851989813936335,0.266765002148118,0.1098917448030552,0.07778378838020683,0.06817529746835421,0.4773841672002658
0.08362365722791706,0.15039225281253668,0.15708028030781518,0.016659421553302703,0.5157390678374527,0.10479785807864662,0.05823611886422526,0.30456753366637257
0.07012694474079452,0.15266977730624498,0.06633234762948906,0.03359579399741749,0.2530431121087828,0.3572811811425768,0.020118182035108727,0.3359617307161143
0.1573725885553099,0.14777799950874032,0.6589112647282168,0.2242069041781562,0.09064878632268458,0.10008695701112716,0.5221929890274164,0.06286436346061566
0.08058261127903962,0.13899257878698668,0.14808424635809903,0.3172693460070722,0.1992103875781029,0.014295771091464335,0.17001265504821605,0.2992118402751446
0.06390053813293228,0.14621356855277523,0.026676991551057048,0.23385605992374361,0.15740056676366748,0.27695828166333225,0.038760563058556026,0.29302452859070083
0.09009967068635717,0.1375515669020464,0.21882462965901242,0.23567352909131797,0.19720459897661122,0.22772342444596852,0.15141384704300592,0.1879846004430963
0.08206133102703043,0.14086993974716328,0.1566077977077767,0.2568449907687272,0.1628440096520471,0.2606306619329845,0.11796094994394019,0.20171938770230094
0.1377502205499308,0.14282756240923034,0.5443642616203197,0.14335566462665045,0.0627428908558537,0.16433319709505728,0.4349996144893244,0.1945686329331141
0.07087360047565688,0.1555203681099492,0.06991753303959201,0.46718173697362314,0.10942358098100972,0.26508009721363757,0.0717358238130786,0.08657876101865085
0.08529794036249716,0.13657375687864062,0.18523280709761028,0.2224178855591687,0.2188319732256566,0.0768625400402303,0.1709005286548365,0.3109870725201078
0.05084218898084777,0.16783709957079823,-0.054563687304958565,0.0927173078941425,0.010224646866265267,0.34701900495394544,0.028473977457654114,0.5215650628279928
0.11659247426091214,0.1389979883668897,0.407145994886879,0.2804522637593264,0.21640310456393158,0.19781556561399466,0.26363782135593095,0.041691244706816545
0.10560242925947111,0.14060484821663033,0.3243304184590513,0.3818631784801116,0.2568868526106851,0.07554104746936453,0.23099417942676823,0.05471474201307051
0.13231547914946318,0.14400092627283012,0.5021875971301134,0.008505324569049254,0.30552258291217954,0.31422833996524163,0.2828353427379695,0.08890840981556003
0.09283419394286478,0.14371892229903724,0.22846117558929635,0.24347056177125437,0.022800911057725397,0.24581416148961988,0.22353357722376851,0.26438078845763197
0.10368899301079418,0.13575494321777185,0.32182248377291356,0.20010410612667523,0.1900220926661193,0.21913822013847148,0.2181520501564297,0.1725835309123043
0.07825244766223383,0.153203081471649,0.1191389069129888,0.35744382301601796,0.32413102013373885,0.27192023921221015,0.028173445577917733,0.01833147206011547
0.08344436129954513,0.1434918737542243,0.1633845923546939,0.2936441901830756,0.17166269352466385,0.2855833854634196,0.10970233957219344,0.13940739125664775
0.10605097804207143,0.13427938029668224,0.3429489914261189,0.20852756336014813,0.27259993427894796,0.026136865897038408,0.2565629038623462,0.23617273260151925
0.053126971594177556,0.1471289524658661,-0.04671431618747495,0.2607839942070851,0.29357616003763043,0.03839905435119175,0.013009155496820947,0.3942316359072718
0.1075309811289455,0.14763121452289973,0.3219575296630291,0.0408119994681094,0.0828724233328751,0.3617164614418368,0.24392816488569524,0.27067095087148346
0.09526166444637912,0.14031184071685093,0.25130925705363033,0.05646957125914278,0.24959645742666348,0.2614391964905377,0.1576284954395779,0.27486627938407815
0.075488116551842,0.14720336376311685,0.10521577874243311,0.3144767396136851,0.27222614846129767,0.2732504484074191,0.03923138384001745,0.10081527967758071
0.17756843294037145,0.16270883112674364,0.7225694642768982,0.049362914786448366,0.006410585099132125,0.11690269137446088,0.6501902979077688,0.17713351083218984
0.09737505784106361,0.14012464639065816,0.2667272232528205,0.38483984806977484,0.23693288528195505,0.0941154949165776,0.19720142396014992,0.08691034777154259
0.10599148907987148,0.13522748324948566,0.34010459985430813,0.2790370656121766,0.24026899192444598,0.007440844894819617,0.2687721031515972,0.2044809944169607
0.08325712555096614,0.14473609812377283,0.16068642068185038,0.03465501663348749,0.28211470066010413,0.2721402616320674,0.09203705259569586,0.31905296847864506
0.13386092275966974,0.1452002915826613,0.5086830195352696,0.03774370833264592,0.21218100403794593,0.004301842453211815,0.41996060217777653,0.3258128429984199
0.16658915666227325,0.14635929861395214,0.728270480056211,0.1068557999172514,0.22983554091706443,0.10800627685888574,0.5156843041682414,0.039618078138556986
0.08176150070494141,0.14233026484638672,0.1528944018226062,0.27715278891673545,0.3107214124099266,0.223141166441586,0.07023262847819065,0.1187520037535613
0.1068188153427021,0.13695754508579336,0.34184911326625866,0.1796798741422909,0.22764003744680208,0.25175033806439784,0.20866075018599603,0.1322690001605131
0.12113657272838911,0.14957206226109757,0.40874326263996574,0.391611492847839,0.03577668324736073,0.20494745520691063,0.3409071872530789,0.026757181444810596
0.0740492431654884,0.15056452512185498,0.09331044715956871,0.2964898828405777,0.3445683657933853,0.2777825204353716,0.005438063467725063,0.07572116746294023
0.11641186485168634,0.14662381966629442,0.38473874831576343,0.13755943318864167,0.09396386992370961,0.38707050661848674,0.26199784522991176,0.11940834503925023
0.09221221495402813,0.14094236179263492,0.22854885177404072,0.3670038179785336,0.29235412504678004,0.11235045110338304,0.14956583483533098,0.07872577103597238
0.07482847138138289,0.14232273024375316,0.10418905930195746,0.27036096095510526,0.1440227809387441,0.24947506321334703,0.09647051741693828,0.23967067747586535
0.09382431291498096,0.14404800658643258,0.23481278024271365,0.017462072187409153,0.3182470773428984,0.2955453959431289,0.11769617681282757,0.2510492777137359
0.08465561619912966,0.13577948134623644,0.18158572970431422,0.2285603937712976,0.27383048295641216,0.09335404387717958,0.14144009917151815,0.2628149802235926
0.0592336900241036,0.14928020840720999,-0.005133366198190454,0.273495567281379,0.1382150567635279,0.2970822067176036,0.01649378432453157,0.2747133849129578
0.1031340799012492,0.1390397284162018,0.31022845335350174,0.10568656828399935,0.14624821014948425,0.2521024717964234,0.229877873393518,0.26608487637657496
0.12048896026148047,0.1362289740099307,0.44402419309912,0.2453957192418488,0.14933759301186242,0.0789317324957086,0.34616455928461287,0.1801703959659672
0.12215436747580576,0.14371529881069034,0.4324826096467217,0.17981057135290734,0.22916947577646785,0.3233477693737515,0.251512853689212,0.016159329807661247
0.1115963505696662,0.13372760793793492,0.38583170195950023,0.21967256531697807,0.2591753243637673,0.123774032410264,0.25399769153462654,0.14338038637436412
0.09455057632636842,0.14834249446525818,0.23291084898440995,0.25772903774106115,0.18583476615945704,0.36872299252544816,0.1288714848202711,0.05884171875376235
0.13408151724611309,0.14123991843659897,0.5245083547635115,0.017457279996308517,0.18739737375666543,0.25366436133028103,0.3538466485787117,0.18763433633803336
0.06470193543417833,0.15329612303527965,0.03067223972191541,0.4729503068075812,0.14021607095881058,0.21193782481558757,0.049635708594166945,0.1252600888238537
0.09479006501650095,0.1487927598968546,0.2338155770523912,0.02513991204646682,0.29102783148568917,0.39066551072621053,0.101798255581471,0.19136849016016255
0.08726282831205039,0.15430537942939548,0.17668099720739072,0.008049625996969905,0.40670115277886176,0.37784839904210477,0.030643015390886506,0.1767578067911772
0.07785321114180487,0.14125790562711155,0.12638734138486554,0.3381669315870905,0.13877571896368507,0.1862753764183898,0.12575428833028499,0.2110276847005498
0.0869128325540236,0.1392561592502307,0.19326134440964784,0.2680529837217582,0.27335443729716685,0.21230200038683716,0.11079694768351041,0.13549363091072741
0.11601285586756897,0.14575021993712023,0.3843071790336517,0.1420610426694736,0.39248518007567235,0.2818512395243541,0.17877787623216754,0.004824661498332381
0.09599590548753627,0.14911810062927805,0.241391925833508,0.2331922296638545,0.4408294382494613,0.23434702478704647,0.08173264385226423,0.009898663447373312
0.11285722789943767,0.13711351833230456,0.38549975627738137,0.08992878486908208,0.23280027738691106,0.25265844511623775,0.23968111778285084,0.18493137484491834
0.11112466544770656,0.1347651222181297,0.3793612516816971,0.1983630509304582,0.20992893066275414,0.19155691528817706,0.2512842148362705,0.14886688828234015
0.10114748291633616,0.14216973437571806,0.2894250530678628,0.23932080429429992,0.04349093691603357,0.09501798254736678,0.29897149174022786,0.3231987845020719
0.10960676485914977,0.14784666863492332,0.33552845875508625,0.2062234595783106,0.012103723047119888,0.3546582099961926,0.2686083626328062,0.15840624474557063
0.13030861976860278,0.1385852071342575,0.5073313467034742,0.2354536777213875,0.1691103380413959,0.18310442499237364,0.34894717917823187,0.06338438006661112
0.09166159181513335,0.1526376436817418,0.20742977322913592,0.13159363061559518,0.0034637637887088763,0.3985800522908808,0.18712139002769268,0.27924116327712245
0.05921784574873857,0.15945258805738066,-0.0049052465111445055,0.009283676914532477,0.18766901678045478,0.2748279737007291,0.02607553071265223,0.5021438018916314
0.10837674932886236,0.1424457348788025,0.33961528837646765,0.1775299288449523,0.030286118649695253,0.1857102297356009,0.31169277490650527,0.2947809478632464
0.08995495951853671,0.1529165030080879,0.1958909530971446,0.001767360892638439,0.5262912814822389,0.23397592229804354,0.04211726770054934,0.19584816762652987
0.12626630759599067,0.13847122159303504,0.47855653206228227,0.1286419570943987,0.20921207127639652,0.26432532619977644,0.2994996683351307,0.09832097709429753
0.12185453083995487,0.1396663595417008,0.44287350971933,0.1161421678517939,0.11130949587112954,0.13092883600508726,0.3608230881377635,0.28079641213422585
0.08413985345810968,0.1383100537775691,0.17453433643321045,0.33020329616766814,0.23473825091164324,0.13759306331607427,0.13199597194044058,0.16546941766417383
0.08251680387786103,0.13795151220701593,0.16322259551654178,0.14991688437598336,0.2978870021685341,0.16722644769044978,0.10631037707251191,0.27865928869252077
0.062078619665453444,0.14807921398884805,0.014037214335902597,0.3375918389753207,0.16611656615821013,0.263859244696994,0.023234382649885765,0.2091979675195895
0.08475615909005861,0.15803414528019127,0.15665069751961802,0.02595610657084163,0.016844406449957283,0.35368475626595564,0.17503793604992898,0.42847679466331645
0.10087554470599773,0.15060221458933531,0.2714139683633329,0.37545843928111866,0.05840487789586517,0.3035749451527429,0.21558379107376957,0.04697794659650372
0.11541924100065956,0.13447439020729307,0.4121174367493355,0.20209108052934754,0.18902578629887773,0.1599260352446576,0.2873445231676767,0.16161257475944038
0.09648568480933228,0.14305392084582993,0.25504847817944903,0.43665882131972944,0.22448850115315258,0.051072228684940324,0.20740261178736885,0.08037783705480872
0.07210743499282783,0.1415778007737307,0.08551789141136545,0.25682660197393203,0.2981155565391786,0.20147361327634944,0.04202196295137449,0.20156226525916535
0.14524766240853726,0.14440978842064978,0.5903177571330569,0.03056293290894767,0.2559446418037031,0.29655888413732373,0.36110059460814,0.055832946541885725
0.11421186564776957,0.142911679170028,0.3793382455696392,0.19047525271617666,0.20303849476166463,0.330019233244865,0.22441043038090638,0.05205658889638739
0.12856747235000246,0.1385920981184872,0.4947430140741628,0.1539169291690392,0.23095847815312082,0.24701570365370024,0.3044374846904586,0.06367140433368124
0.10013575080988871,0.1448687957853258,0.27704897105215104,0.2709029460413719,0.016836922039455495,0.2800759392186367,0.24420529691425394,0.18797889578628205
0.06162838854944465,0.17216299443723063,0.009458412098183792,0.7078883457893429,0.07001107326977307,0.03995005618042421,0.09801260191765027,0.0841379228428095
0.08715267810094254,0.14410581968016825,0.18842180115422,0.19801874691946372,0.0779382736393935,0.31118502417976324,0.16125248434543688,0.25160547091594265
0.07494918111390071,0.14073793601038254,0.10621998259799605,0.2772275049175009,0.13581821777853026,0.10325550311576706,0.14541616516035724,0.33828260902784446
0.06022685550315593,0.15172997826009102,0.0014951264460544682,0.2431065276779201,0.10513276115761797,0.3391295588118703,0.022706617617489613,0.28992453473510205
0.11216236433487221,0.1381619650396355,0.37754503795533045,0.13347129771107014,0.22228671765992716,0.2819158130206983,0.2279841509507006,0.13434202065760384
0.07306303973041291,0.145823351755095,0.08958126097904956,0.06824068340460723,0.3644689071853973,0.20823790752356083,0.0340410082602002,0.3250114936262343
0.10996570569032693,0.15358301051401077,0.32533354778697193,0.14537694108769336,0.024352144548130835,0.44967722149334294,0.240641719798484,0.13995197307234886
0.09881604229333368,0.13533800620152567,0.28680814342376587,0.2343077534090408,0.28975110374401536,0.00010043468919863894,0.2249750478715974,0.2508656602861477
0.11183273103515928,0.14048953472494383,0.36894371624647726,0.08809216707784516,0.2054615965185659,0.0374671781915499,0.31335979423175314,0.3556192639802859
0.09368204951334257,0.14223381214529554,0.23680761279839338,0.03957923042708295,0.29869550741546663,0.28227282664467734,0.1269154864816623,0.25253694903111085
0.1128625710899632,0.13976904726085343,0.37821371845874324,1.7390654704646418e-05,0.3367261003119227,0.19889339666631492,0.224173441053824,0.2401896713132336
0.11361853103520422,0.13405715222613296,0.39996770142303445,0.15957384018489001,0.24354230367727228,0.17331284723599086,0.2580383728446797,0.16553263605716712
0.10228120731596861,0.13818403749096797,0.30597750712510635,0.049585851834169796,0.2647214608745871,0.19751403555755,0.2026172886840797,0.2855613630496134
0.10966442999932996,0.1419472530484886,0.34987947235840344,0.03449189080716407,0.19659104808822803,0.10967061289012843,0.2891701755674322,0.3700762726470473
0.10278570958499013,0.13753248971778684,0.31109528863169217,0.25379124971082967,0.11939484167567242,0.206491872090429,0.2408538655853256,0.17946817093774328
0.12035025551019023,0.13942966343079097,0.43283655733807624,0.0703480367303948,0.176166508024104,0.2811086588836693,0.28620995546269556,0.1861668408991364
0.12953356014916326,0.14515856841933114,0.4790179519289286,0.36629096712697723,0.08273638682843074,0.10162076014831921,0.39350500859706883,0.05584687729920406
0.1233197411450875,0.13892399374620953,0.45578693383060864,0.09113184144732078,0.20054462130236933,0.2811517098397706,0.28793888689015534,0.13923294052038385
0.08416176047320333,0.13635407309637146,0.1771986705239559,0.27362001508080747,0.27198117590618137,0.11652840221914489,0.1290779128639631,0.20879249392990312
0.09347984600570579,0.1396114342134004,0.23980733522535705,0.32452692912119807,0.18712887508256307,0.20276658661449193,0.17036004315661962,0.11521756602512738
0.11660404208814254,0.13660469146085666,0.414363822229064,0.15069622789137194,0.22578994195849475,0.2440563654137108,0.25619622868299274,0.12326123605342974
0.10404412417097579,0.14346095302426262,0.3070112336666751,0.286149955166432,0.002438602756105004,0.17852653983087233,0.2971030793767943,0.23578182286979654
0.09415928721798078,0.13861360158193273,0.24643531968101748,0.13976662862809927,0.19005789597348413,0.26739220738566477,0.16698467093129268,0.23579859708145925
0.06562089479640461,0.14769466644459733,0.03805753404448833,0.3670993143624825,0.26409943867637203,0.21460010807798174,0.014031269500144264,0.14016986938301954
0.12736778727084563,0.13545948114367587,0.4973279589000611,0.18645439286649057,0.26287837566251154,0.14446478436079563,0.3165786247023802,0.08962382240782207
0.11579172265091467,0.13723594206753698,0.406538708521841,0.27091875069086535,0.1524690702826197,0.17683212025039446,0.29199896240431517,0.10778109637180526
0.1097266636608188,0.14079888995661552,0.3531751115093388,0.03325332995048058,0.17869913337424523,0.18163214707731468,0.2738138604632202,0.33260152913473934
0.11841745738092559,0.1406739618555688,0.4152684449230435,0.01698079688737982,0.18168596885716914,0.20919545696628897,0.3027031601194463,0.28943461716971586
0.08436104078835012,0.13658050886776393,0.17836396269350754,0.30123965880969167,0.22062389711566585,0.06829582288777997,0.1624381924261773,0.24740242876068513
0.08501171062422778,0.1378976355405794,0.18137882151625104,0.22441585149472099,0.196626661265506,0.22098785024975923,0.13280277449129865,0.22516686249871512
0.18083569818636294,0.15601409145586118,0.7745178468096855,0.10009427373745054,0.11321703487373878,0.1133882215115387,0.6203541233868737,0.05294634649039831
0.11050225164546365,0.1385675298694839,0.36445949273275985,0.2666891471853694,0.07771699676070463,0.15586260305768868,0.30476997073714235,0.19496128225909495
0.09685380836421124,0.146598255839652,0.25139322533633446,0.08651148286102824,0.11696803265328379,0.37897429652634584,0.17586741515647528,0.2416787728028668
0.10477896155187173,0.13632370788110196,0.32847523184248184,0.18650313396624904,0.15345716162314663,0.09053999095448884,0.2782515907352695,0.2912481227208459
0.13355392563193702,0.14126524620136452,0.5206795557280284,0.0916186325923493,0.26297568237881985,0.28481481515006146,0.30685910569416247,0.05373176418460697
0.05985707654740042,0.14827429972355874,-0.0009639125112446607,0.1358553113525897,0.3845819796231746,0.08874840140958491,0.0015504175417879898,0.3892638900728627
0.13126824897399092,0.13695244533351736,0.5203868306289302,0.1375422919756843,0.17463941527975016,0.18805302455106146,0.35740184505933387,0.14236342313417027
0.08763842022911507,0.14178258550330844,0.19493522516183864,0.34241651131620127,0.23675323258246717,0.20234870623992018,0.12495606516727366,0.09352548469413766
0.09410503708771978,0.14102442870623938,0.24183779647682319,0.20907165174377165,0.14971818950458263,0.3050404787225202,0.16470848143917216,0.1714611985899534
0.0784264697868304,0.1389414987639092,0.13262034705801504,0.15086653031046274,0.28573726318797116,0.1538047396437814,0.09751001397943403,0.31208145287835065
0.11365017195815254,0.1361497787213672,0.39405258283928996,0.21081377770856335,0.20893533435379255,0.21575678292482584,0.25391112125974774,0.11058298375307055
0.15695255711017125,0.1481229578537703,0.6545410550462042,0.019040673385388444,0.45603564920280026,0.07252133717589297,0.4060921660257514,0.04631017421016685
0.12985050278827825,0.14581506233784758,0.47903489302385976,0.2102427717648628,0.03530641817450339,0.29253758958259624,0.36587851313258557,0.09603470734545194
0.10513147997037181,0.13507976419314222,0.3341098516121267,0.10697445946937648,0.26777306581666993,0.12734343286046423,0.2310152965827578,0.26689374527073156
0.10338523091195467,0.13378943710017022,0.32427994206651367,0.24573409224034337,0.22656057057925658,0.0800509515550548,0.24276490783085378,0.2048894777944914
0.09614816195393429,0.14564979520357718,0.24818546365554028,0.24970599207863092,0.004525675544609441,0.2846226845376914,0.23208248672061416,0.22906316111845396
0.11230641702190798,0.1511947814128352,0.34595385193279954,0.0374845301588621,0.10693347150697576,0.44244152659853425,0.2302079957410316,0.18293247599459636
0.08462993023865743,0.1468865919208376,0.16767990812892833,0.40581254057852556,0.04219801517344381,0.20144312008984888,0.18151765297396882,0.16902867118421283
0.09895348694617927,0.14444624706596915,0.2696746210954796,0.13672300381759991,0.09334677656540631,0.07683289021751497,0.28456436512304795,0.40853296427643093
0.10329308039629326,0.14068173868705683,0.30773774052222713,0.18385880691966683,0.10766447588073036,0.05750792855928891,0.29994826605286085,0.3510205225874531
0.12010878634130279,0.13858273418487677,0.4337393593426614,0.14122520931530252,0.11768265527680526,0.24328985840818168,0.3136024737496421,0.18419980325006838
0.06931933705222734,0.14421544134978914,0.06462093770960103,0.181596413315796,0.2065200536580918,0.2768569239492176,0.047566202896084084,0.28746040618081053
0.09518424880736051,0.13598331093342012,0.2587394627020617,0.13652030822065703,0.25176547451303405,0.199272883084794,0.1694224711155244,0.24301886306599044
0.11761472435639543,0.14230117223731548,0.40487877542084777,0.22815605883179735,0.0727036674561753,0.2818519325051805,0.3008897273630221,0.11639861384382476
0.062149429044189075,0.14852099776440217,0.0144722232986793,0.4134331095930627,0.10051733465487775,0.18083020152272802,0.06846059967360626,0.23675875455572537
0.058433127235859104,0.1467781679203384,-0.010675107792538257,0.16588451157564316,0.26382578354077757,0.12111805090544459,0.02899665255422271,0.42017500142391195
0.1360441757416814,0.14163387405204964,0.5369066987021452,0.3105000290978652,0.1650317320932029,0.02300307854780057,0.41922762797831886,0.08223753228281235
0.09273618354896464,0.1367000628734014,0.2394745317658104,0.27632212405067647,0.14208713108411467,0.10105524046626399,0.22021624265383308,0.2603192617451117
0.11867091410140565,0.1368028040623129,0.428872160213042,0.13117484312117078,0.144136222753315,0.15327052215390854,0.32635866275485875,0.24505974921674697
0.10207463260429887,0.13577291299183777,0.30988973925033386,0.21408583738604658,0.15992907794542535,0.19914890941688554,0.22784647946086,0.1989896957907825
0.11082301178773,0.14157611674989537,0.3589801228798541,0.31693827101383487,0.05579864339523864,0.18643512225887443,0.3008374474583813,0.1399905158736706
0.13634109450981666,0.15369810897773678,0.4966950798391065,0.03694557019843231,0.04631267685224221,0.0712977134584433,0.4730905896896495,0.37235344980123275
0.12023468220363173,0.13876033449727282,0.43409150332378005,0.03516164528761775,0.21311393944871362,0.15181566936818577,0.3150043685805279,0.2849043773149549
0.10228209621283402,0.13972548882996985,0.30260832555960177,0.18825754180124346,0.1230645796851669,0.05391924968551956,0.2904821753693766,0.3442764534586935
0.08829351237771801,0.14418170558316565,0.1962351066890244,0.2763671846022491,0.017158655162362795,0.2165824186417989,0.2126584995223322,0.27723324207125694
0.12534800043717179,0.13660569743391582,0.47836950921307253,0.12447727051894135,0.3652791216213114,0.026885484160114704,0.3106809415376083,0.17267718216202416
0.10726448601549242,0.13914003535659736,0.33969005322127344,0.29125082599486996,0.32700611226362175,0.1381884841324027,0.1990837616978378,0.04447081591126758
0.14677191801537376,0.1406866139804128,0.6167745143646335,0.20809999552358205,0.1800942811830762,0.09140646316857237,0.4464809018245302,0.07391835830023916
0.11672126305126342,0.13964243237691273,0.40618930854889074,0.18658531815839455,0.2612510085662941,0.26765677727630605,0.23281063224655546,0.051696263752449914
0.0938304028346216,0.14111060420905366,0.2397438734264242,0.23283678998772123,0.07877659510091368,0.26273543367379987,0.20197592711118656,0.22367525412637873
0.14815449048060367,0.14834794602709267,0.5942413955937353,0.03574050963692432,0.24494556249182883,0.3451392602594747,0.36214030100454514,0.012034366607226888
0.11127257625508079,0.15084906794953848,0.3398932254074803,0.39168363773283543,0.018074754659511024,0.2562897787364271,0.2891826431137201,0.044769185757506436
0.0755034666380841,0.1476836352228282,0.10497755296104505,0.02300107366828436,0.37602834338093916,0.1842843902590755,0.051314457880317785,0.3653717348113833
0.052398768388600775,0.1467743829119819,-0.05178854416276138,0.36699759056456094,0.2538609182602798,0.0696845191299081,0.006578960574521888,0.30287801147072924
0.10512973927771067,0.14329905234549212,0.3149339687809203,0.21382378477217914,0.252946504913846,0.31606196000316567,0.16877209730297804,0.04839565300783104
0.09905872713685353,0.13601486376258198,0.28716513810602134,0.23703822461207166,0.13750028175985898,0.1551604457970286,0.23538098127092738,0.23492006656011347
0.1070679808127536,0.14325098125608451,0.32857004119651995,0.19353193343425001,0.10067795389273136,0.3373101706862033,0.23031129149656923,0.13816865049024601
0.08711821541377511,0.14110451181612124,0.19218531756882382,0.17660446040390862,0.13117777840047248,0.2802221134725733,0.15220782433210828,0.25978782339093726
0.1101783996074477,0.13593085134191343,0.36914651171595736,0.23152977448307108,0.22716360929185828,0.19901557210551052,0.235581086369517,0.10670995775004322
0.10051507982177442,0.15241136265312685,0.2658271608920834,0.06752940882441065,0.49615248253638705,0.29338983042834127,0.07501646312205257,0.06791181508880843
0.07952886889519496,0.14435671678813292,0.13528202448561347,0.05960084371645311,0.28107238755700925,0.2660576523198309,0.07628474427129187,0.3169843721354148
0.12153058347830716,0.13546187894423192,0.45422803786472343,0.10511674757324874,0.2963299240357717,0.18266135041423953,0.2733716351045243,0.14252034287221568
0.12542242143742446,0.136683484198886,0.478641745349638,0.1219441056350179,0.2955541491579612,0.01240103257770994,0.3424071579570176,0.22769355467229338
0.08805247892388648,0.138830780883902,0.20206238663560877,0.16122839998247038,0.234136685759655,0.045757425487033744,0.19163708280008795,0.36724040597075297
0.12836607178440607,0.1372695047981405,0.4980426780510406,0.10457050183135289,0.32103185169014026,0.19333227243324078,0.2899988907857871,0.09106648325947883
0.1066733082456742,0.13443708971610138,0.3471758303027605,0.1646198327215091,0.3429430554201828,0.06833269067986265,0.22269770948299816,0.20140671169544733
0.05702129853699531,0.14568337689900135,-0.020446405941494272,0.21737431788125713,0.23663681112502022,0.193210035319562,0.0065132288409944636,0.3462656068331663
0.09226722270425086,0.141175306979929,0.2285613780095291,0.2612861713589815,0.055028744400631324,0.13057476522247616,0.24345701040801546,0.30965330860989554
0.10103969507068293,0.1343513833891958,0.3054653702507632,0.2501813634677457,0.23656203032358383,0.04165771663739368,0.24053802733741667,0.23106086223386016
0.12259253096084716,0.13638909089760948,0.45892622752238194,0.17545671032196244,0.18363616632996854,0.21407116463904266,0.3054263025200338,0.12140965618899253
0.0833055222697043,0.15417910937877882,0.15115875531780743,0.013901289576768788,0.08555149812554612,0.26660555113709283,0.1708264780927825,0.4631151830678098
0.1172542244174217,0.13878527109056435,0.4125381891574103,0.029903188680339903,0.2571479764346568,0.250943105151806,0.2547071758543027,0.2072985538788947
0.15663976941691066,0.14435499553040296,0.6694591279077496,0.05357283057265674,0.21936706667342315,0.06579214575912398,0.49452201507034815,0.16674594192444805
0.1032846359472318,0.13656075096838352,0.31696249207982935,0.15754210330753582,0.20977415713253725,0.24778442925484084,0.2033561711881931,0.18154313911689296
0.12237843137272447,0.13512141126073862,0.46164727551842394,0.17969057248217254,0.23345268164477076,0.036311180763031504,0.34085570234141116,0.209689862768614
0.11715490577175063,0.13859273500644037,0.4123946740000091,0.012641692409545404,0.289749722336334,0.15411977764063717,0.2735872171304262,0.2699015904830572
0.09996315634077124,0.14358246268804697,0.27832895182747214,0.2814139620414394,0.021182510959099447,0.08523183361965479,0.3020421897253162,0.31012950365449016
0.14306167860412178,0.13915012083687806,0.5969213544664669,0.203152747941386,0.19515762957521526,0.07767456811225186,0.42948850930691357,0.09452654506423326
0.1622943059812061,0.14543392837146346,0.7033730514376859,0.0934046782124236,0.3232230869094042,0.11879740226381456,0.45923922171367604,0.005335610900681597
0.08785167279226763,0.1460374589033974,0.19071595056095364,0.0034729840021413064,0.30477126817884526,0.29462121142298003,0.0986154641844601,0.2985190722115733
0.12436486222065374,0.13633831475343178,0.4720966540994567,0.14137164689571927,0.3057547815345842,0.003177958580210069,0.33526818156668015,0.21442743142280626
0.09555670470217974,0.1519213888278278,0.23404673283020128,0.11930204476213868,0.03673892697225911,0.4227848300687649,0.1845511143129684,0.23662308388386905
0.0751712286881412,0.1441227230822715,0.10526604246494017,0.11938248595376359,0.3166421964453185,0.26957565356403457,0.037974537234351693,0.25642512680253154
0.08360618257792282,0.14578842417908316,0.16192082952296355,0.24040616078018923,0.024671299737219456,0.270350730863869,0.17572077824894486,0.2888510303697774
0.11044076498132144,0.13859131070059238,0.3639533007252657,0.05163958784305383,0.34634038960069685,0.2245829065580307,0.19781912836335167,0.1796179876348669
0.10481403794843473,0.1640895289247988,0.2731072375067438,0.013753608465279232,0.5463441996746989,0.37444441231343895,0.05327534099574665,0.012182438550836271
0.12016575488651324,0.14110424163427254,0.4263922486643356,0.02440784270198703,0.2928903119323383,0.2951106279224005,0.24015216011347526,0.14743905732979892
0.10402138040523537,0.14355843397329981,0.3066443342048635,0.3789731071998425,0.3679683683052423,0.013837471801643835,0.2013158535905268,0.03790519910274461
0.07530387242038528,0.14181366757049582,0.10791535599188772,0.236748867132048,0.1907402720823008,0.2619873279532789,0.07947378398251638,0.23104974884985596
0.09832621825686039,0.13684911824172544,0.2800618575354086,0.2064345393767617,0.15511163692572733,0.07619012110476653,0.2527627356702841,0.30950096692246026
0.12146214962851883,0.1433910974719301,0.42863295359428094,0.08303491307833304,0.06189120889195314,0.24568067552413733,0.3447513234134272,0.26464187909214926
0.1154393605073758,0.13760344265141514,0.4028922491991566,0.10492153635291675,0.15483257387264307,0.14169334472443346,0.3141573063284268,0.28439523872157985
0.09099109638424946,0.14233925447897763,0.21772698260708256,0.17192774190899068,0.08026327785128361,0.273808108097224,0.19070916157106682,0.2832917105714348
0.07934373007295764,0.1396669283906507,0.13849900112969415,0.1650045117907492,0.23357443836693811,0.2312741197373275,0.09594748466964029,0.27419944543534497
0.09574008606993756,0.14641327816121893,0.24410413125634242,0.007998411204732726,0.2802212713687476,0.3519783979464358,0.12354356692263002,0.23625835255745384
0.09435731400668948,0.13711261996345592,0.25057732844610947,0.1557898111867467,0.21101062616088234,0.24001443359840258,0.16710123534450447,0.22608389370946383
0.13351809124734215,0.14007913989666235,0.5248325432436058,0.1700416643314599,0.12446724058937736,0.23450154716053365,0.36903228412934763,0.10195726378928141
0.06073714728137533,0.14911717057836638,0.00494340979322657,0.2642309059554275,0.1530556129526358,0.3089805218551512,0.014306063002500466,0.25942689623428505
0.09947513939369143,0.13464087716693185,0.29318837060715935,0.16225202769225727,0.23493912153892008,0.17811842641842363,0.19882603299840512,0.22586439135199388
0.10803605822466862,0.14111580935814957,0.3404016774814642,0.22449385554692758,0.09649288661816044,0.2892501575526936,0.24861301748214767,0.14115008280007066
0.1163178440043098,0.13788974074747165,0.4084266436286157,0.18544173067182207,0.2264590016326188,0.2546364410402354,0.24855518661312387,0.08490764004219994
0.1354942324434643,0.1426340519396432,0.5292861796803636,0.20854805866958173,0.05417118059425009,0.12242269403821414,0.4364002212321459,0.1784578454658081
0.08298227790716484,0.14459776711683836,0.15893936929603222,0.24278646165823473,0.26055393336145294,0.30588469923353734,0.0715191078785286,0.11925579786824628
0.11491536553854043,0.141288669489451,0.3886749428455801,0.14412668284265392,0.11728545526789677,0.31597454335288877,0.2684084184337712,0.15420490010278926
0.06841531809279973,0.145439892738067,0.057861140670362514,0.29223742242778666,0.11554739733335366,0.2611812101912243,0.0743417634967398,0.2566922065508954
0.0824903439704095,0.14410289990522285,0.15607141830734497,0.22951396343274963,0.05405282347446812,0.13740186525790865,0.20227178218337696,0.3767595656514967
0.10860032002762447,0.13981493471796508,0.3476046398452434,0.025490495933369866,0.23035838086118018,0.2500803494323266,0.2283935323903078,0.26567724138281557
0.1072009299769647,0.14129944379436263,0.3340489439268965,0.060838768119106205,0.20047663655899345,0.32137028668430445,0.20856289615379092,0.2087514124838049
0.13040356384928412,0.1448774166040448,0.4859526453436121,0.27303360563004303,0.12353483938948583,0.2597001166938247,0.3396919622521711,0.004039476034475509
0.09930652436813031,0.13932676923889664,0.28211753263820666,0.2701447123135987,0.06787461331362153,0.1415508741874517,0.2646291235746114,0.2558006766107167
0.10220070790090079,0.13558931366767313,0.31123918809954254,0.2681405224070302,0.28271788485161015,0.13442897873112908,0.19732292079062666,0.11738969321960395
0.09224730588107337,0.1401448269228167,0.2300998658968214,0.12345317132991908,0.15192267580147803,0.26156467828069496,0.17650841086596208,0.28655106372194594
0.0876769056690794,0.14736729558416004,0.1878090085006235,0.3255458544470221,0.008945937773289947,0.2753171393873489,0.19071443303328317,0.19947663535905574
0.10003141131182215,0.1381712210979746,0.2897232216210685,0.23267422307912397,0.15569215299998412,0.2517939327801809,0.20266000527744457,0.15717968586326644
0.04539997912158658,0.16289613977924308,-0.08962778920482321,0.5627162569640413,0.028599798919262166,0.020198337726586604,0.06215992136621295,0.32632568502389697
0.12193588448608499,0.13825201211573138,0.44799264428960484,0.08709932034848919,0.3641046369313816,0.20060765906008762,0.24504534120451194,0.10314304245552966
0.10022497720008912,0.14011256538372194,0.28709043396590606,0.13708743664615053,0.14290881197046063,0.2976656523290279,0.201801720285379,0.22053637876898202
0.1118891831763829,0.1340011633857937,0.38722934835268746,0.21208913005896846,0.27543205062245674,0.03237558242654316,0.27832040914220973,0.2017828277498219
0.06419706596345214,0.14470941961590245,0.02900340540783229,0.2557215668793515,0.12518699863110927,0.1564635421978261,0.0883492572926393,0.3742786349990738
0.08446622502118346,0.1395138540917813,0.1753677093967169,0.18339122574865924,0.3675466277499784,0.18072819648839633,0.08108694708938637,0.18724700292357974
0.11623258077140544,0.140054894244162,0.4015038608602528,0.012778689212075957,0.29199659395023747,0.2641709360217924,0.2342442459162928,0.19680953489960146
0.10995968069794981,0.13361801866744957,0.37389927792815264,0.18031639353115161,0.30996175537253495,0.0864514231870743,0.24246563016020778,0.18080479774903144
0.10021802200131075,0.1422981693595666,0.2826320407515975,0.27144907571006927,0.2302601588004226,0.27774784601227437,0.16364736133464763,0.05689555814258618
0.0681184236711675,0.1474785731464367,0.05504815715233714,0.20190320171409054,0.285049255916058,0.3104027504598663,0.00020442935366799905,0.20244036255631706
0.12943300427592624,0.13789150180638174,0.5035335997240754,0.10714053668574099,0.39848955616695725,0.06964270023462231,0.3035458488540414,0.1211813580586379
0.09267636877850581,0.1524240894180312,0.21437798253062956,0.20950426089810037,0.5526728789457688,0.14128738427333531,0.05582364883870094,0.0407118270440946
0.12912498709390102,0.1381068365273697,0.5005182135223407,0.2268021051485624,0.2884208422759952,0.14710397266738443,0.31024113112093804,0.027431948787119763
0.11206838517334962,0.1379517393856462,0.3774391349121859,0.2169314000560688,0.20661601522535616,0.24936013862166054,0.23696387154026036,0.09012857455665414
0.10782712286769189,0.14034503282675187,0.34078244099120925,0.23323813510932573,0.43575801776989587,0.07832492793958268,0.18343280940039922,0.06924610978079646
0.056630086397591525,0.1450068578218961,-0.023239684336499113,0.2316076791154307,0.28105570167370136,0.10751339475748233,0.013559654743896489,0.36626356970948903
0.1275834701841419,0.1409139188611503,0.4796081943525775,0.008646519026515394,0.42071857042820293,0.09578183518104637,0.2869471430427163,0.18790593232151895
0.12236225789518262,0.14030600012193695,0.4444732074250917,0.02264103798150242,0.17915259565344266,0.19606569915812325,0.3242779144380228,0.2778627527689089
0.075834424056065,0.14709205013372517,0.1076497610963306,0.06756854778698831,0.17821409501655197,0.26573947358623795,0.09918351665734158,0.3892943669528803
0.08977315627804668,0.13783151291311507,0.21601124190528764,0.2608372022827271,0.13636991503425763,0.19659520708049913,0.18097523231386975,0.22522244328864643
0.0902528136310306,0.14804559449438784,0.20434794925408903,0.09105265041470866,0.318175266547081,0.3720027448727209,0.07239092933645153,0.146378408829038
0.09609596261070169,0.13657289189353675,0.26429814958329895,0.3231789130719244,0.26011102822536014,0.0941420802038208,0.18787110265194,0.13469687584695458
0.10091532717282191,0.1369774517481987,0.298701185126697,0.19007347451938436,0.1377805511312022,0.10836161384182137,0.2617625944683541,0.30202176603923797
0.07531966596593798,0.15073031632716136,0.10163626229435173,0.3448542315878733,0.06129156125382234,0.3246900813880674,0.1005417087931861,0.1686224169770508
0.06615775973219981,0.14425211623262024,0.04268748281148154,0.412397110767459,0.20792865358200208,0.09015364282122418,0.07313753765988673,0.21638305516942796
0.10365139053549262,0.13449495931960184,0.32455781804999356,0.18280166955570798,0.23901580741254957,0.18873058389766026,0.21020722039375078,0.17924471874033154
0.07334338065817035,0.14876386240387177,0.08969504046584284,0.2781130200237192,0.023695997310610405,0.28882728093849297,0.12311971294797061,0.2862439887792068
0.122755099593666,0.13906302330044845,0.45127092813222064,0.023002105218185912,0.21723857586968495,0.22344851417725767,0.30278872333356055,0.233522081401311
0.09002061628641671,0.13860589539432738,0.21658975039271916,0.21850190189592625,0.31826512514189453,0.20935071050005435,0.11195345146594561,0.1419288109961792
0.14160615325332102,0.14630822301669505,0.5577687403394206,0.08395253294041516,0.2075326616114594,0.34266158030972993,0.34514448781786106,0.0207087373205345
0.07642403886245276,0.1445372719047488,0.11363185873105683,0.07513364195983495,0.23049844253785634,0.2398459231484253,0.08922932128843417,0.3652926710654494
0.08196196833071519,0.13769623362983835,0.1594957810520396,0.21337344448041137,0.20990153181127127,0.19729190599042998,0.12295469289007582,0.25647842482781164
0.08815915923126726,0.1471582970839915,0.19135284784652845,0.48846785931422204,0.2046547322880119,0.05055303773124121,0.17513686137574955,0.0811875092907756
0.06899166802585131,0.14625689222743565,0.06147859351386252,0.22843979603759468,0.0762193837121197,0.22623341745164924,0.10802377853494131,0.36108362426369517
0.054741208285361234,0.16018796830515072,-0.032828880784735386,0.016996504125456953,0.3420148531712469,0.10449372453789949,0.0006115090422451153,0.5358834091231516
0.10050773422156803,0.1429479401210191,0.28337403244338016,0.2665271925968817,0.039270083929930276,0.2635681606208499,0.24276083493816641,0.18787372791417162
0.10287423078200711,0.13653619574853687,0.314013661703084,0.1839737811444072,0.38925325243642395,0.10757289681453919,0.17478161431292624,0.14441845529170352
0.09577898132895499,0.13544404494977919,0.264160608480213,0.17843854570876894,0.21204942716551767,0.1966203425357865,0.18457072004516006,0.22832096454476675
0.06616103326029618,0.1480727393370222,0.0416081534513474,0.22693211696949875,0.24448046921936634,0.31991853162585865,0.0022756166263942787,0.20639326555888193
0.09850055219353326,0.1353775307824571,0.2843939608811536,0.17072646067314504,0.21204790390752315,0.2041967833871164,0.19452030412192103,0.2185085479102945
0.10635574249426932,0.1475183241646886,0.3142371821043604,0.3500237392744517,0.00450742750596929,0.007200319726522856,0.3547524784917447,0.2835160350013115
0.08147029375105415,0.1438767291900433,0.14922700753569787,0.15118237453987182,0.13414914689248053,0.30746922533591503,0.12033423114378719,0.28686502208794534
0.09798459472180832,0.13582280197602903,0.2796628708080408,0.27208681799054185,0.1505295677871158,0.13468899137700618,0.22934073412769013,0.21335388871764605
0.07433591708274737,0.14371060160415589,0.09975545939355943,0.29289129347405946,0.09142235252229146,0.2361177181692234,0.11681280511789514,0.26275583071653064
0.10015453120309262,0.14004072383255714,0.28673467334476427,0.07553077889044284,0.18396819393638672,0.27535481394398503,0.19782464483880238,0.2673215683903831
0.07610307903040235,0.13788232235269016,0.11678856836492915,0.2531791661985589,0.23501577371348958,0.133691549642162,0.10486904539134041,0.273244465054449
0.11544892960550722,0.14000652465906152,0.3960453253199043,0.3704647845643615,0.184899273122716,0.0037083982904742505,0.3242843411238234,0.11664320289862483
0.10796959302633122,0.1402547835050813,0.3420175186010203,0.0033721760993541596,0.27453481355049786,0.17645990899038694,0.23368556284588018,0.31194753851388096
0.07666543783782712,0.13853300514372793,0.12029940316776304,0.22208691638750266,0.2065007834821075,0.11928192134570233,0.12524544576360985,0.3268849330210776
0.1013516681315486,0.13886538583096583,0.2977824018858378,0.2729728507991115,0.09941048558180335,0.0574657139716154,0.28749653562443134,0.28265441402303854
0.08442881727704937,0.13839840313601806,0.17651083194248068,0.24359196337693217,0.1756014968577539,0.05348394783967493,0.18929548502507373,0.33802710690056537
0.13659335122892355,0.14067117521544983,0.544485045437449,0.06807215397283747,0.294484874707195,0.253543159911441,0.31960230615603963,0.0642975052524868
0.07286591872953753,0.14253511277106046,0.09026490721765337,0.2772964985571997,0.18287047597585585,0.24945680669401954,0.07262404896063072,0.21775216981229428
0.11619468049996524,0.14073606135588573,0.3992912687663127,0.3375790166645231,0.17178045331091765,0.16595330804551697,0.28431432347127106,0.04037289850777127
0.12378842223865649,0.150133141402112,0.4248790216665589,0.42483106654353764,0.024767577189773245,0.11006800262616952,0.38355035060180764,0.05678300303871198
0.09578694064727546,0.1346121501869563,0.26585223248846934,0.23287817088840732,0.20808989715459697,0.15007802489022712,0.1962670723995353,0.2126868346672333
0.1001272391850889,0.13658681144974463,0.2937856060857911,0.11404104855872527,0.37332130513025624,0.08561299441936643,0.18166631549031542,0.24535833640133667
0.10573181755119734,0.14415762284883085,0.3172348201048894,0.35686884913799266,0.015067423351072291,0.14522352174831368,0.30419422781558714,0.17864597794703413
0.06703002964181468,0.14092299730392951,0.04988560970395037,0.3181476481404584,0.26750309679647183,0.09622175525969295,0.05990382029020811,0.25822367951316877
0.10313016319147653,0.14248439602137028,0.302700958110583,0.331963791462692,0.12450985123403263,0.2405155978462483,0.22332484816349016,0.0796859112935368
0.12630324893892744,0.1378129103555656,0.48111057786865596,0.19258143353668963,0.2689013043427141,0.2026374305494164,0.2909595014403166,0.044920330130863155
0.10324201535385535,0.1359115391961087,0.31816294340880674,0.13847497993516633,0.19372462603091534,0.2148915391228269,0.22118083585426226,0.2317280190568291
0.09224282600522177,0.1435650873774054,0.22458681699166522,0.2061991694084773,0.029826319445000436,0.2200873379179202,0.22941778075022837,0.31446939247837374
0.09969211286576452,0.13498197796425068,0.29405490617626584,0.18441648859927767,0.18267913452362425,0.13692703012771398,0.2308450627029456,0.26513228404643846
0.1002548172451014,0.1352641489811768,0.29760152670389556,0.2680998906807142,0.21078539969585935,0.027171452221620596,0.25009943486404407,0.2438438225377618
0.07076292822782282,0.14701996697262532,0.07320725510587855,0.2971694908733584,0.047725092193064825,0.2504865043498261,0.1133106388159252,0.2913082737678255
0.06404995476861794,0.14602784007954542,0.027734127728053903,0.1291154537942026,0.36739511815687415,0.1584537241956745,0.004831231417562561,0.3402044724356862
0.13811950314373486,0.14368167467327975,0.5436984453401741,0.03901338498560043,0.2270804294365299,0.3188085993809328,0.3338383583810847,0.0812592278158522
0.11736247784859412,0.14553499672914752,0.39414903038992305,0.2766985274206245,0.12088635266780996,0.3078827955474157,0.2692571330625748,0.02527519130157517
0.0888159176703868,0.14195990370700445,0.2029863145713376,0.15512876758015864,0.12852602298152296,0.29917243066555677,0.1563285027067798,0.26084427606598176
0.08881688576831073,0.13881269021795117,0.20759547072436288,0.16427946700530882,0.266049184996677,0.2557267547663266,0.11663037258807613,0.19731422064361134
0.08692176200959693,0.14090358981210616,0.19106512506527973,0.34292371533396604,0.3716263682989892,0.028168751028913516,0.12488844842828094,0.13239271690985022
0.11083109271019478,0.1392254207575694,0.36509922134626555,0.19219064143362843,0.07487951244741879,0.21951206147266883,0.293393428143497,0.22002435650278698
0.11132508455466567,0.14369998248795227,0.3571683424454748,0.21034796345277776,0.02099129901193463,0.27675587590825845,0.2966857023968915,0.19521915923013766
0.06514906567246205,0.15558901755293533,0.033094017517722354,0.37707464339894614,0.056234928573687094,0.3411627389339003,0.050973702516578255,0.1745539865768883
0.11938362452726306,0.1338707598573018,0.44358920940287816,0.14615217629976857,0.2643008677562925,0.1360854948324173,0.28764497402354117,0.16581648708798052
0.07382929850330254,0.13886782305351333,0.0995860538403728,0.2974887125940287,0.21906992888947885,0.07440698072993066,0.1161661552309698,0.29286822255559203
0.09905481115698907,0.13969698575014766,0.27956803038570777,0.1746399334233515,0.24211336594404928,0.29323962379403806,0.1571659421991833,0.13284113463937788
0.06347375273979819,0.14579273054569797,0.02382665258271819,0.35456326234332575,0.16031165183699753,0.21203491502673902,0.04631356709618283,0.22677660369675487
0.13375798189646998,0.14130663786915987,0.5219711048872647,0.118558609575061,0.35557264530890154,0.21801227680092625,0.2910813035844505,0.016775164730660812
0.09304880121540134,0.14489430167657838,0.22808903340567707,0.04977418320801403,0.3805535027087386,0.29132375391786197,0.08922723482005628,0.18912132534532913
0.09914258517393504,0.13508188140024444,0.2897693218971128,0.1954223748726024,0.30604910457009316,0.021916572477942996,0.21648197547037307,0.26012997260898846
0.09422771195762106,0.1347527555199735,0.254003799963465,0.2766989631962683,0.22838962712512564,0.07815977876461686,0.2007786706306104,0.21597296028337878
0.08235060652543885,0.15205012410400864,0.14699499035035385,0.274666742528963,0.3086958213955381,0.34015690441281193,0.03704823389553886,0.03943229776714804
0.07430066359221073,0.14397367236369848,0.09932832411251669,0.34203451078182545,0.10838786760289397,0.025142123178675452,0.17231821768347094,0.3521172807531342
0.08590343845138837,0.14813257945237981,0.1748665860484496,0.10024073832799989,0.5321054211027618,0.002863797933674458,0.08691313286499629,0.27787690977056767
0.12932218328086445,0.14295731624542216,0.48491525373808436,0.02994753501280715,0.30301409833024884,0.3095224356250056,0.270656252538331,0.0868596784936075
0.09075650254848126,0.1402678089875616,0.21926985792733547,0.23362027520837136,0.08223681709689247,0.1255856975141739,0.23038695115749844,0.3281702590230638
0.08907299113768362,0.14952540327773878,0.19443512941865435,0.035240357060919145,0.1104618457141361,0.3449863286637642,0.1597650196315294,0.34954644892965114
0.11445242837919298,0.1399070501078149,0.3892043205630521,0.35969938588167755,0.1910824213634598,0.10450796533184875,0.28690919612340293,0.05780103129961094
0.08214962537471207,0.14017381153467323,0.15801543192847523,0.1084895460026418,0.3378390238980128,0.1866559637413602,0.08674878677143005,0.28026667958655516
0.07196067856478133,0.14704325230039497,0.08134122700405755,0.4221112817771279,0.07204793805505434,0.15955591949685521,0.12746762592356747,0.21881723474739492
0.07208353303021425,0.15252238791304182,0.07922465151216677,0.33365804432015267,0.3119209402017312,0.28955126104702894,0.002747052150261974,0.062122702280824935
0.1356448376684978,0.1371308983131567,0.551625042926159,0.19810352117636468,0.24127184074092803,0.1299056510515736,0.3640208137853095,0.06669817324582412
0.063805472254003,0.14254481040789524,0.02669667343983662,0.24258449607562696,0.2547775954945065,0.18573876519283575,0.029013824752972765,0.28788531848405813
0.10339718567509454,0.1410279520066803,0.3077204558216861,0.2967150597293309,0.0621811184950031,0.2165176973525663,0.25870609152286206,0.16588003290023765
0.08403345272966548,0.1404831602736275,0.1710771076252419,0.12225645436535859,0.18095487701621962,0.19370147460774703,0.1514907675372993,0.3515964264733755
0.11565674284557906,0.14308688776061715,0.3889716501395446,0.310004576563991,0.10055963407566558,0.24402410168864325,0.28700313998005683,0.05840854769164322
0.09879735871311814,0.14571393116888068,0.26625703116987814,0.1651024202238559,0.41712465162111856,0.2612581643958131,0.099956138249919,0.0565586255092935
0.12562598244565137,0.13799515033890605,0.47556731004298874,0.24684197179599027,0.2608738093280376,0.15928838045424298,0.30027993040526363,0.03271590801646555
0.16308483081334255,0.14555231884155154,0.7082321438352407,0.08170971826193105,0.3075373731626286,0.034800562234441786,0.49592778778925717,0.08002455855174147
0.10957539759436458,0.13556705828907142,0.36568911518795594,0.24692378188203962,0.1433366740291128,0.14648195782522805,0.28025500120945,0.18300258505416955
0.10364398405047291,0.13555099843823493,0.3219746409345683,0.22735166847882743,0.15827906563407282,0.185760357872329,0.2383358887893634,0.1902730192254073
0.08842819597601956,0.14035562016579528,0.20254405162001146,0.18611267806652607,0.23859676200766447,0.28692780004238183,0.113888777599103,0.17447398228432479
0.13318895671817443,0.1404344391645834,0.5211610282603114,0.039112738849141376,0.16266707800463223,0.18680635076529586,0.37866260964844917,0.2327512227324814
0.1269937963463599,0.14655534723776642,0.45712283863427683,0.3123950912939711,0.008122133205894999,0.1984843445598869,0.38514589725042236,0.09585253368982456
0.11043558274496118,0.14349055498631855,0.3514906103037241,0.015127227337863425,0.20798914736472468,0.3380508106002625,0.21809315305313806,0.22073966164401135
0.07279008388278803,0.14929591961558378,0.08566934659514283,0.30104303932677384,0.11433473220007738,0.3379359278876178,0.0688166852562036,0.17786961532932735
0.10913287960673808,0.1368290080387276,0.35908233430174163,0.1954330233962412,0.2467814916923656,0.23580700962739676,0.21499916966420282,0.10697930561979371
0.11056275531022668,0.1460722760023767,0.34614888392239457,0.04059403049888675,0.0719694538424332,0.287047025888063,0.2845568892534945,0.3158326005171225
0.11634374408296033,0.13950650953604202,0.4038789607047241,0.02904763432670144,0.2052021403646655,0.24796739266031068,0.271657873980812,0.24612495866751033
0.08657336277268109,0.1524886054055416,0.17426457997966177,0.5047673521887223,0.23564523607073395,0.11762398124812626,0.13411101240375403,0.007852418088663733
0.09690965387890044,0.1454466815481527,0.2537675901988925,0.15323039179962586,0.04012874439470099,0.14061879168210667,0.27477837931703486,0.39124369280653165
0.05519044644357815,0.14966095207673025,-0.032136328746298626,0.3512373737889345,0.10570277566381633,0.05609183537273417,0.08076912592673008,0.4061988892477848
0.07900112124506461,0.14605450827895092,0.13009609541647418,0.19164575069776893,0.06365313917941429,0.2932355075952618,0.13783483216329778,0.31363077036425724
0.11364909859240942,0.1390910911580055,0.38571196865128343,0.08926628101086796,0.13465486767964066,0.17291432292656977,0.3056672145155004,0.2974973138674213
0.11939609178154052,0.13871844183761972,0.4281773280806317,0.2063877039894419,0.07969240741715622,0.1449415589577188,0.3505822072580182,0.21839612237766493
0.0830697034156272,0.1382374415801703,0.1668846236730156,0.26982370362097285,0.15540200625904826,0.18377747532628907,0.14817861975243832,0.2428181950412515
0.09072150470576337,0.1426783663262121,0.2153199920688984,0.3612389667309213,0.21525040679274393,0.20400936856243035,0.14436748845507005,0.07513376945883446
0.0922603182217387,0.13992511329412838,0.2305541690284444,0.26366450503917394,0.08872952315864657,0.2247691565183357,0.2008113660596959,0.22202544922414802
0.07089236117123528,0.14482731953847672,0.07520929894957748,0.28801487540717874,0.19165900871457509,0.2760801174352959,0.051559528814070214,0.19268646962888003
0.0969624737008573,0.13947001786970759,0.26502092898122026,0.2275189507854635,0.0800277828583003,0.218232357518359,0.22934588171555276,0.24487502712232442
0.12050046607083933,0.1341304944051378,0.45105675886125635,0.12511528819563186,0.27256012243494593,0.12166448120303798,0.2955266885714955,0.18513341959488883
0.08722578541540157,0.14521416820292543,0.1874871147377002,0.4175811944883493,0.2906009387155226,0.1131983280197273,0.12441215547485705,0.054207383301543566
0.06802322973136413,0.145122800209853,0.05528579740579867,0.30730706181945905,0.421944831374153,0.010360114702248693,0.03293442248947606,0.22745356961466323
0.07287240248602889,0.14557721937526102,0.08842319245600584,0.41026945487413385,0.08770612815023897,0.1510737509781451,0.12902586718886105,0.221924798808621
0.1318184914438648,0.14595132500734626,0.4920715275469401,0.11259330279531096,0.1764465920638081,0.36457555438879746,0.3057597948301063,0.04062475592197719
0.07824368051586028,0.143437061097295,0.1271894472481236,0.2080831892024127,0.15566039035294552,0.3049293716861113,0.0943940008364451,0.23693304792208544
0.08688817404676269,0.14383374755777262,0.18693925802053318,0.24155483586306636,0.07320762464367638,0.2985219998092485,0.16233963241347926,0.2243759072705295
0.09513863840390707,0.14356208838716583,0.2447626584334949,0.0806506082518615,0.14255228168383646,0.3240870346267516,0.17640564021142965,0.27630443522612064
0.06293769392410455,0.14514398006426985,0.020239860604647435,0.1734721909608477,0.29710354486603474,0.22594919412780545,0.002138194053972348,0.3013368759913399
0.09039119380971941,0.13657189320682261,0.22252890471171402,0.32418305714725637,0.2624192268605129,0.0723033009471074,0.1692406341189235,0.1718537809261999
0.07251392464174765,0.15783551713724486,0.07928459239542547,0.5746227011347262,0.26570438097761634,0.02584218404350881,0.08527883041298871,0.04855190343115998
0.07761671504299916,0.143062650570866,0.12313986196049635,0.2405525026609089,0.07623467545310038,0.2036602514664545,0.15116994845309775,0.3283826219664385
0.08969882078752578,0.14046394948235377,0.21143375860477845,0.11754154116520311,0.16807167783442628,0.26453590114734227,0.1589342144197101,0.29091666543331823
0.11324412890103974,0.13602840557628504,0.39141919421514,0.2064531107065172,0.12808979358668018,0.1572481430414765,0.3017785750299558,0.20643037763537034
0.11622092994289611,0.14183585329725804,0.3963802426250357,0.3234131410930635,0.06388193820863333,0.17269143382836172,0.3247233978717616,0.11529008899817991
0.09525452429974664,0.15674304858527074,0.2249192204563229,0.38918766332964755,0.03904387674124947,0.36304792942357283,0.17906115138366116,0.029659379121868903
0.053354513509843146,0.15140383239526617,-0.04389245889633525,0.4513529440648038,0.12929069343801822,0.011418320747023926,0.0696934986477604,0.3382445431023936
0.05830907060437951,0.15104121888800526,-0.011195151946398729,0.3947731264891786,0.045000757116629965,0.1865028967848547,0.07292863375805646,0.3007945858512804
0.1003084901165953,0.14717491032464905,0.273881533392342,0.05962539110871023,0.12113155455642709,0.09919440771333014,0.27904891597452824,0.4409997306470042
0.13336714868353414,0.14725704189200672,0.4982250610285863,0.24781335113998287,0.02824062206750126,0.2731715430475312,0.3866956380660828,0.06407884567890172
0.11450976834259291,0.14665373972527188,0.37169027155193374,0.03399498856744694,0.08780658263647967,0.34882096583408634,0.2766309059596761,0.2527465570023108
0.07599400890299055,0.1501489340209951,0.10652096205194589,0.09274786326609487,0.1235138981978101,0.3590821266117047,0.0894560087096825,0.33520010321470783
0.1252900493914439,0.14126803735927773,0.46217141974865833,0.22871286816925604,0.04857529392008262,0.18410775904173624,0.3737011619180244,0.16490291695090056
0.0964641379705703,0.13922144016064822,0.26191467297345994,0.2498747096832396,0.0742136237042092,0.16523190509415991,0.24422118279112276,0.2664585787272684
0.09167981321274876,0.13883242875222618,0.22818741627928754,0.29258941455030146,0.385255176997765,0.0017947978212706876,0.15250493143274338,0.1678556791979194
0.1343934624551025,0.14379719033212196,0.5173499028964282,0.04009687121470633,0.11995436590943068,0.13772140372725555,0.41548011384341826,0.28674724530518914
0.09723896891682252,0.13603754114888147,0.27374038520784233,0.15834234549719192,0.3672511628261293,0.05695510726108556,0.1769440465990826,0.24050733781651057
0.10559383189317252,0.15276955559435773,0.2984484160851774,0.04740681470688764,0.6115553074503715,0.08518062341653293,0.11965205996963803,0.13620519445656987
0.09823481590843086,0.13893705742821252,0.27519523312336186,0.2981174063887996,0.21927725207476653,0.21035255322826588,0.17827978698856337,0.09397300131960462
0.12615226697297813,0.13860315628875935,0.47727821461121406,0.31112387504858563,0.20552341141521782,0.07286710630941318,0.3455528084947295,0.06493279873205395
0.11608092908896198,0.13772389375128172,0.4071982541405606,0.07015861185377067,0.3008814998557152,0.24289738181845483,0.2321801695619777,0.15388233691008144
0.08932368615600614,0.13857641714150196,0.21160661215582874,0.11986593735052324,0.20878890296102814,0.2238350195059865,0.15432800992015613,0.29318213026230605
0.09056895137327194,0.14105952686423476,0.2167095839098735,0.2946257213837974,0.12714491168377287,0.25298371375757456,0.16748012305940493,0.15776553011545047
0.11292033706898534,0.14182354911623427,0.373142100862343,0.017753435038828088,0.18539428274831107,0.29088737961902655,0.25198384664229645,0.25398105595153786
0.09239833798044376,0.13889476839290654,0.23325815907475442,0.09710099938644919,0.2176327692333078,0.1415904870694422,0.19180812891119922,0.3518676153996017
0.10529175519125099,0.14078041122047666,0.32171915679603624,0.2089252132368613,0.3211324263345696,0.2511459210702686,0.16415535577872054,0.054641083579580016
0.09336664092462028,0.14917539129399274,0.22367389577589097,0.32686358270605304,0.0041683997018638315,0.0006056457758864592,0.303025810522882,0.36533656129331465
0.11001168183445802,0.14464033003682372,0.34576581664135886,0.2644497019214696,0.005555145392059108,0.08244798477748075,0.3534551285035066,0.294092039405484
0.042239748400436594,0.1542046704794607,-0.1151732405013568,0.3906612133241738,0.16325391255872843,0.00990452298888818,0.014378564675588072,0.4218017864526215
0.14583053238037302,0.1465683515265367,0.585600721345584,0.010574319273970985,0.4812670331835141,0.08882237943017178,0.34423273718904396,0.07510353092329923
0.11799580442130833,0.15111521719768006,0.3837853360951837,0.26236328088923494,0.039158858990950375,0.37248093629198925,0.284139394183742,0.041857529644083465
0.09935352964430376,0.13727161081527145,0.2866836734163659,0.20426555933639362,0.13167438350619523,0.22183906724013444,0.22064298065195356,0.22157800926532306
0.11965217018186063,0.15884265344260184,0.37554251889538015,0.04067702712818011,0.06325370563516394,0.5165113146580957,0.2549861900289708,0.12457176254958938
0.10078541361655248,0.13917706761284487,0.2930469388104016,0.22752865382760518,0.07812814740394733,0.2149799152874466,0.24751889784439185,0.23184438563660917
0.12232504521446706,0.1370038063596445,0.4549146981424699,0.15681711266888082,0.22981634334331252,0.23647271459932426,0.28111883490750433,0.09577499448097798
0.11637205057559298,0.1350877772958433,0.41729941600961984,0.15975938674117057,0.1803486821897893,0.18773729474639164,0.28949272943742904,0.1826619068852195
0.0899777166108206,0.14168796916916948,0.21157559661984054,0.0868946647656354,0.2496809516822949,0.3002043838612781,0.12024968459035809,0.2429703151004336
0.12425131519434883,0.14324719776345157,0.44853453468911114,0.05093664079586577,0.11853011362254981,0.31518609195875613,0.31590859983150427,0.19943855379132422
0.09284887655806792,0.13893459279108988,0.23643410829627867,0.19693667530152398,0.23946267061187274,0.2687746633040893,0.13736229252962998,0.15746369825288406
0.1076625617282118,0.14332309462218037,0.33255325566236865,0.16586254961276173,0.02872452748779218,0.16872052160487683,0.31550132813049825,0.32119107316407103
0.06400017346885901,0.16227410151287752,0.024650720180025624,0.5015707223560321,0.02892744790318894,0.29629324191012973,0.06037915712112632,0.112829430709523
0.06614835110506868,0.14906927442043322,0.041244925414528746,0.3414096765007124,0.18840950191463432,0.2876803250881512,0.02441785583664509,0.15808264065985692
0.05054715526732841,0.15189780560406602,-0.062231608251874244,0.36458183168615294,0.07213686381254504,0.17617944606247027,0.03490292357457595,0.35219893486425585
0.09668439228933826,0.13630561711175151,0.269133386185121,0.21703845820997292,0.18488237131858293,0.21787269854805638,0.18903122184987126,0.19117525007351643
0.12698212974927361,0.13683222086283658,0.48952015341779676,0.23070050300917025,0.20714794327896102,0.16238178563902203,0.32699646713327113,0.07277330093957546
0.13156739271484993,0.1423636070858014,0.5027084813306033,0.02071983276400807,0.3493149113015077,0.0013923251715000282,0.35997813232008496,0.2685947984428992
0.08093520068581667,0.14238417862321728,0.1470331948974207,0.1148416260198744,0.24395442615970173,0.28592518057228034,0.08577738246135272,0.26950138478679064
0.0748946203480906,0.15129613792545754,0.0984467981293023,0.5360965587565406,0.1661899641210821,0.027943091837927043,0.13604349407897953,0.1337268912054706
0.1459434698069635,0.14063431486813927,0.6111130835141146,0.02826978877806073,0.3145912405868482,0.16464954131842116,0.3832194375120482,0.10926999180462163
0.10394727696736565,0.13983709294852945,0.31427481822395686,0.15803844048693186,0.22282027995362724,0.30596502831500866,0.18293119317377302,0.1302450580706592
0.07792422337484094,0.1419430303945092,0.12627758703631498,0.3486439965209555,0.12475625406659897,0.03193784830960743,0.17896027743361573,0.3157016236692223
0.14489335941240403,0.14220830146423474,0.596964864486161,0.012687195136605586,0.24148802828905794,0.2450252626619933,0.3827248931875494,0.11807462072479386
0.11477857591146183,0.13607811067641237,0.4025524431458548,0.11360993035008166,0.17947182894247984,0.14542235551557628,0.30001871422277104,0.26147717096909123
0.08131797189614898,0.13907553078882262,0.15328341208000829,0.19372199399957807,0.2093236621721065,0.23559993270252708,0.11000080219056212,0.2513536089352263
0.12382111997339294,0.13601342814872164,0.4692266112402431,0.07820296344164115,0.2590432251555385,0.1936425559181469,0.2962246424528918,0.17288661303178152
0.11705301171459163,0.13999150010592334,0.4075462558185531,0.23830302661158198,0.28275429984065986,0.2226040816457674,0.23591848774780416,0.020420104154186665
0.1132700117592189,0.13925838367372495,0.3825264257269259,0.07317632891382901,0.3478570657010345,0.24748955289337257,0.20045495011810952,0.13102210237365444
0.10820252938787293,0.1467512330329508,0.32846422065189584,0.03422346550839633,0.28460000609683234,0.3846567178010684,0.16303311696945053,0.13348669362425242
0.09276084979935216,0.13629721418111534,0.2403633118709138,0.180163816663861,0.20762255478962935,0.08501794017419065,0.20814886789905884,0.3190468204732601
0.08753798430279203,0.1537031939717621,0.1791633836044502,0.19344457368875168,0.3505216599396956,0.3790908007599316,0.03777289446546478,0.03917007114615623
0.08475471928553278,0.13655031558836542,0.18128643041848802,0.19371272835240577,0.239311671342068,0.17330124141265787,0.13283991630090008,0.2608344425919682
0.15826700619222014,0.1478834751915042,0.6644894303773132,0.0009341058557745153,0.4344355297763704,0.1041485222451578,0.4115600515604911,0.04892179056220616
0.06315367984127561,0.16113780040939818,0.01957132239153785,0.11265852585979903,0.11113796509548828,0.47136144312545397,0.0021768945945679174,0.3026651713246909
0.10295655634613977,0.13455353779543766,0.3192525224527862,0.23151363908919445,0.1789616207682599,0.09656102336739063,0.2551053365247673,0.23785838025038766
0.1214445068789342,0.1390609489242845,0.4418530676961605,0.12736460231323313,0.1682703710659158,0.2839642802399444,0.288378824403133,0.1320219219777736
0.07345198726665046,0.1491589263521159,0.09018559998812731,0.44711511241457924,0.15934374064679813,0.19619183213092312,0.0869703809452322,0.11037893386246726
0.09372357587805633,0.13561568416413158,0.24867017473614408,0.3020273971041279,0.23485509617256725,0.10627339246773337,0.18525603381865696,0.17158808043691456
0.11253619860281029,0.13560607750986683,0.3874177291131196,0.2832810128689225,0.244894410170545,0.11131043703724512,0.26220948845027486,0.09830465147301239
0.11133317693978205,0.1354348778831788,0.379024795843654,0.22258641557412312,0.32214803196833597,0.13006524428106536,0.2265800488544792,0.09862025932199649
0.08881263602737319,0.14303898928237727,0.20143204431131262,0.08295030390634935,0.17883690381878792,0.305018924225081,0.14114101474125626,0.2920528533085255
0.09639673545901442,0.1395301904784028,0.2608520445232826,0.3347730243827519,0.092909302841895,0.14711686893337114,0.23553030228149205,0.1896705015604899
0.10145259058181406,0.1411635475132743,0.2936493968311194,0.0331100058301271,0.3428704839247695,0.259699459794846,0.15102411612699837,0.213295934323259
0.13352302263683044,0.14425458324762913,0.5096754708349194,0.031871448019209075,0.18026119750613642,0.3387692423452736,0.3263109686393723,0.12278714349000844
0.06860637401533562,0.1416314163295018,0.060765995556473974,0.24840935535242994,0.32602007657404225,0.15895105548732139,0.030330409194455604,0.23628910339175074
0.06959709634512506,0.15282855537312776,0.06279648670167662,0.4780974414299497,0.00464210136741449,0.07595017854109126,0.1647261298385256,0.27658414882301896
0.13802443503724215,0.1405359402684293,0.5551920376254811,0.25455508734895727,0.13824792680518727,0.1299396286969119,0.4090135809939619,0.06824377615498176
0.11141926474248494,0.13524856492423,0.3801834405510434,0.1537864773183747,0.29574843041611704,0.19399862758570488,0.2226142869663143,0.13385217771348912
0.08554613606507686,0.14907711464103404,0.17136188962732438,0.01065564117762536,0.3454182035467853,0.3378236974375505,0.05903408611712918,0.24706837172090965
0.0781113030105796,0.14259964680045023,0.1270080495775984,0.32078792442842907,0.0718744206259906,0.16159754732725054,0.16159910007198894,0.2841410075463409
0.06964471409920163,0.14465832457012479,0.06667237525294471,0.3478020667556547,0.32025612546458293,0.15414677586836106,0.030384822435021424,0.14741020947637967
0.08944777040135225,0.13971519425162657,0.21076999219080586,0.19798120667069236,0.20466668962593523,0.2810449819773603,0.13211768294270035,0.18418943878331184
0.0857799862643632,0.14329609078297487,0.179907114866152,0.20372989889925372,0.05691028110899122,0.17426247015951107,0.20586255630182657,0.3592347935304174
0.09808118206401374,0.14376612663004948,0.26488285493012753,0.15778205591776223,0.4218978840901189,0.23344093780633698,0.10437440497812811,0.08250471720765394
0.08849369558295944,0.148805640791401,0.19148263084262063,0.06911933045679124,0.22094241177623414,0.01069579753192438,0.21709481610537584,0.48214764412967426
0.10248520835605336,0.13631359804692447,0.3116725621271349,0.29031294099626004,0.32916505963215226,0.051557162521519886,0.20496330340750293,0.12400153344256491
0.09339429223192429,0.1412565191295318,0.23640885700504785,0.33915993156182506,0.0687700619631588,0.1740122961605311,0.2230654013301791,0.19499230898430597
0.10618795107387521,0.1387031662228586,0.3329985344362192,0.30089534415752733,0.08388283593227437,0.13677339747594572,0.2870657451579526,0.19138267727629998
0.12116721731136283,0.14518370024683272,0.4213091222180586,0.14478119791210167,0.01060069200298969,0.27125423588123504,0.3500313362723634,0.22333253793131005
0.052532696488544604,0.14704915551644693,-0.05078100234734229,0.3768431462755171,0.2274042119565914,0.10193016031625549,0.006353935884643862,0.2874685455669921
0.11989574113659991,0.13514524925135088,0.44319531369691273,0.142181920537153,0.22550845923065388,0.20030320004442434,0.28486401249916726,0.14714240768860143
0.14516056339150027,0.14384657131797907,0.5920235888226294,0.2028286555971294,0.1361480759663503,0.22642051230217033,0.4144517717262137,0.020150984408136265
0.08913071477684326,0.142326962852911,0.2046746041152346,0.3130660855703847,0.3179985479639068,0.19138724799553314,0.10614095615652756,0.0714071623136478
0.05281256179869931,0.15903325340096439,-0.04519456181393258,0.1752706641233642,0.031762446424069835,0.3011786829679763,0.03633856069359849,0.4554496457909912
0.12077018594298064,0.1405953670243929,0.4322346264257569,0.13354555377497232,0.07158420261775121,0.19563594392714137,0.3496394920993683,0.24959480758076688
0.1257456416392538,0.13797400215213435,0.4765074623751267,0.15849804623549954,0.2504121754886249,0.23770071921331073,0.2874209124199471,0.06596814664261758
0.06976948279450358,0.14644097879225576,0.06671276629721778,0.2595724581659247,0.09097697220813779,0.28439140988060785,0.08494431992819662,0.2801148398171329
0.06744385226824343,0.1631107810053043,0.04563678882759661,0.4035851631891888,0.06092417405635224,0.4080696031950758,0.0358962974880196,0.0915247620713636
0.0983939607458914,0.135131023167671,0.2841239550021912,0.14006492197694892,0.31332264557505196,0.1540642849950664,0.17356702909799382,0.21898111835493886
0.08984742746276353,0.14546884787676959,0.2051808885435599,0.4074592533984601,0.32963534035335246,0.09432431157722254,0.12749899794355704,0.041082096727407855
0.12668575845965316,0.14053480960478087,0.47451416945872865,0.2805056155782477,0.07866938468182197,0.11203856283363321,0.386562112892082,0.1422243240142152
0.09138647039577118,0.13614631829384316,0.23053484507770597,0.3132070641455019,0.21974976362445786,0.040919891410763604,0.2005685573837649,0.2255547234355118
0.09763960140064196,0.13775459452454514,0.2732366316387025,0.285141952504361,0.1032872379799444,0.12072950801123229,0.24923125890118297,0.2416100426032795
0.08319464952994464,0.13785660530610436,0.16825199981126746,0.2113694192931319,0.25253875195472925,0.21064716006787465,0.10792621602016539,0.21751845266409875
0.09068066366522572,0.14151111428268828,0.2168074488053058,0.3488514516002779,0.19045758774292257,0.20774194792816006,0.15351216131849155,0.09943685141014788
0.12572739933894958,0.14840941520230022,0.44287890528613083,0.06951678045056596,0.02380576087292013,0.3347721060301709,0.35080774578399765,0.22109760686234528
0.10262351938828489,0.15248684728915873,0.2795225958567987,0.33629522657228794,0.07345015184716565,0.3607761702269284,0.20260451076933617,0.026873940584281844
0.13826357334798473,0.13861915037671851,0.5645942363323655,0.16373254403831894,0.3579967408719607,0.05046815465346566,0.35836393821573737,0.0694386222205173
0.09512316952927731,0.1569958966341189,0.2237203027741059,0.11976236546089607,0.13480303868182186,0.5045510700044046,0.11951833686291184,0.1213651889899656
0.11832601045911564,0.13449973860989398,0.4336514781510892,0.218100120018066,0.2729018342429997,0.12291524155365605,0.2780656126372021,0.10801719154807621
0.09111774675704215,0.14224404569377228,0.218763088502372,0.09053838696911283,0.15148508584864157,0.28002891590563006,0.16872015339988417,0.30922745787673145
0.1024819767059178,0.13541734214444254,0.31371149391342,0.10306127611641888,0.3049146561472952,0.15112713690921545,0.19829152187894067,0.24260540894812982
0.11312293261393558,0.14384556588057668,0.36930531913676956,0.25258344874439104,0.08786495285033596,0.30769209198353425,0.26569351209561737,0.0861659943261214
0.06916937356793693,0.1426495163833882,0.06427903718434702,0.35033891910084874,0.23888239569791234,0.162571160783672,0.05660450547133247,0.1916030189462343
0.14085364839338227,0.13915861784859287,0.5810179034786945,0.0860312411351612,0.2242421684816466,0.2133931503925413,0.3758881371435297,0.10044530284712117
0.10210535799963882,0.13718937391554115,0.30691413480435037,0.27489858324975136,0.10908436474559607,0.14850480407836894,0.2583317190788901,0.20918052884739358
0.1204753804944321,0.13455670499777833,0.44944159784107834,0.15981310942218616,0.20037405972773892,0.15865168655145706,0.3085852163403598,0.17257592795825816
0.09096673762897316,0.1396039925151946,0.2218184241801159,0.3659765699488895,0.2923924343762631,0.07348129444198248,0.15647155233306287,0.11167814889980213
0.12904325741153239,0.1372770283901588,0.5029483681370394,0.165614625724326,0.21893830024009225,0.21502562106843162,0.3201535389419806,0.08026791402516953
0.0908421712804271,0.13847388713623623,0.22272915073210386,0.3072702362275469,0.1113038786959573,0.097475100460572,0.22244165607138236,0.2615091285445414
0.12887946665181974,0.1436007938838254,0.4796593722702116,0.13468483195930833,0.26577665407204065,0.31449064319814574,0.2728785404772025,0.01216933029330277
0.09360113477192958,0.13529309986743449,0.24835808185970532,0.2062961658671861,0.19310908359181167,0.16688082920029898,0.18950399135983978,0.2442099299808635
0.06131112147232506,0.15546159855704586,0.008433732088789437,0.3316482188158933,0.051713754716440956,0.35455524948618206,0.03572066514059009,0.22636211184089353
0.11536153342459773,0.13865060604294513,0.39928807384693477,0.20779482405738275,0.10962727880398591,0.24267590488592058,0.2910383126604221,0.1488636795922886
0.1099166246077447,0.14607641144672154,0.34171584661326926,0.3030097128154943,0.026875849002067034,0.282803817182942,0.2789191484322479,0.10839147256724875
0.12705373697715608,0.1423307073682793,0.47111223022067333,0.11593476902495845,0.11841083980758826,0.3149111484234988,0.32277419813498337,0.12796904460897113
0.13932239469764324,0.14484095235009745,0.5476517063068722,0.2513175808140386,0.058921585996520455,0.1988090743460605,0.42358807242451085,0.0673636864188696
0.08127446307311723,0.1485764401270899,0.1431886714671545,0.3020476876284183,0.2627417146763296,0.3099058308263068,0.05724302236301247,0.06806174450593278
0.08129390280195813,0.1472101782883913,0.1446496638312768,0.007162668183616873,0.3077454609534724,0.27351555466894856,0.07561569382124388,0.3359606223727181
0.0737807886214881,0.14831429745740185,0.09291611704155599,0.247071510251134,0.11147747378614464,0.3489464035469479,0.0751216424629207,0.2173829699528528
0.0927882364410819,0.1383228502703602,0.23704135923309386,0.11665866696916875,0.2676229775274981,0.24898834852578902,0.1390963768763033,0.22763363010124082
0.10239035115095385,0.13834008708420342,0.30642131318850574,0.1935525828229845,0.11601312510779577,0.24706751758867615,0.2326441771654436,0.2107225973150999
0.12767971877221929,0.13664328919606325,0.4953021781780204,0.22745154338869433,0.25138590557326485,0.14154007428573537,0.31988165608621744,0.05974082066608792
0.10044671409287587,0.13935927142395607,0.29023339229314465,0.37980428334611865,0.14707800444952107,0.053725901303788605,0.2578308922826108,0.1615609186179608
0.08789464787843221,0.14494426345144354,0.19245085810365267,0.3352436810817672,0.17709154451720052,0.27483928523045803,0.12672173845049534,0.08610375072007893
0.09199946505959268,0.13823363466197752,0.2314882708382871,0.12058454746213092,0.1885628935938767,0.20414333998161865,0.17967520471335602,0.30703401424901783
0.07249517388523044,0.14662437144682608,0.08521894253958912,0.32707970377268336,0.4408703376299088,0.05581551468253943,0.029046628204718088,0.14718781571015022
0.10459101604665548,0.13867665541271915,0.32154666489429684,0.05459814794008817,0.21020331545529572,0.20745029278950186,0.22986129505970682,0.29788694875540744
0.08803792603926308,0.14208173429018042,0.1973365976938307,0.37908621242630997,0.342762875257884,0.046195837022441046,0.13211360890383234,0.09984146638953272
0.0817519571543156,0.14235994376769417,0.15279548852457323,0.07986515523540616,0.24604222900379483,0.24989937588366085,0.1026423179466676,0.3215509219304705
0.11458546886126843,0.14323679401793363,0.3810855250951385,0.28628220745459254,0.008194954362672749,0.15458613533283275,0.34769607851423595,0.20324062433566606
0.05604309495284748,0.15016765493162246,-0.026349915692259144,0.19733047090540037,0.14399893864795368,0.13813987780508286,0.0566331951000199,0.4638975175415432
0.18712421135040125,0.15713417099266078,0.8090169728667026,0.06958767631263826,0.23471870017514454,0.036678556163070475,0.6274694637076337,0.031545603641512994
0.09868375448358452,0.1371527873926509,0.2820486205128145,0.16677365181423892,0.31012180879418333,0.2215497863651609,0.1526928580403615,0.14886189498605543
0.07831425486913089,0.1539702847454528,0.11894668441646672,0.36337178833789824,0.4436205348063222,0.15852324255118716,0.017829716879766703,0.01665471742482549
0.09272359686276119,0.1372396431503312,0.23844128497853953,0.20518287443313446,0.14928190871919986,0.21177153961243186,0.18850357305634047,0.24526010417889335
0.08144506194417604,0.13858932205407276,0.15473819790971285,0.2988112907527325,0.2659230831692171,0.16029351159035476,0.10393895324582347,0.1710331612418721
0.11162684396599824,0.13337283069820405,0.3870866629712571,0.20827095312657265,0.25315645892730043,0.07719758945060756,0.2719663398572271,0.18940865863829232
0.06400895961148577,0.14579023634625465,0.02749813507376731,0.2606219212351435,0.10068652495189366,0.18254103481065453,0.08833056683086303,0.36781995217144525
0.13148277753078944,0.1405990064181081,0.5084159508084759,0.29671681236020997,0.13680552812093158,0.025057969209227603,0.41089964988388783,0.13052004042574297
0.10380453320159519,0.1385650927527636,0.31612964225956924,0.3604829237239332,0.1944152517038025,0.10526793358352345,0.23957735501009178,0.10025653597864917
0.08799133149771883,0.14211669419833667,0.1969601928585139,0.23000618880902157,0.08642986846512102,0.27710620241934675,0.16968353977607348,0.23677420053043716
0.13506670294536952,0.14631392253247943,0.5130523578759627,0.036264415788926724,0.17346416859305172,0.3672919846089769,0.3262401891886472,0.09673924182039738
0.09845952094462326,0.14179830566024892,0.2712269428435408,0.18880291059040477,0.1396363641318945,0.325112634965281,0.1826360174120628,0.16381207290035693
0.16065122274011448,0.144089757551775,0.6985314185426956,0.10750659842100072,0.2120433150084009,0.10135028998885513,0.49900467670067444,0.08009511988106882
0.06913965575539747,0.14217342879241543,0.0642852594400189,0.35307444801180327,0.16564340481519446,0.14607920468154997,0.08942591632450535,0.24577702616694702
0.10389017175094935,0.1383924068353188,0.3171429181311719,0.2205940448420272,0.15045828551924192,0.01792575821487191,0.29556468143120934,0.3154572299926497
0.10626243213372104,0.1409877054798901,0.32813096699640754,0.22755945574198685,0.3239681071931627,0.23772480147744035,0.1699289574672413,0.040818678120168705
0.09543654243062907,0.13723791731092405,0.25821247600504316,0.1655800782341238,0.2971229267844714,0.006183447044008991,0.21134017887584491,0.31977336906155085
0.10026061533128375,0.15404005107801763,0.2613645934906416,0.13427712145858248,0.11311024809040741,0.47666905981854346,0.15744592707772698,0.11849764355473971
0.10981867309769115,0.14118926056481396,0.35285030106678356,0.141622195371103,0.1470597287662872,0.32750167189727086,0.23171379100404263,0.15210261296129635
0.07092617858165709,0.14171920232218585,0.07709737567402764,0.19279371924149472,0.3441666310836082,0.04084500407025005,0.07493852903482648,0.34725611656982064
0.09765319048036968,0.15466407539903787,0.24345143100117683,0.5469169753873475,0.10121410354115683,0.08290025636156734,0.24056474498427116,0.0284039197256571
0.07733231731877653,0.14953743466564243,0.11590621009067496,0.29323127290850237,0.03469863263361292,0.02598260748401792,0.2172411292494801,0.4288463577243867
0.10417115257431311,0.14457909619883186,0.3055154841580065,0.15875201708568282,0.132597567616082,0.3712023198054675,0.19787242195804863,0.13957567353471906
0.1072989962904695,0.14027868112925795,0.3371787923133271,0.21404679851916059,0.10814898669157683,0.28414314639739785,0.24344403615361884,0.15021703223824587
0.08451053713546738,0.15227917095208854,0.16095791027900405,0.1346203419820491,0.26098829161633746,0.4265546692008464,0.04891516648668551,0.12892153071408158
0.11680397753496695,0.1435514949111178,0.3957045349485078,0.41044512208462425,0.2351191075028349,0.02748088163795817,0.30018710316375713,0.02676778561082551
0.1171214751938544,0.13943404815476168,0.4096666198090563,0.2496123979527338,0.25335840186498443,0.21995270432295227,0.24735919251769295,0.029717303341636688
0.11821435240889806,0.14059365357996645,0.4140610257047419,0.27440224431065047,0.05160784996480016,0.12818337338583344,0.35594157347145455,0.18986495886726143
0.05020646753692958,0.1560179505399319,-0.06277183124876273,0.4345019444143381,0.03993790122645327,0.21448584015977756,0.028026864469566155,0.28304744972986495
0.16368708322332326,0.14850302468138202,0.6982152952492867,0.05520930794269812,0.12301237304612704,0.1815574478134677,0.5252090558398762,0.11501181535783088
0.067442695742029,0.14999713319973373,0.0496189199304125,0.3544963252802386,0.05522996846579604,0.014757328916735505,0.1654108757149346,0.41010550162229514
0.08577914859471969,0.1535437936345793,0.1678944357469231,0.05537404610029502,0.05104629408319395,0.3769647380821255,0.1566549487022771,0.3599599730321084
0.09505174619794897,0.13904103625590067,0.25209641082822004,0.09320167632331448,0.21438605429849555,0.12362076121378451,0.21040479232186488,0.35838671584254056
0.08614244706707211,0.14751792100680547,0.17721539788963048,0.2811585919764963,0.19030435494311193,0.34254109631117907,0.09732834559041387,0.08866761117879889
0.10976857060988274,0.13484581773251578,0.3690775987476688,0.271132985748553,0.27444177773534256,0.02055784993434867,0.2684699695462872,0.16539741703546845
0.06239883935301353,0.1445133887689026,0.016599426346922217,0.2722157169796776,0.29430900091640744,0.20109231516711218,0.0006209659701432843,0.23176200096665958
0.12443527647980025,0.14006101264125284,0.46005148231251486,0.2746824624401568,0.09132467125546777,0.17042769157383375,0.35421925232408064,0.10934592240646088
0.1278538088527706,0.1419465835402062,0.4780235435081893,0.08746696440023607,0.08264646993159702,0.21902711458199123,0.3722777696049414,0.23858168148123435
0.12258344358556711,0.13922570120670835,0.4495107084621502,0.1305690146311941,0.2748798925390186,0.26897073666297144,0.2569534650696762,0.06862689109713964
0.08409092365729656,0.14116734589317845,0.17065507256562154,0.2429099071112606,0.16466541790512865,0.007116973717802139,0.2066199201885326,0.3786877810772761
0.13579247522861018,0.14101631544414137,0.5374730930239962,0.154869577263159,0.4275631123222299,0.04260124656067662,0.3243391448391206,0.05062691901481398
0.11511624000963926,0.1361374291451271,0.4048573588890347,0.09674652157727136,0.20187355167777005,0.20963206340699214,0.2741476296497868,0.21760023368817955
0.09206761669325395,0.1429768931270359,0.22428530926855195,0.25312085574792514,0.3890328059914454,0.1928040456043585,0.09605467360097675,0.06898761905529426
0.09112752522901485,0.14792488379416538,0.21042791740386427,0.28767117586015056,0.5126029821892406,0.03059674913759366,0.0928136023386745,0.07631549047434069
0.09406352048791612,0.13944727225205134,0.24427527292427934,0.24920647241531216,0.10341465528493907,0.07079524100378065,0.25240881911440627,0.32417481218156186
0.14011498764272826,0.1377603633409027,0.5815532545052541,0.14564549599441326,0.25353499950985436,0.043026245049221805,0.41006878036059446,0.14772447908591618
0.06670487482996994,0.14613966710208529,0.04587991038248552,0.3005930520700382,0.294892231956506,0.2346943172973416,0.006047112809321671,0.1637732858667925
0.12515753639143415,0.13866629090672009,0.46988735305010215,0.025903272076750732,0.2670193418295588,0.23554820189901474,0.29004877444905547,0.1814804097456203
0.09260035568998014,0.13509285926604206,0.24131812641391628,0.2062540118937137,0.20499045323163845,0.15264396563073687,0.1851287655553195,0.2509828036885915
0.10489265140020122,0.1374216052506628,0.32667826371490233,0.24762644519643282,0.15816185092866408,0.22749892083777856,0.22900227268104575,0.1377105103560787
0.07699650595603602,0.14226888339145546,0.11946748685213071,0.1836354503508631,0.33801064103261086,0.23564328132631512,0.04304096980435168,0.19966965748585927
0.09977313404847664,0.14367695097668007,0.2768233441627818,0.3078418028647657,0.015023036012797326,0.21574208746726659,0.26049723919106704,0.20089583446410345
0.06200191661979916,0.14332618714075893,0.013967556520798985,0.20640218482303369,0.25632510915816786,0.1555376114737827,0.03309753529427937,0.34863755925073636
0.06132450055204174,0.14538197818117957,0.009110486517050353,0.16397264123223715,0.25238361400543413,0.2015272275693067,0.020737617508216715,0.36137889968480535
0.10287671083308754,0.14471144292986735,0.2962910877328977,0.2530041341289345,0.047596986548660965,0.31337483689142004,0.235243326700004,0.15078071573098048
0.05794572165276313,0.15259546530653292,-0.013462250291057128,0.32227670688658944,0.05626501660424984,0.29541449407176396,0.038829588496669544,0.28721419394072717
0.07679202714952865,0.14003951924875727,0.11990920305646272,0.1679839045782963,0.2657730907487664,0.22037079791985537,0.07584786003124137,0.27002434672184056
0.10444612961087277,0.13592245193877306,0.3269962318726692,0.18271601374260324,0.19327807913554879,0.05386131227554399,0.273407723744169,0.296736871102135
0.11149379197467015,0.1337807600954953,0.38491179103716316,0.23010033281541886,0.27931621186864364,0.08975502942384599,0.25567251342083736,0.14515591247125414
0.11413940277886662,0.15032525425532736,0.36014841981847495,0.08951081131063217,0.36521416391615785,0.37357982789645366,0.15668182198124253,0.015013374895513805
0.08774817770893797,0.13652339210653586,0.20324852232857443,0.1477495403420866,0.2955604654183135,0.12388132417106515,0.14344873077656983,0.289359939291965
0.10709599316578444,0.134196349223488,0.3509483934421472,0.2640073715542686,0.2097824181876552,0.08776992080222751,0.2612122951785366,0.17722799427731212
0.08505798673756368,0.13764036930667506,0.18205405044890752,0.2330716543258601,0.23964779284841725,0.21019424155930627,0.11923127786073132,0.19785503340568505
0.08399802755782083,0.1398714623908838,0.17157200723873264,0.18245751103133498,0.18250277721695216,0.2632801122331443,0.12401176814070737,0.2477478313778612
0.10791219504772559,0.13353670076033733,0.35879420994319133,0.1585080808724519,0.26373018773672835,0.10564199339815934,0.24710622537917193,0.22501351261348854
0.1385141957996423,0.13979222340755304,0.5616492383180748,0.26198318545330745,0.26890605145428564,0.03477826820876383,0.3903980120664204,0.04393448281722276
0.09131707443603225,0.1387125433889741,0.2257695927917184,0.19816874113807492,0.1161325404517808,0.15123968005983635,0.21468758548944095,0.319771452860867
0.09040418437384813,0.14575129228125425,0.20860318902131997,0.19155711921816557,0.4135057315831052,0.24817642183280827,0.06721473013957441,0.07954599722634678
0.06415606501061469,0.15252422546155253,0.027248556732794738,0.391683901240283,0.02756556411242819,0.2627275005583682,0.08106988480973869,0.23695314927918176
0.07929869793980444,0.1399586927641149,0.13788852666929588,0.37653140395810264,0.2303686658560567,0.08206833676843336,0.12649101167832272,0.1845405817390846
0.08117798364304904,0.14980596411314923,0.14136942923749818,0.04030439213208385,0.3385706228926945,0.35201068943779956,0.03601140057378302,0.23310289496363912
0.09300232618193738,0.13895113635072737,0.2375103007336048,0.2002008439714719,0.16142717179293134,0.26970961968632545,0.16729678078229554,0.20136558376697586
0.09675058870681433,0.14428261821732952,0.2547125160388882,0.3337737489134086,0.06784482723983311,0.2591073749755783,0.21159768814768629,0.12767636072349356
0.09466944201390168,0.1354055315093767,0.2560415488749871,0.2255191246963108,0.17085580085785718,0.14797116915802805,0.20696223624609048,0.24869166904171372
0.062283401465705546,0.14959401913914291,0.015263989020721958,0.32338360107305797,0.20924038125576308,0.2907254291476615,0.0003629051022708365,0.1762876834212467
0.12876425434468786,0.14408761833511033,0.47723916280412165,0.10732860140623982,0.047098346753419805,0.2659974715635018,0.37343004780318156,0.206145532473657
0.08484033757758519,0.13848415910112089,0.1793731336408435,0.29523237924155876,0.21575790660633287,0.19256896825471778,0.12787972828890987,0.16856101760848072
0.0667208908735973,0.14300439259953673,0.04699779322456331,0.18759311481813698,0.34654597122784664,0.06221997072401294,0.049680280191377636,0.3539606630386259
0.0829396609519274,0.13825698309011444,0.1659204507375629,0.23449289057821004,0.18465901633988407,0.06543455776956092,0.17642920757457028,0.33898432773777487
0.10976607580579191,0.1381607711892816,0.36020409684607146,0.34703311095452005,0.2740686968225626,0.023371192079908655,0.26152072480801775,0.0940062753349908
0.10689159518473001,0.1426490303808818,0.328720041485922,0.12375813108112241,0.07689391455931968,0.30453832917789214,0.25462163366034785,0.2401879915213179
0.09776209798043775,0.1382445854074511,0.27315426401070786,0.2550256432900508,0.09039741660614964,0.16976104432604994,0.2417702992100363,0.24304559656771318
0.08354147336246166,0.1421511994531115,0.1656086860542236,0.2675492362872327,0.09700608236896059,0.2602795431046275,0.14872860335869717,0.22643653488048202
0.1090648213151179,0.13428414208366,0.3653806067774567,0.16073783019316432,0.334586473740751,0.0632421139938428,0.238082596558718,0.2033509855135238
0.09156466351034911,0.1664141486066449,0.18967535978541636,0.12500077301100224,0.04776699633610368,0.5783191360438991,0.11394326294455971,0.13496983166443538
0.09378340268310416,0.13594665492411978,0.2485048470075322,0.31857925751439653,0.23354092069261942,0.0815587906247826,0.19241363020444674,0.17390740096375468
0.07481445782786063,0.14215640304930197,0.10421238516229729,0.25926030184336296,0.22390752259142746,0.2553452884064551,0.06493427791066413,0.19655260924809045
0.06152905309087339,0.1700170460370043,0.00899352815799773,0.028201722957380545,0.048315173294680616,0.5000562236949117,0.017114171924334103,0.4063127081286931
0.09157060913771489,0.13976205418104323,0.22588827362840097,0.28892596692081196,0.13062159495938183,0.015415859084032577,0.24541624628369474,0.31962033275207885
0.05444632284904671,0.14527579731706447,-0.038228509177150705,0.3207822751830764,0.25873260525809194,0.10288917296956342,0.006877334648274192,0.3107186119409942
0.10011216570178424,0.13662583168947898,0.29359137438189975,0.08134366192759053,0.3021566471266252,0.16420548484967581,0.18683528505595298,0.2654589210401554
0.10225652188341809,0.13652409102821814,0.30951696191615075,0.1816982837977107,0.14981263538135256,0.21876411910768442,0.2289901605989118,0.22073480111434055
0.07501109110616638,0.14660112369038883,0.10239410673187434,0.32089646667341293,0.27473714939492805,0.25826777457199196,0.04039542102321725,0.10570318833644977
0.06435671373505482,0.1638998046596698,0.02658156758698603,0.0034885786362992303,0.08427325952281149,0.2693787546448838,0.08987063850068577,0.5529887686953197
0.10007434944100138,0.14290248008331852,0.2804314481990533,0.29315818182538406,0.026056397135943685,0.09056865587796102,0.2980239136981113,0.2921928514625999
0.09259799860506787,0.14309065902060808,0.22781360312536594,0.26411189704034854,0.27866526882478493,0.27272133734989124,0.11457217031996222,0.06992932646501303
0.08644274669433803,0.14120645400809326,0.18726301768630538,0.23759974929554284,0.0937581867760677,0.2526344263533019,0.16728086156948474,0.24872677600560272
0.13784745976765378,0.1387784646079082,0.5609476944971021,0.10786515805715816,0.1986315448077522,0.22052538121773757,0.3687420079128757,0.10423590800447644
0.10053819162148435,0.13547106063346456,0.29923875573076053,0.2423679424177296,0.20825712451233155,0.18911872764580126,0.20360256496620593,0.15665364045793168
0.1294644486543478,0.14819484895080495,0.4687372681719009,0.10904899319204418,0.08466172845448866,0.38706021505417487,0.3239745918853508,0.09525447141394149
0.10805773343170694,0.13535756499905663,0.35504283363875433,0.30230602374861515,0.21996009832862373,0.07797582649996795,0.2613970770171301,0.13836097440566325
0.07697905339320826,0.15018864713990143,0.11305151032748965,0.06006585247136139,0.2914281626666973,0.36828610102066234,0.029274239342679597,0.25094564449859946
0.08301053455194299,0.14389650202984117,0.15991031211565573,0.350139568775707,0.04165141911444788,0.1707641973641927,0.1889350216928281,0.2485097930528243
0.06568172450192487,0.14704487986010195,0.03863939028227607,0.4492678565472848,0.24577431066340946,0.08225398719704417,0.05608845075079199,0.16661539484146953
0.0834071374949843,0.13884830600138182,0.16858064868829836,0.34973063187394965,0.15972467943924956,0.07007508443114134,0.1771040840810628,0.24336552017459664
0.0666257885542481,0.15194733515132725,0.04360582268619157,0.017042149697744213,0.36155689362883453,0.22760020222148508,0.00560264977920175,0.3881981046727343
0.0999492592811639,0.13494858689925956,0.2960331797396768,0.2740036540493797,0.24186888047352384,0.1315156585752224,0.20370042652656398,0.14891138037531002
0.09813373875527838,0.13522105116134345,0.28201037063214257,0.2598424339419307,0.2164347599619604,0.03033717042486379,0.2385067265640088,0.25487890910723626
0.07530928569151639,0.14331785446642148,0.1068205057109843,0.1169800463586305,0.27636595254717317,0.26602448938182566,0.05527614661530525,0.2853533650970653
0.10284335397817734,0.13867788859545074,0.30894149321208225,0.15292492458870674,0.25104626237944644,0.28238495185390966,0.17520780138467779,0.13843605979325938
0.06988908456060734,0.1443699801413802,0.06849820545048947,0.34882828116377207,0.08796562092952821,0.09791719537969097,0.13779365774726127,0.32749524477974756
0.06559688751019054,0.14803748959541202,0.03780723062439716,0.2887184246756155,0.06768044121135855,0.26567782923602357,0.07940869581154782,0.2985146090654546
0.0663370673035632,0.16263806111824233,0.0389642329722314,0.6135554743298169,0.0072780104755220685,0.03505241521293509,0.151470950532711,0.19264314944901487
0.09321327377054751,0.14298232058076987,0.2322893742082297,0.23344971450969612,0.06774796081231411,0.29473710046070933,0.1934555481152953,0.21060967610198528
0.1088679242283692,0.136893894487279,0.35697665269439977,0.0605176314540771,0.24802743102507593,0.18554403646795947,0.24016443368216545,0.26574646737072216
0.1257606610463148,0.14785244621052368,0.444772222115823,0.05075329577848021,0.03901689065970781,0.3245405757874776,0.3498759168381085,0.23581332093622592
0.08585287048016829,0.13671640538767846,0.18909852410805322,0.17846501751021726,0.318227828197795,0.14904443286418448,0.11623891544925549,0.23802380597854772
0.10708516374164583,0.1412424846372231,0.3333640289788345,0.06287418321403927,0.14069826857695886,0.2782548583769946,0.24427388540990472,0.2738988044221026
0.09972715284170441,0.1385817826047787,0.2866693738166311,0.20981339739831803,0.09230909643946704,0.21130081599000394,0.24015022863831917,0.2464264615338919
0.049901385581315155,0.1541674184219742,-0.0655042065441075,0.3337490160013213,0.10325472967759865,0.019408090685204393,0.07190879077614876,0.471679372859727
0.12670339169043976,0.1401238203469367,0.4760317805016082,0.18730475765659885,0.3465571281249363,0.18849941813388643,0.26785355545644374,0.009785140628134664
0.07370363577777958,0.14515850093294014,0.09440463830713121,0.11091119350075093,0.19365320324901455,0.2799273933240547,0.07613560938403012,0.33937260054214974
0.12496664846855468,0.1360621659221757,0.4774776884392245,0.16174960219829962,0.36283787611680485,0.04348588569876205,0.3017259541324115,0.13020068185372202
0.12867518385674592,0.14346355118196977,0.47869429754766096,0.28226746288428034,0.14272319277255463,0.23612085186136106,0.33156846450560834,0.00732002797619575
0.09932730168962385,0.14411792402060863,0.2728827934268614,0.005018488364735017,0.34772988697393914,0.29180350127109234,0.13226087137719034,0.223187252013043
0.13940405910737794,0.14543546198244434,0.5459745376059856,0.021259198139871625,0.09755989793166712,0.21519755098327692,0.4228170758397207,0.24316627710546368
0.09861572338016411,0.13414453898080672,0.28786653317053196,0.17601602661929097,0.26228599121393825,0.0927021726239769,0.21033798955975752,0.25865781998303633
0.1385643968420254,0.1466991338757165,0.5355477893181371,0.07380316302773189,0.12984786493758949,0.35689776138434726,0.3581392744008441,0.08131193624948732
0.10370107865527153,0.1424533917270263,0.3067745746553576,0.037019009412283505,0.15093871709986886,0.22158863995657468,0.24569771055372658,0.3447559229775463
0.07502760809192321,0.1612962414693157,0.09316775118273295,0.4060614194076771,0.1491285947737495,0.38370746845613724,0.04219907375338459,0.01890344360905139
0.13664445677596923,0.14494649048047234,0.5287775959383785,0.24065657860075956,0.02848575290311008,0.1873944159438303,0.4281670782615534,0.11529617429074661
0.08704348514070302,0.14087840074416713,0.19196331728533425,0.2887656438957155,0.12367667603020902,0.018373673903373623,0.22770344232163964,0.34148056384906234
0.12347745195502617,0.14105974725023604,0.4500040103036549,0.1406935570617853,0.2121024575842245,0.3092485438293306,0.2713394168436,0.06661602468105957
0.10383008820331356,0.14296614837132227,0.30657668757694173,0.28166802173491023,0.19276016841411575,0.2865006690889525,0.18992672944925823,0.0491444113127632
0.10476330083878693,0.13603914264810993,0.32904721367272494,0.16993429721580622,0.1467433898839248,0.15443271967229213,0.2620691263308704,0.2668204668971065
0.08797169265898229,0.1387550504854524,0.20159044705846546,0.15669292759598458,0.15745125742127883,0.17799238836420644,0.17951334952563494,0.3283500770928952
0.09759645059639273,0.13798889179345436,0.2724599792617231,0.2382780341423825,0.10180452682446532,0.19503149353126709,0.2301408911924591,0.23474505430942585
0.08537112639736644,0.14171176529658117,0.17903330993209018,0.37469489070720413,0.11379128256569404,0.02150722839125616,0.21629585897474377,0.27371073936110196
0.15227246765299537,0.14311454354896083,0.6447455678844275,0.027001817084377967,0.35605322777029613,0.15032489832798915,0.3991594179269728,0.06746063889036397
0.18085584671339489,0.15314408472877755,0.7891643149484615,0.03396905432809419,0.28776384201454025,0.11284007336200169,0.559279722548659,0.006147307746704961
0.08227323174923395,0.1442667839490424,0.15438918883158342,0.19465121501645483,0.43718850701997974,0.18134731700249215,0.04392382548310298,0.14288913547797027
0.10528760619421144,0.1405003925877856,0.32233081602185165,0.17420961111267097,0.06476813305157711,0.16320850773266027,0.2925622129545708,0.3052515351485208
0.1367874908231934,0.14372208794299826,0.5342775903286915,0.034177636561283156,0.11163650979433676,0.1909993073467965,0.41272443404961046,0.2504621122479732
0.1131382901155425,0.13993215970113995,0.3797432286404539,0.35186860143028165,0.29877026570614856,0.041878681228710926,0.2603691022802053,0.04711334935465337
0.1151841866685448,0.1404039444845608,0.39303872032322423,0.14279963007131943,0.099593365529791,0.09690088590552641,0.3451323222403426,0.3155737962530205
0.09642107569896438,0.15371351802396643,0.2369412668916064,0.09748601039665307,0.5483668088019301,0.2336170631009022,0.0537578869280054,0.06677223077250911
0.11848578239350639,0.13445161236734396,0.4349950243342088,0.16549859962312707,0.2775070383266485,0.16211359044568308,0.2689959348284114,0.12588483677612997
0.08226901557793205,0.14042468136121405,0.1585833441960927,0.15213793880723792,0.17453628948109687,0.24344852008312848,0.12832276474132476,0.3015544868872121
0.1333546424325671,0.14109801974427558,0.5198842802011977,0.015716135089301093,0.236033696877045,0.2742635639470369,0.3258111163677593,0.14817548771885772
0.10668663492207145,0.1367831492601699,0.3413186139856352,0.13744014381049877,0.15578493167166915,0.2208501278723436,0.24870410594602596,0.23722069069946253
0.0985915937885292,0.14669173372299246,0.263079539719697,0.12915132620353884,0.37788865593308646,0.32087730871182873,0.09831390421887828,0.07376880493266758
0.10536649650699267,0.13961589387561385,0.324937908196974,0.09671793085499636,0.13932132979457412,0.26204454409029965,0.23973405452643617,0.2621821407336938
0.06978273082834191,0.14243477731694165,0.06868217869694611,0.14004776401064137,0.30561037999982477,0.14586269545894,0.05614285873407731,0.35233630179651654
0.13993647160275471,0.14184925038451465,0.5635311528687584,0.05937295735031467,0.27722985741565204,0.2690364745274203,0.33641727380489883,0.05794343690171409
0.10042985721335289,0.13552263432894374,0.29832549679650255,0.19355815175181085,0.24687047632190132,0.2102493646126763,0.18573457953675,0.16358742777686158
0.09878597325689024,0.13631817940505966,0.28452531735800635,0.1276487031113984,0.22107987770863635,0.21916653614224646,0.19111777005154132,0.2409871129861775
0.08469968758289473,0.14531680528080565,0.1699713087909263,0.2523185316418902,0.06817461714687328,0.31433711971173817,0.14902133551803007,0.21614839598146826
0.14094690389061504,0.15579992426272896,0.5195567602081271,0.009886240350577662,0.21730580707576974,0.4591470706961162,0.3080972356375947,0.00556364623994168
0.07985351279574797,0.1420904415202113,0.1397244781797934,0.18242691703651198,0.1131623387491226,0.18541926069901132,0.1571306088120192,0.36186087470333494
0.14411463825183682,0.1451797377351063,0.5793827676236174,0.015179638063794148,0.2519985248505135,0.313723241685325,0.3536146104410231,0.06548398495934438
0.055289280218888875,0.15446449380709643,-0.03049710431831747,0.26077171055347065,0.021394364585538558,0.24500614538120885,0.061576557357096884,0.4112512221226851
0.12864896544702303,0.13910658224259229,0.49349904469152994,0.04103592653417669,0.18497640261471163,0.18779010727297063,0.3501587559297993,0.23603880764834162
0.11711875787575968,0.14119240421925622,0.40454554330741865,0.1367958729531549,0.11443968270528329,0.06094985889001758,0.3595330277495005,0.32828155770204365
0.08917343711572087,0.14573033357971324,0.20018781539234765,0.20199135738739823,0.013526358242327053,0.2526489866202691,0.2125932211470334,0.31924007660297227
0.06548109421920745,0.14336880653497977,0.0382307306008727,0.27042192080553146,0.13997779342048078,0.17570018107983892,0.08097923846794772,0.3329208662262011
0.04578975302322631,0.15388763781708542,-0.09234170579487568,0.34424910655000046,0.09759993576473754,0.07709218324833923,0.03745664567336288,0.4436021287635597
0.0926665810670719,0.1393964260245751,0.23434303158757383,0.11739121114130333,0.17334621386031887,0.14128282260732972,0.2083319505084185,0.35964780188262957
0.06989646677522793,0.14600542772167047,0.06778149915148034,0.2833328201329287,0.059426232630214924,0.2233909034138151,0.11474032508768162,0.3191097187353596
0.09392809366030222,0.16519588824055864,0.2053809814618149,0.2939289510061055,0.00707287555299894,0.5070317908810676,0.14821475341811358,0.04375162914171437
0.10299834488181875,0.13396003389835365,0.32097890415916946,0.22478750676764658,0.2357296167316568,0.1483086720574983,0.21790364048323924,0.17327056395995913
0.08404255771402747,0.14344928158394427,0.16760319360650225,0.2667896873950852,0.25276942914573064,0.28204880065303395,0.08456542502225704,0.11382665778389321
0.10299216674959806,0.1445559119340206,0.29740856789877196,0.20085957400388996,0.20367406230138038,0.3535478065993102,0.16772889722047948,0.07418965987493996
0.09478386746632897,0.1442429245739073,0.24114782454030448,0.10579889649264235,0.09034450087972358,0.30783021056051674,0.19788527293385616,0.29814111913326113
0.09854207524474623,0.13785902235474498,0.2795760087835822,0.10886880886582248,0.2327243514141302,0.2572552172502218,0.17520785157829508,0.22594377089153056
0.11503597829864792,0.1352815868546158,0.4068253454019127,0.13060724667018836,0.24032340964556453,0.21382970614735103,0.2550206433337918,0.16021899420310423
0.07437554125137472,0.13909493172738008,0.10335057555907316,0.27534239350757395,0.19182920949727914,0.09156331180023648,0.1253571521909989,0.31590793300391157
0.09079332141363541,0.14313004281537386,0.21514226369202097,0.02441888188940461,0.2581556313697771,0.16257332303293567,0.16877472699426255,0.38607743671362005
0.0928953391697785,0.13664143440830373,0.2407420509907897,0.3272185896236211,0.22950014357005236,0.10459332408196972,0.18221372460685564,0.15647421811750115
0.08030296524387584,0.1462605261651498,0.13881370302846296,0.18021905327178273,0.05238397968385515,0.2767943441779201,0.15382629351057148,0.33677632935587054
0.137472074847335,0.13988989980058528,0.5538074940204574,0.1386109804846768,0.18722825073585136,0.02273694648175734,0.4309993067039219,0.2204245155937927
0.11655879255636326,0.14234180668583693,0.39734491133159744,0.008331128404500406,0.18603587815066958,0.2991646314593406,0.26554743784168106,0.24092092414380828
0.09886447276576853,0.1404374673876312,0.2767386331348172,0.04604817903661487,0.21717039962069942,0.2530149664631968,0.18900025685531,0.29476619802417897
0.13321272168366605,0.15307621153415069,0.47827628440708164,0.1374264217657364,0.12013829326219459,0.4314305666915139,0.3102866905741708,0.0007180277063842752
0.07255496561234076,0.15259107649345247,0.08227850475174729,0.23189396707761245,0.5633359790074143,0.017940148569448432,0.002132846162057585,0.18469705918346743
0.09827739156301064,0.13720834317412764,0.2789727700044725,0.2838963977401592,0.2800068136323835,0.16113199314479767,0.17184020618587917,0.10312458929678045
0.10294355677345321,0.13694479295407383,0.3135829836761656,0.10657460795647611,0.3564582725773727,0.04647775591611681,0.21309720326907347,0.27739216028096086
0.13702748425511696,0.14060041675523388,0.5478467705341962,0.04760036227257904,0.23855533096382395,0.26514415060357654,0.3408852477132823,0.10781490844673815
0.07479102450071369,0.14702741438329625,0.10060045307029555,0.09619275594181097,0.1867666960894143,0.3224029037657914,0.07132392434842674,0.32331371985455665
0.09846949995630423,0.14540024738663562,0.264576578429124,0.3592870472284164,0.41548777208688736,0.04508613876977196,0.15109989546363353,0.029039146451290753
0.13115647912664302,0.14503950958518524,0.4906006599867265,0.18333938099723832,0.48421610522565345,0.0519468554992052,0.2775021173532818,0.002995540924621265
0.07162189693640225,0.144525114636773,0.08041437618375828,0.33186284675673555,0.09182335644551975,0.06034142035945889,0.15693333420360012,0.3590390422346857
0.14661166435844014,0.150908755907516,0.5739339896985158,0.0559508659461675,0.12062019108607601,0.0044421537318550365,0.5082270107516914,0.31075977848421016
0.11462528924863016,0.1381393039830253,0.3954362565439202,0.32109665701569556,0.290536274951957,0.06439088853745008,0.2653609140510931,0.05861526544380429
0.09154600036945881,0.1503759901247663,0.20978083232093925,0.23846357710875765,0.3381472029663333,0.3321552374689641,0.07076793451336966,0.02046604794257529
0.06015890024677176,0.14367746808057452,0.0011059510506034795,0.3039763626395623,0.2764392085396812,0.031157534288452304,0.048521224001467425,0.33990567053083687
0.1019865480487428,0.13815797396177576,0.30390245922656073,0.28034186581507026,0.36309315058037517,0.09257656974482086,0.17780062582656564,0.08618778803316803
0.045725707449001785,0.15496644473353902,-0.09211215095979332,0.3818677420356148,0.07076583988615455,0.07801870947496586,0.04407781096146272,0.425269897641802
0.11042279854436836,0.137844344319536,0.3657951930728738,0.15472859446511741,0.1934547417311391,0.27537050478959463,0.2318484998374002,0.14459765917674852
0.1324400125785514,0.14522073792034038,0.49882691422686315,0.3832358705237471,0.17763259040883433,0.043780026896504516,0.386466797254419,0.008884714916495048
0.11093904558039942,0.13844086534128727,0.3679480437717826,0.25441788300590734,0.14301104029171827,0.2329814558634131,0.2585030306043259,0.11108659023463546
0.09982487869301827,0.1363122558878187,0.29215919312342004,0.24958949498822558,0.3388739230217536,0.11945229378508401,0.17185531159046563,0.12022897661447117
0.08510084219262974,0.1510949499587985,0.16612628151685016,0.3084384355079076,0.2725120248495491,0.32747215829382686,0.06391968913915559,0.027657692209560793
0.14763494413428646,0.14673470693800442,0.597233919384269,0.055744173010012874,0.07518487490000038,0.24891422269254537,0.45335149897997973,0.16680523041746162
0.05977440843316472,0.15440994640102154,-0.0014609911608245002,0.31768045030212655,0.012660971367688102,0.3071952409541824,0.0600397969445383,0.30242354043146463
0.10153389884547329,0.1435158129707275,0.2894029444263737,0.028129164352797137,0.4743702606776608,0.10045430437035921,0.15144020507810835,0.24560606552107456
0.09944641968158581,0.1392719076705883,0.2832331397002626,0.11361517698286819,0.19920448839773425,0.2909032902030178,0.18097051271870995,0.21530653169766992
0.13767106383075126,0.138746528918407,0.5598054555759551,0.036013691507711,0.2569147075509092,0.18572534939241034,0.36248169819731374,0.1588645533516557
0.09183362468922374,0.14015407409539266,0.22713306691004154,0.3678359207472001,0.12351552704625061,0.14041644387762714,0.2036213067556257,0.1646108015732965
0.05698091505868,0.16302047311817133,-0.01851966739865554,0.12135926466578299,0.023742654722640515,0.39998181722127263,0.03073744359552744,0.4241788197947764
0.11133347275168064,0.14718693957258724,0.34876377551396015,0.07180084502809513,0.037347733139044235,0.32219417728604566,0.2875354354875206,0.2811218090592943
0.1016493825979287,0.14048118732852377,0.29647658444492714,0.24326335137578148,0.12154887038502522,0.280713746314181,0.21273303237964508,0.1417409995453672
0.09868991006127203,0.13440295480578485,0.28786502586330626,0.22243422672290125,0.19584990768694455,0.10593144753339954,0.22811742826864378,0.24766698978811078
0.08982389273717213,0.1611397293544399,0.18508094097373132,0.28174358513647535,0.11280551164069287,0.4806011873807442,0.09943755223425048,0.025412163607837292
0.09656722246847516,0.13905992995452818,0.2629601674647214,0.0918140260728043,0.20381176992048122,0.2588484695270744,0.17866895298772756,0.26685678149191244
